2026-04-17 18:05:49,940:WARNING:
'cuml' is a soft dependency and not included in the pycaret installation. Please run: `pip install cuml` to install.
2026-04-17 18:05:49,940:WARNING:
'cuml' is a soft dependency and not included in the pycaret installation. Please run: `pip install cuml` to install.
2026-04-17 18:05:49,940:WARNING:
'cuml' is a soft dependency and not included in the pycaret installation. Please run: `pip install cuml` to install.
2026-04-17 18:05:49,940:WARNING:
'cuml' is a soft dependency and not included in the pycaret installation. Please run: `pip install cuml` to install.
2026-04-17 18:08:45,898:WARNING:
'cuml' is a soft dependency and not included in the pycaret installation. Please run: `pip install cuml` to install.
2026-04-17 18:08:45,899:WARNING:
'cuml' is a soft dependency and not included in the pycaret installation. Please run: `pip install cuml` to install.
2026-04-17 18:08:45,899:WARNING:
'cuml' is a soft dependency and not included in the pycaret installation. Please run: `pip install cuml` to install.
2026-04-17 18:08:45,900:WARNING:
'cuml' is a soft dependency and not included in the pycaret installation. Please run: `pip install cuml` to install.
2026-04-17 18:19:03,181:WARNING:
'cuml' is a soft dependency and not included in the pycaret installation. Please run: `pip install cuml` to install.
2026-04-17 18:19:03,182:WARNING:
'cuml' is a soft dependency and not included in the pycaret installation. Please run: `pip install cuml` to install.
2026-04-17 18:19:03,182:WARNING:
'cuml' is a soft dependency and not included in the pycaret installation. Please run: `pip install cuml` to install.
2026-04-17 18:19:03,182:WARNING:
'cuml' is a soft dependency and not included in the pycaret installation. Please run: `pip install cuml` to install.
2026-04-17 18:26:55,894:WARNING:
'cuml' is a soft dependency and not included in the pycaret installation. Please run: `pip install cuml` to install.
2026-04-17 18:26:55,894:WARNING:
'cuml' is a soft dependency and not included in the pycaret installation. Please run: `pip install cuml` to install.
2026-04-17 18:26:55,894:WARNING:
'cuml' is a soft dependency and not included in the pycaret installation. Please run: `pip install cuml` to install.
2026-04-17 18:26:55,894:WARNING:
'cuml' is a soft dependency and not included in the pycaret installation. Please run: `pip install cuml` to install.
2026-04-17 18:39:31,584:WARNING:
'cuml' is a soft dependency and not included in the pycaret installation. Please run: `pip install cuml` to install.
2026-04-17 18:39:31,584:WARNING:
'cuml' is a soft dependency and not included in the pycaret installation. Please run: `pip install cuml` to install.
2026-04-17 18:39:31,584:WARNING:
'cuml' is a soft dependency and not included in the pycaret installation. Please run: `pip install cuml` to install.
2026-04-17 18:39:31,584:WARNING:
'cuml' is a soft dependency and not included in the pycaret installation. Please run: `pip install cuml` to install.
[2026-04-17 18:39:56] [INFO    ] [data_module         ] Dosya yükleme başladı: countries.csv (22.0 KB)
[2026-04-17 18:39:56] [INFO    ] [data_module         ] Veri yüklendi: 188 satır × 21 sütun
[2026-04-17 18:40:03] [INFO    ] [data_module         ] Dosya yükleme başladı: countries.csv (22.0 KB)
[2026-04-17 18:40:04] [INFO    ] [data_module         ] Veri yüklendi: 188 satır × 21 sütun
[2026-04-17 18:40:04] [INFO    ] [data_module         ] Profil raporu oluşturuluyor (minimal mod)...
[2026-04-17 19:21:10] [INFO    ] [data_module         ] Dosya yükleme başladı: countries.csv (22.0 KB)
[2026-04-17 19:21:10] [INFO    ] [data_module         ] Veri yüklendi: 188 satır × 21 sütun
[2026-04-17 19:21:16] [INFO    ] [data_module         ] Dosya yükleme başladı: countries.csv (22.0 KB)
[2026-04-17 19:21:16] [INFO    ] [data_module         ] Veri yüklendi: 188 satır × 21 sütun
[2026-04-17 19:21:16] [INFO    ] [data_module         ] Profil raporu oluşturuluyor (minimal mod)...
[2026-04-17 19:21:27] [INFO    ] [data_module         ] Profil raporu tamamlandı.
[2026-04-17 19:21:36] [INFO    ] [data_module         ] Dosya yükleme başladı: countries.csv (22.0 KB)
[2026-04-17 19:21:36] [INFO    ] [data_module         ] Veri yüklendi: 188 satır × 21 sütun
[2026-04-17 19:21:37] [INFO    ] [data_module         ] Dosya yükleme başladı: countries.csv (22.0 KB)
[2026-04-17 19:21:37] [INFO    ] [data_module         ] Veri yüklendi: 188 satır × 21 sütun
[2026-04-17 19:22:03] [INFO    ] [data_module         ] Aykırı değer kırpma uygulandı: ['Total Biocapacity', 'Biocapacity Deficit or Reserve', 'Earths Required', 'Countries Required']
[2026-04-17 19:22:25] [INFO    ] [data_module         ] Aykırı değer kırpma uygulandı: ['Population (millions)', 'Cropland Footprint', 'Grazing Footprint', 'Forest Footprint', 'Carbon Footprint', 'Fish Footprint', 'Total Ecological Footprint', 'Cropland', 'Grazing Land', 'Forest Land', 'Fishing Water', 'Urban Land']
[2026-04-17 19:22:54] [INFO    ] [train_module        ] PyCaret setup başlıyor — görev: classification, hedef: Country, mod: standard
2026-04-17 19:22:54,135:INFO:PyCaret ClassificationExperiment
2026-04-17 19:22:54,135:INFO:Logging name: clf-default-name
2026-04-17 19:22:54,136:INFO:ML Usecase: MLUsecase.CLASSIFICATION
2026-04-17 19:22:54,136:INFO:version 3.3.2
2026-04-17 19:22:54,136:INFO:Initializing setup()
2026-04-17 19:22:54,136:INFO:self.USI: 1ad1
2026-04-17 19:22:54,136:INFO:self._variable_keys: {'gpu_n_jobs_param', 'USI', 'is_multiclass', 'X', 'memory', 'seed', 'data', 'logging_param', 'pipeline', 'gpu_param', 'exp_id', 'fold_groups_param', 'idx', 'html_param', 'exp_name_log', 'log_plots_param', '_ml_usecase', 'y_train', 'y_test', 'X_test', 'fix_imbalance', 'fold_shuffle_param', 'target_param', 'n_jobs_param', '_available_plots', 'y', 'X_train', 'fold_generator'}
2026-04-17 19:22:54,136:INFO:Checking environment
2026-04-17 19:22:54,136:INFO:python_version: 3.10.6
2026-04-17 19:22:54,136:INFO:python_build: ('tags/v3.10.6:9c7b4bd', 'Aug  1 2022 21:53:49')
2026-04-17 19:22:54,136:INFO:machine: AMD64
2026-04-17 19:22:54,170:INFO:platform: Windows-10-10.0.26200-SP0
2026-04-17 19:22:54,172:INFO:Memory: svmem(total=34082693120, available=23380193280, percent=31.4, used=10702499840, free=23380193280)
2026-04-17 19:22:54,172:INFO:Physical Core: 8
2026-04-17 19:22:54,172:INFO:Logical Core: 12
2026-04-17 19:22:54,172:INFO:Checking libraries
2026-04-17 19:22:54,172:INFO:System:
2026-04-17 19:22:54,172:INFO:    python: 3.10.6 (tags/v3.10.6:9c7b4bd, Aug  1 2022, 21:53:49) [MSC v.1932 64 bit (AMD64)]
2026-04-17 19:22:54,173:INFO:executable: C:\Users\ugrys\AppData\Local\Programs\Python\Python310\python.exe
2026-04-17 19:22:54,173:INFO:   machine: Windows-10-10.0.26200-SP0
2026-04-17 19:22:54,173:INFO:PyCaret required dependencies:
2026-04-17 19:22:54,306:INFO:                 pip: 22.2.1
2026-04-17 19:22:54,306:INFO:          setuptools: 69.5.1
2026-04-17 19:22:54,306:INFO:             pycaret: 3.3.0
2026-04-17 19:22:54,306:INFO:             IPython: 8.39.0
2026-04-17 19:22:54,306:INFO:          ipywidgets: 8.1.8
2026-04-17 19:22:54,306:INFO:                tqdm: 4.67.3
2026-04-17 19:22:54,306:INFO:               numpy: 1.25.2
2026-04-17 19:22:54,306:INFO:              pandas: 2.1.4
2026-04-17 19:22:54,307:INFO:              jinja2: 3.1.6
2026-04-17 19:22:54,307:INFO:               scipy: 1.11.4
2026-04-17 19:22:54,307:INFO:              joblib: 1.3.2
2026-04-17 19:22:54,307:INFO:             sklearn: 1.4.2
2026-04-17 19:22:54,307:INFO:                pyod: 3.2.1
2026-04-17 19:22:54,307:INFO:            imblearn: 0.14.1
2026-04-17 19:22:54,307:INFO:   category_encoders: 2.7.0
2026-04-17 19:22:54,307:INFO:            lightgbm: 4.6.0
2026-04-17 19:22:54,307:INFO:               numba: 0.58.1
2026-04-17 19:22:54,307:INFO:            requests: 2.33.1
2026-04-17 19:22:54,307:INFO:          matplotlib: 3.7.5
2026-04-17 19:22:54,307:INFO:          scikitplot: 0.3.7
2026-04-17 19:22:54,307:INFO:         yellowbrick: 1.5
2026-04-17 19:22:54,307:INFO:              plotly: 6.7.0
2026-04-17 19:22:54,307:INFO:    plotly-resampler: Not installed
2026-04-17 19:22:54,307:INFO:             kaleido: 1.2.0
2026-04-17 19:22:54,307:INFO:           schemdraw: 0.15
2026-04-17 19:22:54,307:INFO:         statsmodels: 0.14.6
2026-04-17 19:22:54,307:INFO:              sktime: 0.40.1
2026-04-17 19:22:54,307:INFO:               tbats: 1.1.3
2026-04-17 19:22:54,307:INFO:            pmdarima: 2.0.4
2026-04-17 19:22:54,307:INFO:              psutil: 5.9.5
2026-04-17 19:22:54,307:INFO:          markupsafe: 2.1.5
2026-04-17 19:22:54,307:INFO:             pickle5: Not installed
2026-04-17 19:22:54,307:INFO:         cloudpickle: 3.1.2
2026-04-17 19:22:54,307:INFO:         deprecation: 2.1.0
2026-04-17 19:22:54,307:INFO:              xxhash: 3.6.0
2026-04-17 19:22:54,307:INFO:           wurlitzer: Not installed
2026-04-17 19:22:54,307:INFO:PyCaret optional dependencies:
2026-04-17 19:22:56,215:INFO:                shap: Not installed
2026-04-17 19:22:56,215:INFO:           interpret: Not installed
2026-04-17 19:22:56,215:INFO:                umap: Not installed
2026-04-17 19:22:56,215:INFO:     ydata_profiling: 4.6.4
2026-04-17 19:22:56,215:INFO:  explainerdashboard: Not installed
2026-04-17 19:22:56,215:INFO:             autoviz: Not installed
2026-04-17 19:22:56,215:INFO:           fairlearn: Not installed
2026-04-17 19:22:56,215:INFO:          deepchecks: Not installed
2026-04-17 19:22:56,215:INFO:             xgboost: 3.2.0
2026-04-17 19:22:56,215:INFO:            catboost: Not installed
2026-04-17 19:22:56,215:INFO:              kmodes: Not installed
2026-04-17 19:22:56,215:INFO:             mlxtend: Not installed
2026-04-17 19:22:56,215:INFO:       statsforecast: Not installed
2026-04-17 19:22:56,215:INFO:        tune_sklearn: Not installed
2026-04-17 19:22:56,215:INFO:                 ray: Not installed
2026-04-17 19:22:56,215:INFO:            hyperopt: Not installed
2026-04-17 19:22:56,215:INFO:              optuna: Not installed
2026-04-17 19:22:56,215:INFO:               skopt: Not installed
2026-04-17 19:22:56,215:INFO:              mlflow: Not installed
2026-04-17 19:22:56,215:INFO:              gradio: Not installed
2026-04-17 19:22:56,215:INFO:             fastapi: Not installed
2026-04-17 19:22:56,215:INFO:             uvicorn: 0.44.0
2026-04-17 19:22:56,215:INFO:              m2cgen: Not installed
2026-04-17 19:22:56,215:INFO:           evidently: Not installed
2026-04-17 19:22:56,215:INFO:               fugue: Not installed
2026-04-17 19:22:56,215:INFO:           streamlit: 1.32.0
2026-04-17 19:22:56,215:INFO:             prophet: Not installed
2026-04-17 19:22:56,215:INFO:None
2026-04-17 19:22:56,215:INFO:Set up data.
2026-04-17 19:22:56,224:INFO:Set up folding strategy.
2026-04-17 19:22:56,224:INFO:Set up train/test split.
[2026-04-17 19:22:56] [ERROR   ] [app                 ] Eğitim pipeline hatası: The least populated class in y has only 1 member, which is too few. The minimum number of groups for any class cannot be less than 2.
Traceback (most recent call last):
  File "C:\Users\ugrys\Desktop\OutoLLM\automl_app\app.py", line 323, in <module>
    setup_obj, pc_module = run_setup(
  File "C:\Users\ugrys\Desktop\OutoLLM\automl_app\train_module.py", line 100, in run_setup
    setup_obj = pc_class.setup(
  File "C:\Users\ugrys\AppData\Roaming\Python\Python310\site-packages\pycaret\classification\functional.py", line 595, in setup
    return exp.setup(
  File "C:\Users\ugrys\AppData\Roaming\Python\Python310\site-packages\pycaret\classification\oop.py", line 758, in setup
    self._prepare_train_test(
  File "C:\Users\ugrys\AppData\Roaming\Python\Python310\site-packages\pycaret\internal\preprocess\preprocessor.py", line 236, in _prepare_train_test
    train, test = train_test_split(
  File "C:\Users\ugrys\AppData\Roaming\Python\Python310\site-packages\sklearn\utils\_param_validation.py", line 213, in wrapper
    return func(*args, **kwargs)
  File "C:\Users\ugrys\AppData\Roaming\Python\Python310\site-packages\sklearn\model_selection\_split.py", line 2681, in train_test_split
    train, test = next(cv.split(X=arrays[0], y=stratify))
  File "C:\Users\ugrys\AppData\Roaming\Python\Python310\site-packages\sklearn\model_selection\_split.py", line 1749, in split
    for train, test in self._iter_indices(X, y, groups):
  File "C:\Users\ugrys\AppData\Roaming\Python\Python310\site-packages\sklearn\model_selection\_split.py", line 2150, in _iter_indices
    raise ValueError(
ValueError: The least populated class in y has only 1 member, which is too few. The minimum number of groups for any class cannot be less than 2.
[2026-04-17 19:23:13] [INFO    ] [data_module         ] Dosya yükleme başladı: countries.csv (22.0 KB)
[2026-04-17 19:23:13] [INFO    ] [data_module         ] Veri yüklendi: 188 satır × 21 sütun
[2026-04-17 19:23:20] [INFO    ] [data_module         ] Dosya yükleme başladı: countries.csv (22.0 KB)
[2026-04-17 19:23:20] [INFO    ] [data_module         ] Veri yüklendi: 188 satır × 21 sütun
[2026-04-17 19:23:20] [INFO    ] [data_module         ] Profil raporu oluşturuluyor (minimal mod)...
[2026-04-17 19:23:37] [INFO    ] [data_module         ] Dosya yükleme başladı: countries.csv (22.0 KB)
[2026-04-17 19:23:37] [INFO    ] [data_module         ] Veri yüklendi: 188 satır × 21 sütun
[2026-04-17 19:23:43] [INFO    ] [data_module         ] Dosya yükleme başladı: countries.csv (22.0 KB)
[2026-04-17 19:23:43] [INFO    ] [data_module         ] Veri yüklendi: 188 satır × 21 sütun
[2026-04-17 19:23:43] [INFO    ] [train_module        ] PyCaret setup başlıyor — görev: classification, hedef: Country, mod: standard
2026-04-17 19:23:43,292:INFO:PyCaret ClassificationExperiment
2026-04-17 19:23:43,292:INFO:Logging name: clf-default-name
2026-04-17 19:23:43,292:INFO:ML Usecase: MLUsecase.CLASSIFICATION
2026-04-17 19:23:43,293:INFO:version 3.3.2
2026-04-17 19:23:43,293:INFO:Initializing setup()
2026-04-17 19:23:43,293:INFO:self.USI: 2d47
2026-04-17 19:23:43,293:INFO:self._variable_keys: {'gpu_n_jobs_param', 'USI', 'is_multiclass', 'X', 'memory', 'seed', 'data', 'logging_param', 'pipeline', 'gpu_param', 'exp_id', 'fold_groups_param', 'idx', 'html_param', 'exp_name_log', 'log_plots_param', '_ml_usecase', 'y_train', 'y_test', 'X_test', 'fix_imbalance', 'fold_shuffle_param', 'target_param', 'n_jobs_param', '_available_plots', 'y', 'X_train', 'fold_generator'}
2026-04-17 19:23:43,293:INFO:Checking environment
2026-04-17 19:23:43,293:INFO:python_version: 3.10.6
2026-04-17 19:23:43,293:INFO:python_build: ('tags/v3.10.6:9c7b4bd', 'Aug  1 2022 21:53:49')
2026-04-17 19:23:43,293:INFO:machine: AMD64
2026-04-17 19:23:43,293:INFO:platform: Windows-10-10.0.26200-SP0
2026-04-17 19:23:43,293:INFO:Memory: svmem(total=34082693120, available=23391789056, percent=31.4, used=10690904064, free=23391789056)
2026-04-17 19:23:43,293:INFO:Physical Core: 8
2026-04-17 19:23:43,293:INFO:Logical Core: 12
2026-04-17 19:23:43,293:INFO:Checking libraries
2026-04-17 19:23:43,293:INFO:System:
2026-04-17 19:23:43,293:INFO:    python: 3.10.6 (tags/v3.10.6:9c7b4bd, Aug  1 2022, 21:53:49) [MSC v.1932 64 bit (AMD64)]
2026-04-17 19:23:43,293:INFO:executable: C:\Users\ugrys\AppData\Local\Programs\Python\Python310\python.exe
2026-04-17 19:23:43,293:INFO:   machine: Windows-10-10.0.26200-SP0
2026-04-17 19:23:43,294:INFO:PyCaret required dependencies:
2026-04-17 19:23:43,294:INFO:                 pip: 22.2.1
2026-04-17 19:23:43,294:INFO:          setuptools: 69.5.1
2026-04-17 19:23:43,294:INFO:             pycaret: 3.3.0
2026-04-17 19:23:43,294:INFO:             IPython: 8.39.0
2026-04-17 19:23:43,294:INFO:          ipywidgets: 8.1.8
2026-04-17 19:23:43,294:INFO:                tqdm: 4.67.3
2026-04-17 19:23:43,294:INFO:               numpy: 1.25.2
2026-04-17 19:23:43,294:INFO:              pandas: 2.1.4
2026-04-17 19:23:43,294:INFO:              jinja2: 3.1.6
2026-04-17 19:23:43,295:INFO:               scipy: 1.11.4
2026-04-17 19:23:43,295:INFO:              joblib: 1.3.2
2026-04-17 19:23:43,295:INFO:             sklearn: 1.4.2
2026-04-17 19:23:43,295:INFO:                pyod: 3.2.1
2026-04-17 19:23:43,295:INFO:            imblearn: 0.14.1
2026-04-17 19:23:43,295:INFO:   category_encoders: 2.7.0
2026-04-17 19:23:43,295:INFO:            lightgbm: 4.6.0
2026-04-17 19:23:43,295:INFO:               numba: 0.58.1
2026-04-17 19:23:43,295:INFO:            requests: 2.33.1
2026-04-17 19:23:43,295:INFO:          matplotlib: 3.7.5
2026-04-17 19:23:43,295:INFO:          scikitplot: 0.3.7
2026-04-17 19:23:43,295:INFO:         yellowbrick: 1.5
2026-04-17 19:23:43,295:INFO:              plotly: 6.7.0
2026-04-17 19:23:43,295:INFO:    plotly-resampler: Not installed
2026-04-17 19:23:43,295:INFO:             kaleido: 1.2.0
2026-04-17 19:23:43,295:INFO:           schemdraw: 0.15
2026-04-17 19:23:43,295:INFO:         statsmodels: 0.14.6
2026-04-17 19:23:43,295:INFO:              sktime: 0.40.1
2026-04-17 19:23:43,295:INFO:               tbats: 1.1.3
2026-04-17 19:23:43,295:INFO:            pmdarima: 2.0.4
2026-04-17 19:23:43,295:INFO:              psutil: 5.9.5
2026-04-17 19:23:43,295:INFO:          markupsafe: 2.1.5
2026-04-17 19:23:43,295:INFO:             pickle5: Not installed
2026-04-17 19:23:43,296:INFO:         cloudpickle: 3.1.2
2026-04-17 19:23:43,296:INFO:         deprecation: 2.1.0
2026-04-17 19:23:43,296:INFO:              xxhash: 3.6.0
2026-04-17 19:23:43,296:INFO:           wurlitzer: Not installed
2026-04-17 19:23:43,296:INFO:PyCaret optional dependencies:
2026-04-17 19:23:43,296:INFO:                shap: Not installed
2026-04-17 19:23:43,296:INFO:           interpret: Not installed
2026-04-17 19:23:43,296:INFO:                umap: Not installed
2026-04-17 19:23:43,296:INFO:     ydata_profiling: 4.6.4
2026-04-17 19:23:43,296:INFO:  explainerdashboard: Not installed
2026-04-17 19:23:43,296:INFO:             autoviz: Not installed
2026-04-17 19:23:43,296:INFO:           fairlearn: Not installed
2026-04-17 19:23:43,296:INFO:          deepchecks: Not installed
2026-04-17 19:23:43,296:INFO:             xgboost: 3.2.0
2026-04-17 19:23:43,296:INFO:            catboost: Not installed
2026-04-17 19:23:43,296:INFO:              kmodes: Not installed
2026-04-17 19:23:43,296:INFO:             mlxtend: Not installed
2026-04-17 19:23:43,296:INFO:       statsforecast: Not installed
2026-04-17 19:23:43,296:INFO:        tune_sklearn: Not installed
2026-04-17 19:23:43,296:INFO:                 ray: Not installed
2026-04-17 19:23:43,296:INFO:            hyperopt: Not installed
2026-04-17 19:23:43,296:INFO:              optuna: Not installed
2026-04-17 19:23:43,297:INFO:               skopt: Not installed
2026-04-17 19:23:43,297:INFO:              mlflow: Not installed
2026-04-17 19:23:43,297:INFO:              gradio: Not installed
2026-04-17 19:23:43,297:INFO:             fastapi: Not installed
2026-04-17 19:23:43,297:INFO:             uvicorn: 0.44.0
2026-04-17 19:23:43,297:INFO:              m2cgen: Not installed
2026-04-17 19:23:43,297:INFO:           evidently: Not installed
2026-04-17 19:23:43,297:INFO:               fugue: Not installed
2026-04-17 19:23:43,297:INFO:           streamlit: 1.32.0
2026-04-17 19:23:43,297:INFO:             prophet: Not installed
2026-04-17 19:23:43,297:INFO:None
2026-04-17 19:23:43,297:INFO:Set up data.
2026-04-17 19:23:43,307:INFO:Set up folding strategy.
2026-04-17 19:23:43,308:INFO:Set up train/test split.
[2026-04-17 19:23:43] [ERROR   ] [app                 ] Eğitim pipeline hatası: The least populated class in y has only 1 member, which is too few. The minimum number of groups for any class cannot be less than 2.
Traceback (most recent call last):
  File "C:\Users\ugrys\Desktop\OutoLLM\automl_app\app.py", line 323, in <module>
    setup_obj, pc_module = run_setup(
  File "C:\Users\ugrys\Desktop\OutoLLM\automl_app\train_module.py", line 100, in run_setup
    setup_obj = pc_class.setup(
  File "C:\Users\ugrys\AppData\Roaming\Python\Python310\site-packages\pycaret\classification\functional.py", line 595, in setup
    return exp.setup(
  File "C:\Users\ugrys\AppData\Roaming\Python\Python310\site-packages\pycaret\classification\oop.py", line 758, in setup
    self._prepare_train_test(
  File "C:\Users\ugrys\AppData\Roaming\Python\Python310\site-packages\pycaret\internal\preprocess\preprocessor.py", line 236, in _prepare_train_test
    train, test = train_test_split(
  File "C:\Users\ugrys\AppData\Roaming\Python\Python310\site-packages\sklearn\utils\_param_validation.py", line 213, in wrapper
    return func(*args, **kwargs)
  File "C:\Users\ugrys\AppData\Roaming\Python\Python310\site-packages\sklearn\model_selection\_split.py", line 2681, in train_test_split
    train, test = next(cv.split(X=arrays[0], y=stratify))
  File "C:\Users\ugrys\AppData\Roaming\Python\Python310\site-packages\sklearn\model_selection\_split.py", line 1749, in split
    for train, test in self._iter_indices(X, y, groups):
  File "C:\Users\ugrys\AppData\Roaming\Python\Python310\site-packages\sklearn\model_selection\_split.py", line 2150, in _iter_indices
    raise ValueError(
ValueError: The least populated class in y has only 1 member, which is too few. The minimum number of groups for any class cannot be less than 2.
[2026-04-17 19:24:11] [INFO    ] [data_module         ] Dosya yükleme başladı: countries.csv (22.0 KB)
[2026-04-17 19:24:11] [INFO    ] [data_module         ] Veri yüklendi: 188 satır × 21 sütun
[2026-04-17 19:24:11] [INFO    ] [train_module        ] PyCaret setup başlıyor — görev: classification, hedef: Country, mod: standard
2026-04-17 19:24:11,696:INFO:PyCaret ClassificationExperiment
2026-04-17 19:24:11,697:INFO:Logging name: clf-default-name
2026-04-17 19:24:11,697:INFO:ML Usecase: MLUsecase.CLASSIFICATION
2026-04-17 19:24:11,697:INFO:version 3.3.2
2026-04-17 19:24:11,697:INFO:Initializing setup()
2026-04-17 19:24:11,697:INFO:self.USI: aa63
2026-04-17 19:24:11,697:INFO:self._variable_keys: {'gpu_n_jobs_param', 'USI', 'is_multiclass', 'X', 'memory', 'seed', 'data', 'logging_param', 'pipeline', 'gpu_param', 'exp_id', 'fold_groups_param', 'idx', 'html_param', 'exp_name_log', 'log_plots_param', '_ml_usecase', 'y_train', 'y_test', 'X_test', 'fix_imbalance', 'fold_shuffle_param', 'target_param', 'n_jobs_param', '_available_plots', 'y', 'X_train', 'fold_generator'}
2026-04-17 19:24:11,697:INFO:Checking environment
2026-04-17 19:24:11,697:INFO:python_version: 3.10.6
2026-04-17 19:24:11,697:INFO:python_build: ('tags/v3.10.6:9c7b4bd', 'Aug  1 2022 21:53:49')
2026-04-17 19:24:11,697:INFO:machine: AMD64
2026-04-17 19:24:11,697:INFO:platform: Windows-10-10.0.26200-SP0
2026-04-17 19:24:11,697:INFO:Memory: svmem(total=34082693120, available=23387869184, percent=31.4, used=10694823936, free=23387869184)
2026-04-17 19:24:11,697:INFO:Physical Core: 8
2026-04-17 19:24:11,697:INFO:Logical Core: 12
2026-04-17 19:24:11,697:INFO:Checking libraries
2026-04-17 19:24:11,697:INFO:System:
2026-04-17 19:24:11,697:INFO:    python: 3.10.6 (tags/v3.10.6:9c7b4bd, Aug  1 2022, 21:53:49) [MSC v.1932 64 bit (AMD64)]
2026-04-17 19:24:11,698:INFO:executable: C:\Users\ugrys\AppData\Local\Programs\Python\Python310\python.exe
2026-04-17 19:24:11,698:INFO:   machine: Windows-10-10.0.26200-SP0
2026-04-17 19:24:11,698:INFO:PyCaret required dependencies:
2026-04-17 19:24:11,698:INFO:                 pip: 22.2.1
2026-04-17 19:24:11,698:INFO:          setuptools: 69.5.1
2026-04-17 19:24:11,698:INFO:             pycaret: 3.3.0
2026-04-17 19:24:11,698:INFO:             IPython: 8.39.0
2026-04-17 19:24:11,698:INFO:          ipywidgets: 8.1.8
2026-04-17 19:24:11,698:INFO:                tqdm: 4.67.3
2026-04-17 19:24:11,698:INFO:               numpy: 1.25.2
2026-04-17 19:24:11,698:INFO:              pandas: 2.1.4
2026-04-17 19:24:11,698:INFO:              jinja2: 3.1.6
2026-04-17 19:24:11,698:INFO:               scipy: 1.11.4
2026-04-17 19:24:11,698:INFO:              joblib: 1.3.2
2026-04-17 19:24:11,698:INFO:             sklearn: 1.4.2
2026-04-17 19:24:11,698:INFO:                pyod: 3.2.1
2026-04-17 19:24:11,698:INFO:            imblearn: 0.14.1
2026-04-17 19:24:11,698:INFO:   category_encoders: 2.7.0
2026-04-17 19:24:11,698:INFO:            lightgbm: 4.6.0
2026-04-17 19:24:11,700:INFO:               numba: 0.58.1
2026-04-17 19:24:11,700:INFO:            requests: 2.33.1
2026-04-17 19:24:11,700:INFO:          matplotlib: 3.7.5
2026-04-17 19:24:11,700:INFO:          scikitplot: 0.3.7
2026-04-17 19:24:11,700:INFO:         yellowbrick: 1.5
2026-04-17 19:24:11,700:INFO:              plotly: 6.7.0
2026-04-17 19:24:11,700:INFO:    plotly-resampler: Not installed
2026-04-17 19:24:11,700:INFO:             kaleido: 1.2.0
2026-04-17 19:24:11,700:INFO:           schemdraw: 0.15
2026-04-17 19:24:11,700:INFO:         statsmodels: 0.14.6
2026-04-17 19:24:11,700:INFO:              sktime: 0.40.1
2026-04-17 19:24:11,700:INFO:               tbats: 1.1.3
2026-04-17 19:24:11,700:INFO:            pmdarima: 2.0.4
2026-04-17 19:24:11,700:INFO:              psutil: 5.9.5
2026-04-17 19:24:11,700:INFO:          markupsafe: 2.1.5
2026-04-17 19:24:11,700:INFO:             pickle5: Not installed
2026-04-17 19:24:11,700:INFO:         cloudpickle: 3.1.2
2026-04-17 19:24:11,700:INFO:         deprecation: 2.1.0
2026-04-17 19:24:11,700:INFO:              xxhash: 3.6.0
2026-04-17 19:24:11,701:INFO:           wurlitzer: Not installed
2026-04-17 19:24:11,701:INFO:PyCaret optional dependencies:
2026-04-17 19:24:11,701:INFO:                shap: Not installed
2026-04-17 19:24:11,701:INFO:           interpret: Not installed
2026-04-17 19:24:11,701:INFO:                umap: Not installed
2026-04-17 19:24:11,701:INFO:     ydata_profiling: 4.6.4
2026-04-17 19:24:11,702:INFO:  explainerdashboard: Not installed
2026-04-17 19:24:11,702:INFO:             autoviz: Not installed
2026-04-17 19:24:11,702:INFO:           fairlearn: Not installed
2026-04-17 19:24:11,702:INFO:          deepchecks: Not installed
2026-04-17 19:24:11,702:INFO:             xgboost: 3.2.0
2026-04-17 19:24:11,702:INFO:            catboost: Not installed
2026-04-17 19:24:11,702:INFO:              kmodes: Not installed
2026-04-17 19:24:11,702:INFO:             mlxtend: Not installed
2026-04-17 19:24:11,702:INFO:       statsforecast: Not installed
2026-04-17 19:24:11,702:INFO:        tune_sklearn: Not installed
2026-04-17 19:24:11,702:INFO:                 ray: Not installed
2026-04-17 19:24:11,702:INFO:            hyperopt: Not installed
2026-04-17 19:24:11,702:INFO:              optuna: Not installed
2026-04-17 19:24:11,702:INFO:               skopt: Not installed
2026-04-17 19:24:11,702:INFO:              mlflow: Not installed
2026-04-17 19:24:11,702:INFO:              gradio: Not installed
2026-04-17 19:24:11,702:INFO:             fastapi: Not installed
2026-04-17 19:24:11,702:INFO:             uvicorn: 0.44.0
2026-04-17 19:24:11,703:INFO:              m2cgen: Not installed
2026-04-17 19:24:11,703:INFO:           evidently: Not installed
2026-04-17 19:24:11,703:INFO:               fugue: Not installed
2026-04-17 19:24:11,703:INFO:           streamlit: 1.32.0
2026-04-17 19:24:11,703:INFO:             prophet: Not installed
2026-04-17 19:24:11,703:INFO:None
2026-04-17 19:24:11,703:INFO:Set up data.
2026-04-17 19:24:11,712:INFO:Set up folding strategy.
2026-04-17 19:24:11,712:INFO:Set up train/test split.
[2026-04-17 19:24:11] [ERROR   ] [app                 ] Eğitim pipeline hatası: The least populated class in y has only 1 member, which is too few. The minimum number of groups for any class cannot be less than 2.
Traceback (most recent call last):
  File "C:\Users\ugrys\Desktop\OutoLLM\automl_app\app.py", line 323, in <module>
    setup_obj, pc_module = run_setup(
  File "C:\Users\ugrys\Desktop\OutoLLM\automl_app\train_module.py", line 100, in run_setup
    setup_obj = pc_class.setup(
  File "C:\Users\ugrys\AppData\Roaming\Python\Python310\site-packages\pycaret\classification\functional.py", line 595, in setup
    return exp.setup(
  File "C:\Users\ugrys\AppData\Roaming\Python\Python310\site-packages\pycaret\classification\oop.py", line 758, in setup
    self._prepare_train_test(
  File "C:\Users\ugrys\AppData\Roaming\Python\Python310\site-packages\pycaret\internal\preprocess\preprocessor.py", line 236, in _prepare_train_test
    train, test = train_test_split(
  File "C:\Users\ugrys\AppData\Roaming\Python\Python310\site-packages\sklearn\utils\_param_validation.py", line 213, in wrapper
    return func(*args, **kwargs)
  File "C:\Users\ugrys\AppData\Roaming\Python\Python310\site-packages\sklearn\model_selection\_split.py", line 2681, in train_test_split
    train, test = next(cv.split(X=arrays[0], y=stratify))
  File "C:\Users\ugrys\AppData\Roaming\Python\Python310\site-packages\sklearn\model_selection\_split.py", line 1749, in split
    for train, test in self._iter_indices(X, y, groups):
  File "C:\Users\ugrys\AppData\Roaming\Python\Python310\site-packages\sklearn\model_selection\_split.py", line 2150, in _iter_indices
    raise ValueError(
ValueError: The least populated class in y has only 1 member, which is too few. The minimum number of groups for any class cannot be less than 2.
[2026-04-17 19:24:22] [INFO    ] [data_module         ] Dosya yükleme başladı: countries.csv (22.0 KB)
[2026-04-17 19:24:22] [INFO    ] [data_module         ] Veri yüklendi: 188 satır × 21 sütun
[2026-04-17 19:24:24] [INFO    ] [data_module         ] Dosya yükleme başladı: countries.csv (22.0 KB)
[2026-04-17 19:24:24] [INFO    ] [data_module         ] Veri yüklendi: 188 satır × 21 sütun
[2026-04-17 19:24:24] [INFO    ] [train_module        ] PyCaret setup başlıyor — görev: classification, hedef: Region, mod: standard
2026-04-17 19:24:24,399:INFO:PyCaret ClassificationExperiment
2026-04-17 19:24:24,399:INFO:Logging name: clf-default-name
2026-04-17 19:24:24,399:INFO:ML Usecase: MLUsecase.CLASSIFICATION
2026-04-17 19:24:24,399:INFO:version 3.3.2
2026-04-17 19:24:24,400:INFO:Initializing setup()
2026-04-17 19:24:24,400:INFO:self.USI: cf95
2026-04-17 19:24:24,400:INFO:self._variable_keys: {'gpu_n_jobs_param', 'USI', 'is_multiclass', 'X', 'memory', 'seed', 'data', 'logging_param', 'pipeline', 'gpu_param', 'exp_id', 'fold_groups_param', 'idx', 'html_param', 'exp_name_log', 'log_plots_param', '_ml_usecase', 'y_train', 'y_test', 'X_test', 'fix_imbalance', 'fold_shuffle_param', 'target_param', 'n_jobs_param', '_available_plots', 'y', 'X_train', 'fold_generator'}
2026-04-17 19:24:24,400:INFO:Checking environment
2026-04-17 19:24:24,400:INFO:python_version: 3.10.6
2026-04-17 19:24:24,400:INFO:python_build: ('tags/v3.10.6:9c7b4bd', 'Aug  1 2022 21:53:49')
2026-04-17 19:24:24,400:INFO:machine: AMD64
2026-04-17 19:24:24,400:INFO:platform: Windows-10-10.0.26200-SP0
2026-04-17 19:24:24,400:INFO:Memory: svmem(total=34082693120, available=23416791040, percent=31.3, used=10665902080, free=23416791040)
2026-04-17 19:24:24,400:INFO:Physical Core: 8
2026-04-17 19:24:24,400:INFO:Logical Core: 12
2026-04-17 19:24:24,400:INFO:Checking libraries
2026-04-17 19:24:24,400:INFO:System:
2026-04-17 19:24:24,400:INFO:    python: 3.10.6 (tags/v3.10.6:9c7b4bd, Aug  1 2022, 21:53:49) [MSC v.1932 64 bit (AMD64)]
2026-04-17 19:24:24,401:INFO:executable: C:\Users\ugrys\AppData\Local\Programs\Python\Python310\python.exe
2026-04-17 19:24:24,401:INFO:   machine: Windows-10-10.0.26200-SP0
2026-04-17 19:24:24,401:INFO:PyCaret required dependencies:
2026-04-17 19:24:24,401:INFO:                 pip: 22.2.1
2026-04-17 19:24:24,401:INFO:          setuptools: 69.5.1
2026-04-17 19:24:24,401:INFO:             pycaret: 3.3.0
2026-04-17 19:24:24,401:INFO:             IPython: 8.39.0
2026-04-17 19:24:24,401:INFO:          ipywidgets: 8.1.8
2026-04-17 19:24:24,401:INFO:                tqdm: 4.67.3
2026-04-17 19:24:24,401:INFO:               numpy: 1.25.2
2026-04-17 19:24:24,401:INFO:              pandas: 2.1.4
2026-04-17 19:24:24,401:INFO:              jinja2: 3.1.6
2026-04-17 19:24:24,401:INFO:               scipy: 1.11.4
2026-04-17 19:24:24,401:INFO:              joblib: 1.3.2
2026-04-17 19:24:24,402:INFO:             sklearn: 1.4.2
2026-04-17 19:24:24,402:INFO:                pyod: 3.2.1
2026-04-17 19:24:24,402:INFO:            imblearn: 0.14.1
2026-04-17 19:24:24,402:INFO:   category_encoders: 2.7.0
2026-04-17 19:24:24,402:INFO:            lightgbm: 4.6.0
2026-04-17 19:24:24,402:INFO:               numba: 0.58.1
2026-04-17 19:24:24,402:INFO:            requests: 2.33.1
2026-04-17 19:24:24,402:INFO:          matplotlib: 3.7.5
2026-04-17 19:24:24,402:INFO:          scikitplot: 0.3.7
2026-04-17 19:24:24,402:INFO:         yellowbrick: 1.5
2026-04-17 19:24:24,402:INFO:              plotly: 6.7.0
2026-04-17 19:24:24,402:INFO:    plotly-resampler: Not installed
2026-04-17 19:24:24,403:INFO:             kaleido: 1.2.0
2026-04-17 19:24:24,403:INFO:           schemdraw: 0.15
2026-04-17 19:24:24,403:INFO:         statsmodels: 0.14.6
2026-04-17 19:24:24,403:INFO:              sktime: 0.40.1
2026-04-17 19:24:24,403:INFO:               tbats: 1.1.3
2026-04-17 19:24:24,403:INFO:            pmdarima: 2.0.4
2026-04-17 19:24:24,403:INFO:              psutil: 5.9.5
2026-04-17 19:24:24,403:INFO:          markupsafe: 2.1.5
2026-04-17 19:24:24,403:INFO:             pickle5: Not installed
2026-04-17 19:24:24,403:INFO:         cloudpickle: 3.1.2
2026-04-17 19:24:24,403:INFO:         deprecation: 2.1.0
2026-04-17 19:24:24,403:INFO:              xxhash: 3.6.0
2026-04-17 19:24:24,403:INFO:           wurlitzer: Not installed
2026-04-17 19:24:24,403:INFO:PyCaret optional dependencies:
2026-04-17 19:24:24,405:INFO:                shap: Not installed
2026-04-17 19:24:24,405:INFO:           interpret: Not installed
2026-04-17 19:24:24,405:INFO:                umap: Not installed
2026-04-17 19:24:24,405:INFO:     ydata_profiling: 4.6.4
2026-04-17 19:24:24,405:INFO:  explainerdashboard: Not installed
2026-04-17 19:24:24,405:INFO:             autoviz: Not installed
2026-04-17 19:24:24,405:INFO:           fairlearn: Not installed
2026-04-17 19:24:24,405:INFO:          deepchecks: Not installed
2026-04-17 19:24:24,405:INFO:             xgboost: 3.2.0
2026-04-17 19:24:24,405:INFO:            catboost: Not installed
2026-04-17 19:24:24,405:INFO:              kmodes: Not installed
2026-04-17 19:24:24,405:INFO:             mlxtend: Not installed
2026-04-17 19:24:24,405:INFO:       statsforecast: Not installed
2026-04-17 19:24:24,405:INFO:        tune_sklearn: Not installed
2026-04-17 19:24:24,405:INFO:                 ray: Not installed
2026-04-17 19:24:24,405:INFO:            hyperopt: Not installed
2026-04-17 19:24:24,405:INFO:              optuna: Not installed
2026-04-17 19:24:24,405:INFO:               skopt: Not installed
2026-04-17 19:24:24,405:INFO:              mlflow: Not installed
2026-04-17 19:24:24,405:INFO:              gradio: Not installed
2026-04-17 19:24:24,405:INFO:             fastapi: Not installed
2026-04-17 19:24:24,405:INFO:             uvicorn: 0.44.0
2026-04-17 19:24:24,405:INFO:              m2cgen: Not installed
2026-04-17 19:24:24,405:INFO:           evidently: Not installed
2026-04-17 19:24:24,405:INFO:               fugue: Not installed
2026-04-17 19:24:24,405:INFO:           streamlit: 1.32.0
2026-04-17 19:24:24,405:INFO:             prophet: Not installed
2026-04-17 19:24:24,405:INFO:None
2026-04-17 19:24:24,405:INFO:Set up data.
2026-04-17 19:24:24,413:INFO:Set up folding strategy.
2026-04-17 19:24:24,413:INFO:Set up train/test split.
2026-04-17 19:24:24,424:INFO:Set up index.
2026-04-17 19:24:24,427:INFO:Assigning column types.
2026-04-17 19:24:24,438:INFO:Engine successfully changes for model 'lr' to 'sklearn'.
2026-04-17 19:24:24,524:INFO:Engine for model 'knn' has not been set explicitly, hence returning None.
2026-04-17 19:24:24,524:INFO:Engine for model 'rbfsvm' has not been set explicitly, hence returning None.
2026-04-17 19:24:24,639:INFO:Soft dependency imported: xgboost: 3.2.0
2026-04-17 19:24:24,647:WARNING:
'catboost' is a soft dependency and not included in the pycaret installation. Please run: `pip install catboost` to install.
Alternately, you can install this by running `pip install pycaret[models]`
2026-04-17 19:24:24,759:INFO:Engine for model 'knn' has not been set explicitly, hence returning None.
2026-04-17 19:24:24,759:INFO:Engine for model 'rbfsvm' has not been set explicitly, hence returning None.
2026-04-17 19:24:24,840:INFO:Soft dependency imported: xgboost: 3.2.0
2026-04-17 19:24:24,848:WARNING:
'catboost' is a soft dependency and not included in the pycaret installation. Please run: `pip install catboost` to install.
Alternately, you can install this by running `pip install pycaret[models]`
2026-04-17 19:24:24,848:INFO:Engine successfully changes for model 'knn' to 'sklearn'.
2026-04-17 19:24:24,958:INFO:Engine for model 'rbfsvm' has not been set explicitly, hence returning None.
2026-04-17 19:24:25,024:INFO:Soft dependency imported: xgboost: 3.2.0
2026-04-17 19:24:25,039:WARNING:
'catboost' is a soft dependency and not included in the pycaret installation. Please run: `pip install catboost` to install.
Alternately, you can install this by running `pip install pycaret[models]`
2026-04-17 19:24:25,165:INFO:Engine for model 'rbfsvm' has not been set explicitly, hence returning None.
2026-04-17 19:24:25,221:INFO:Soft dependency imported: xgboost: 3.2.0
2026-04-17 19:24:25,227:WARNING:
'catboost' is a soft dependency and not included in the pycaret installation. Please run: `pip install catboost` to install.
Alternately, you can install this by running `pip install pycaret[models]`
2026-04-17 19:24:25,227:INFO:Engine successfully changes for model 'rbfsvm' to 'sklearn'.
2026-04-17 19:24:25,385:INFO:Soft dependency imported: xgboost: 3.2.0
2026-04-17 19:24:25,390:WARNING:
'catboost' is a soft dependency and not included in the pycaret installation. Please run: `pip install catboost` to install.
Alternately, you can install this by running `pip install pycaret[models]`
2026-04-17 19:24:25,611:INFO:Soft dependency imported: xgboost: 3.2.0
2026-04-17 19:24:25,619:WARNING:
'catboost' is a soft dependency and not included in the pycaret installation. Please run: `pip install catboost` to install.
Alternately, you can install this by running `pip install pycaret[models]`
2026-04-17 19:24:25,650:INFO:Preparing preprocessing pipeline...
2026-04-17 19:24:25,652:INFO:Set up label encoding.
2026-04-17 19:24:25,652:INFO:Set up simple imputation.
2026-04-17 19:24:25,656:INFO:Set up encoding of categorical features.
2026-04-17 19:24:25,656:INFO:Set up column name cleaning.
2026-04-17 19:24:25,904:INFO:Finished creating preprocessing pipeline.
2026-04-17 19:24:25,931:INFO:Pipeline: Pipeline(memory=FastMemory(location=C:\Users\ugrys\AppData\Local\Temp\joblib),
         steps=[('label_encoding',
                 TransformerWrapperWithInverse(exclude=None, include=None,
                                               transformer=LabelEncoder())),
                ('numerical_imputer',
                 TransformerWrapper(exclude=None,
                                    include=['Population (millions)', 'HDI',
                                             'Cropland Footprint',
                                             'Grazing Footprint',
                                             'Forest Footprint',
                                             'Carbon Footpri...
                                    transformer=TargetEncoder(cols=['Country',
                                                                    'GDP per '
                                                                    'Capita'],
                                                              drop_invariant=False,
                                                              handle_missing='return_nan',
                                                              handle_unknown='value',
                                                              hierarchy=None,
                                                              min_samples_leaf=20,
                                                              return_df=True,
                                                              smoothing=10,
                                                              verbose=0))),
                ('clean_column_names',
                 TransformerWrapper(exclude=None, include=None,
                                    transformer=CleanColumnNames(match='[\\]\\[\\,\\{\\}\\"\\:]+')))],
         verbose=False)
2026-04-17 19:24:25,931:INFO:Creating final display dataframe.
2026-04-17 19:24:26,304:INFO:Setup _display_container:                     Description                                              Value
0                    Session id                                                 42
1                        Target                                             Region
2                   Target type                                         Multiclass
3                Target mapping  Africa: 0, Asia-Pacific: 1, European Union: 2,...
4           Original data shape                                          (188, 21)
5        Transformed data shape                                          (188, 27)
6   Transformed train set shape                                          (131, 27)
7    Transformed test set shape                                           (57, 27)
8              Numeric features                                                 17
9          Categorical features                                                  3
10     Rows with missing values                                              13.8%
11                   Preprocess                                               True
12              Imputation type                                             simple
13           Numeric imputation                                               mean
14       Categorical imputation                                               mode
15     Maximum one-hot encoding                                                 25
16              Encoding method                                               None
17               Fold Generator                                    StratifiedKFold
18                  Fold Number                                                 10
19                     CPU Jobs                                                 -1
20                      Use GPU                                              False
21               Log Experiment                                              False
22              Experiment Name                                   clf-default-name
23                          USI                                               cf95
2026-04-17 19:24:26,436:INFO:Soft dependency imported: xgboost: 3.2.0
2026-04-17 19:24:26,440:WARNING:
'catboost' is a soft dependency and not included in the pycaret installation. Please run: `pip install catboost` to install.
Alternately, you can install this by running `pip install pycaret[models]`
2026-04-17 19:24:26,590:INFO:Soft dependency imported: xgboost: 3.2.0
2026-04-17 19:24:26,592:WARNING:
'catboost' is a soft dependency and not included in the pycaret installation. Please run: `pip install catboost` to install.
Alternately, you can install this by running `pip install pycaret[models]`
2026-04-17 19:24:26,595:INFO:setup() successfully completed in 2.2s...............
[2026-04-17 19:24:26] [INFO    ] [train_module        ] Setup tamamlandı: classification
[2026-04-17 19:24:26] [INFO    ] [train_module        ] Model karşılaştırması başlıyor — classification | Standart Mod | 5 model
2026-04-17 19:24:26,604:INFO:Initializing compare_models()
2026-04-17 19:24:26,605:INFO:compare_models(self=<pycaret.classification.oop.ClassificationExperiment object at 0x00000227EF92E0E0>, include=['lr', 'dt', 'rf', 'knn', 'nb'], fold=None, round=4, cross_validation=True, sort=Accuracy, n_select=1, budget_time=None, turbo=True, errors=ignore, fit_kwargs=None, groups=None, experiment_custom_tags=None, probability_threshold=None, verbose=True, parallel=None, caller_params={'self': <pycaret.classification.oop.ClassificationExperiment object at 0x00000227EF92E0E0>, 'include': ['lr', 'dt', 'rf', 'knn', 'nb'], 'exclude': None, 'fold': None, 'round': 4, 'cross_validation': True, 'sort': 'Accuracy', 'n_select': 1, 'budget_time': None, 'turbo': True, 'errors': 'ignore', 'fit_kwargs': None, 'groups': None, 'experiment_custom_tags': None, 'probability_threshold': None, 'engine': None, 'verbose': True, 'parallel': None, '__class__': <class 'pycaret.classification.oop.ClassificationExperiment'>}, exclude=None)
2026-04-17 19:24:26,605:INFO:Checking exceptions
2026-04-17 19:24:26,615:INFO:Preparing display monitor
2026-04-17 19:24:26,619:INFO:Initializing Logistic Regression
2026-04-17 19:24:26,619:INFO:Total runtime is 1.8695990244547527e-05 minutes
2026-04-17 19:24:26,619:INFO:SubProcess create_model() called ==================================
2026-04-17 19:24:26,619:INFO:Initializing create_model()
2026-04-17 19:24:26,619:INFO:create_model(self=<pycaret.classification.oop.ClassificationExperiment object at 0x00000227EF92E0E0>, estimator=lr, fold=StratifiedKFold(n_splits=10, random_state=None, shuffle=False), round=4, cross_validation=True, predict=True, fit_kwargs={}, groups=None, refit=False, probability_threshold=None, experiment_custom_tags=None, verbose=False, system=False, add_to_model_list=True, metrics=None, display=<pycaret.internal.display.display.CommonDisplay object at 0x000002283C35C3D0>, model_only=True, return_train_score=False, error_score=0.0, kwargs={})
2026-04-17 19:24:26,619:INFO:Checking exceptions
2026-04-17 19:24:26,619:INFO:Importing libraries
2026-04-17 19:24:26,619:INFO:Copying training dataset
2026-04-17 19:24:26,627:INFO:Defining folds
2026-04-17 19:24:26,627:INFO:Declaring metric variables
2026-04-17 19:24:26,627:INFO:Importing untrained model
2026-04-17 19:24:26,628:INFO:Logistic Regression Imported successfully
2026-04-17 19:24:26,628:INFO:Starting cross validation
2026-04-17 19:24:26,630:INFO:Cross validating with StratifiedKFold(n_splits=10, random_state=None, shuffle=False), n_jobs=-1
2026-04-17 19:24:26,644:WARNING:C:\Users\ugrys\AppData\Roaming\Python\Python310\site-packages\sklearn\model_selection\_split.py:737: UserWarning: The least populated class in y has only 2 members, which is less than n_splits=10.
  warnings.warn(

2026-04-17 19:24:47,793:WARNING:C:\Users\ugrys\AppData\Roaming\Python\Python310\site-packages\sklearn\linear_model\_logistic.py:469: ConvergenceWarning: lbfgs failed to converge (status=1):
STOP: TOTAL NO. of ITERATIONS REACHED LIMIT.

Increase the number of iterations (max_iter) or scale the data as shown in:
    https://scikit-learn.org/stable/modules/preprocessing.html
Please also refer to the documentation for alternative solver options:
    https://scikit-learn.org/stable/modules/linear_model.html#logistic-regression
  n_iter_i = _check_optimize_result(

2026-04-17 19:24:47,793:WARNING:C:\Users\ugrys\AppData\Roaming\Python\Python310\site-packages\sklearn\linear_model\_logistic.py:469: ConvergenceWarning: lbfgs failed to converge (status=1):
STOP: TOTAL NO. of ITERATIONS REACHED LIMIT.

Increase the number of iterations (max_iter) or scale the data as shown in:
    https://scikit-learn.org/stable/modules/preprocessing.html
Please also refer to the documentation for alternative solver options:
    https://scikit-learn.org/stable/modules/linear_model.html#logistic-regression
  n_iter_i = _check_optimize_result(

2026-04-17 19:24:47,793:WARNING:C:\Users\ugrys\AppData\Roaming\Python\Python310\site-packages\sklearn\linear_model\_logistic.py:469: ConvergenceWarning: lbfgs failed to converge (status=1):
STOP: TOTAL NO. of ITERATIONS REACHED LIMIT.

Increase the number of iterations (max_iter) or scale the data as shown in:
    https://scikit-learn.org/stable/modules/preprocessing.html
Please also refer to the documentation for alternative solver options:
    https://scikit-learn.org/stable/modules/linear_model.html#logistic-regression
  n_iter_i = _check_optimize_result(

2026-04-17 19:24:47,795:WARNING:C:\Users\ugrys\AppData\Roaming\Python\Python310\site-packages\sklearn\linear_model\_logistic.py:469: ConvergenceWarning: lbfgs failed to converge (status=1):
STOP: TOTAL NO. of ITERATIONS REACHED LIMIT.

Increase the number of iterations (max_iter) or scale the data as shown in:
    https://scikit-learn.org/stable/modules/preprocessing.html
Please also refer to the documentation for alternative solver options:
    https://scikit-learn.org/stable/modules/linear_model.html#logistic-regression
  n_iter_i = _check_optimize_result(

2026-04-17 19:24:47,795:WARNING:C:\Users\ugrys\AppData\Roaming\Python\Python310\site-packages\sklearn\linear_model\_logistic.py:469: ConvergenceWarning: lbfgs failed to converge (status=1):
STOP: TOTAL NO. of ITERATIONS REACHED LIMIT.

Increase the number of iterations (max_iter) or scale the data as shown in:
    https://scikit-learn.org/stable/modules/preprocessing.html
Please also refer to the documentation for alternative solver options:
    https://scikit-learn.org/stable/modules/linear_model.html#logistic-regression
  n_iter_i = _check_optimize_result(

2026-04-17 19:24:47,795:WARNING:C:\Users\ugrys\AppData\Roaming\Python\Python310\site-packages\sklearn\linear_model\_logistic.py:469: ConvergenceWarning: lbfgs failed to converge (status=1):
STOP: TOTAL NO. of ITERATIONS REACHED LIMIT.

Increase the number of iterations (max_iter) or scale the data as shown in:
    https://scikit-learn.org/stable/modules/preprocessing.html
Please also refer to the documentation for alternative solver options:
    https://scikit-learn.org/stable/modules/linear_model.html#logistic-regression
  n_iter_i = _check_optimize_result(

2026-04-17 19:24:47,797:WARNING:C:\Users\ugrys\AppData\Roaming\Python\Python310\site-packages\sklearn\linear_model\_logistic.py:469: ConvergenceWarning: lbfgs failed to converge (status=1):
STOP: TOTAL NO. of ITERATIONS REACHED LIMIT.

Increase the number of iterations (max_iter) or scale the data as shown in:
    https://scikit-learn.org/stable/modules/preprocessing.html
Please also refer to the documentation for alternative solver options:
    https://scikit-learn.org/stable/modules/linear_model.html#logistic-regression
  n_iter_i = _check_optimize_result(

2026-04-17 19:24:47,798:WARNING:C:\Users\ugrys\AppData\Roaming\Python\Python310\site-packages\sklearn\linear_model\_logistic.py:469: ConvergenceWarning: lbfgs failed to converge (status=1):
STOP: TOTAL NO. of ITERATIONS REACHED LIMIT.

Increase the number of iterations (max_iter) or scale the data as shown in:
    https://scikit-learn.org/stable/modules/preprocessing.html
Please also refer to the documentation for alternative solver options:
    https://scikit-learn.org/stable/modules/linear_model.html#logistic-regression
  n_iter_i = _check_optimize_result(

2026-04-17 19:24:47,798:WARNING:C:\Users\ugrys\AppData\Roaming\Python\Python310\site-packages\sklearn\linear_model\_logistic.py:469: ConvergenceWarning: lbfgs failed to converge (status=1):
STOP: TOTAL NO. of ITERATIONS REACHED LIMIT.

Increase the number of iterations (max_iter) or scale the data as shown in:
    https://scikit-learn.org/stable/modules/preprocessing.html
Please also refer to the documentation for alternative solver options:
    https://scikit-learn.org/stable/modules/linear_model.html#logistic-regression
  n_iter_i = _check_optimize_result(

2026-04-17 19:24:47,798:WARNING:C:\Users\ugrys\AppData\Roaming\Python\Python310\site-packages\sklearn\linear_model\_logistic.py:469: ConvergenceWarning: lbfgs failed to converge (status=1):
STOP: TOTAL NO. of ITERATIONS REACHED LIMIT.

Increase the number of iterations (max_iter) or scale the data as shown in:
    https://scikit-learn.org/stable/modules/preprocessing.html
Please also refer to the documentation for alternative solver options:
    https://scikit-learn.org/stable/modules/linear_model.html#logistic-regression
  n_iter_i = _check_optimize_result(

2026-04-17 19:24:47,924:WARNING:C:\Users\ugrys\AppData\Roaming\Python\Python310\site-packages\pycaret\internal\metrics.py:204: FitFailedWarning: Metric 'make_scorer(roc_auc_score, response_method=('decision_function', 'predict_proba'), average=weighted, multi_class=ovr)' failed and error score 0.0 has been returned instead. If this is a custom metric, this usually means that the error is in the metric code. Full exception below:
Traceback (most recent call last):
  File "C:\Users\ugrys\AppData\Roaming\Python\Python310\site-packages\pycaret\internal\metrics.py", line 196, in _score
    return super()._score(
  File "C:\Users\ugrys\AppData\Roaming\Python\Python310\site-packages\sklearn\metrics\_scorer.py", line 350, in _score
    return self._sign * self._score_func(y_true, y_pred, **scoring_kwargs)
  File "C:\Users\ugrys\AppData\Roaming\Python\Python310\site-packages\pycaret\internal\metrics.py", line 144, in __call__
    return self.score_func(y_true, y_pred, **kwargs)
  File "C:\Users\ugrys\AppData\Roaming\Python\Python310\site-packages\sklearn\utils\_param_validation.py", line 213, in wrapper
    return func(*args, **kwargs)
  File "C:\Users\ugrys\AppData\Roaming\Python\Python310\site-packages\sklearn\metrics\_ranking.py", line 634, in roc_auc_score
    return _multiclass_roc_auc_score(
  File "C:\Users\ugrys\AppData\Roaming\Python\Python310\site-packages\sklearn\metrics\_ranking.py", line 707, in _multiclass_roc_auc_score
    raise ValueError(
ValueError: Target scores need to be probabilities for multiclass roc_auc, i.e. they should sum up to 1.0 over classes

  warnings.warn(

2026-04-17 19:24:47,929:WARNING:C:\Users\ugrys\AppData\Roaming\Python\Python310\site-packages\pycaret\internal\metrics.py:204: FitFailedWarning: Metric 'make_scorer(roc_auc_score, response_method=('decision_function', 'predict_proba'), average=weighted, multi_class=ovr)' failed and error score 0.0 has been returned instead. If this is a custom metric, this usually means that the error is in the metric code. Full exception below:
Traceback (most recent call last):
  File "C:\Users\ugrys\AppData\Roaming\Python\Python310\site-packages\pycaret\internal\metrics.py", line 196, in _score
    return super()._score(
  File "C:\Users\ugrys\AppData\Roaming\Python\Python310\site-packages\sklearn\metrics\_scorer.py", line 350, in _score
    return self._sign * self._score_func(y_true, y_pred, **scoring_kwargs)
  File "C:\Users\ugrys\AppData\Roaming\Python\Python310\site-packages\pycaret\internal\metrics.py", line 144, in __call__
    return self.score_func(y_true, y_pred, **kwargs)
  File "C:\Users\ugrys\AppData\Roaming\Python\Python310\site-packages\sklearn\utils\_param_validation.py", line 213, in wrapper
    return func(*args, **kwargs)
  File "C:\Users\ugrys\AppData\Roaming\Python\Python310\site-packages\sklearn\metrics\_ranking.py", line 634, in roc_auc_score
    return _multiclass_roc_auc_score(
  File "C:\Users\ugrys\AppData\Roaming\Python\Python310\site-packages\sklearn\metrics\_ranking.py", line 707, in _multiclass_roc_auc_score
    raise ValueError(
ValueError: Target scores need to be probabilities for multiclass roc_auc, i.e. they should sum up to 1.0 over classes

  warnings.warn(

2026-04-17 19:24:47,929:WARNING:C:\Users\ugrys\AppData\Roaming\Python\Python310\site-packages\pycaret\internal\metrics.py:204: FitFailedWarning: Metric 'make_scorer(roc_auc_score, response_method=('decision_function', 'predict_proba'), average=weighted, multi_class=ovr)' failed and error score 0.0 has been returned instead. If this is a custom metric, this usually means that the error is in the metric code. Full exception below:
Traceback (most recent call last):
  File "C:\Users\ugrys\AppData\Roaming\Python\Python310\site-packages\pycaret\internal\metrics.py", line 196, in _score
    return super()._score(
  File "C:\Users\ugrys\AppData\Roaming\Python\Python310\site-packages\sklearn\metrics\_scorer.py", line 350, in _score
    return self._sign * self._score_func(y_true, y_pred, **scoring_kwargs)
  File "C:\Users\ugrys\AppData\Roaming\Python\Python310\site-packages\pycaret\internal\metrics.py", line 144, in __call__
    return self.score_func(y_true, y_pred, **kwargs)
  File "C:\Users\ugrys\AppData\Roaming\Python\Python310\site-packages\sklearn\utils\_param_validation.py", line 213, in wrapper
    return func(*args, **kwargs)
  File "C:\Users\ugrys\AppData\Roaming\Python\Python310\site-packages\sklearn\metrics\_ranking.py", line 634, in roc_auc_score
    return _multiclass_roc_auc_score(
  File "C:\Users\ugrys\AppData\Roaming\Python\Python310\site-packages\sklearn\metrics\_ranking.py", line 707, in _multiclass_roc_auc_score
    raise ValueError(
ValueError: Target scores need to be probabilities for multiclass roc_auc, i.e. they should sum up to 1.0 over classes

  warnings.warn(

2026-04-17 19:24:47,948:WARNING:C:\Users\ugrys\AppData\Roaming\Python\Python310\site-packages\sklearn\metrics\_classification.py:1561: UserWarning: Note that pos_label (set to 'Northern/Eastern Europe') is ignored when average != 'binary' (got 'weighted'). You may use labels=[pos_label] to specify a single positive class.
  warnings.warn(

2026-04-17 19:24:47,948:WARNING:C:\Users\ugrys\AppData\Roaming\Python\Python310\site-packages\sklearn\metrics\_classification.py:1561: UserWarning: Note that pos_label (set to 'Northern/Eastern Europe') is ignored when average != 'binary' (got 'weighted'). You may use labels=[pos_label] to specify a single positive class.
  warnings.warn(

2026-04-17 19:24:47,948:WARNING:C:\Users\ugrys\AppData\Roaming\Python\Python310\site-packages\sklearn\metrics\_classification.py:1561: UserWarning: Note that pos_label (set to 'Northern/Eastern Europe') is ignored when average != 'binary' (got 'weighted'). You may use labels=[pos_label] to specify a single positive class.
  warnings.warn(

2026-04-17 19:24:47,950:WARNING:C:\Users\ugrys\AppData\Roaming\Python\Python310\site-packages\sklearn\metrics\_classification.py:1561: UserWarning: Note that pos_label (set to 'Northern/Eastern Europe') is ignored when average != 'binary' (got 'weighted'). You may use labels=[pos_label] to specify a single positive class.
  warnings.warn(

2026-04-17 19:24:47,950:WARNING:C:\Users\ugrys\AppData\Roaming\Python\Python310\site-packages\sklearn\metrics\_classification.py:1509: UndefinedMetricWarning: Recall is ill-defined and being set to 0.0 in labels with no true samples. Use `zero_division` parameter to control this behavior.
  _warn_prf(average, modifier, f"{metric.capitalize()} is", len(result))

2026-04-17 19:24:47,950:WARNING:C:\Users\ugrys\AppData\Roaming\Python\Python310\site-packages\sklearn\metrics\_classification.py:1561: UserWarning: Note that pos_label (set to 'Northern/Eastern Europe') is ignored when average != 'binary' (got 'weighted'). You may use labels=[pos_label] to specify a single positive class.
  warnings.warn(

2026-04-17 19:24:47,950:WARNING:C:\Users\ugrys\AppData\Roaming\Python\Python310\site-packages\sklearn\metrics\_classification.py:1561: UserWarning: Note that pos_label (set to 'Northern/Eastern Europe') is ignored when average != 'binary' (got 'weighted'). You may use labels=[pos_label] to specify a single positive class.
  warnings.warn(

2026-04-17 19:24:47,950:WARNING:C:\Users\ugrys\AppData\Roaming\Python\Python310\site-packages\sklearn\metrics\_classification.py:1561: UserWarning: Note that pos_label (set to 'Northern/Eastern Europe') is ignored when average != 'binary' (got 'weighted'). You may use labels=[pos_label] to specify a single positive class.
  warnings.warn(

2026-04-17 19:24:47,950:WARNING:C:\Users\ugrys\AppData\Roaming\Python\Python310\site-packages\sklearn\metrics\_classification.py:1561: UserWarning: Note that pos_label (set to 'Northern/Eastern Europe') is ignored when average != 'binary' (got 'weighted'). You may use labels=[pos_label] to specify a single positive class.
  warnings.warn(

2026-04-17 19:24:47,950:WARNING:C:\Users\ugrys\AppData\Roaming\Python\Python310\site-packages\sklearn\metrics\_classification.py:1561: UserWarning: Note that pos_label (set to 'Northern/Eastern Europe') is ignored when average != 'binary' (got 'weighted'). You may use labels=[pos_label] to specify a single positive class.
  warnings.warn(

2026-04-17 19:24:47,950:WARNING:C:\Users\ugrys\AppData\Roaming\Python\Python310\site-packages\sklearn\metrics\_classification.py:1509: UndefinedMetricWarning: Recall is ill-defined and being set to 0.0 in labels with no true samples. Use `zero_division` parameter to control this behavior.
  _warn_prf(average, modifier, f"{metric.capitalize()} is", len(result))

2026-04-17 19:24:47,950:WARNING:C:\Users\ugrys\AppData\Roaming\Python\Python310\site-packages\sklearn\metrics\_classification.py:1509: UndefinedMetricWarning: Recall is ill-defined and being set to 0.0 in labels with no true samples. Use `zero_division` parameter to control this behavior.
  _warn_prf(average, modifier, f"{metric.capitalize()} is", len(result))

2026-04-17 19:24:47,950:WARNING:C:\Users\ugrys\AppData\Roaming\Python\Python310\site-packages\sklearn\metrics\_classification.py:1509: UndefinedMetricWarning: Recall is ill-defined and being set to 0.0 in labels with no true samples. Use `zero_division` parameter to control this behavior.
  _warn_prf(average, modifier, f"{metric.capitalize()} is", len(result))

2026-04-17 19:24:47,950:WARNING:C:\Users\ugrys\AppData\Roaming\Python\Python310\site-packages\sklearn\metrics\_classification.py:1509: UndefinedMetricWarning: Recall is ill-defined and being set to 0.0 in labels with no true samples. Use `zero_division` parameter to control this behavior.
  _warn_prf(average, modifier, f"{metric.capitalize()} is", len(result))

2026-04-17 19:24:47,950:WARNING:C:\Users\ugrys\AppData\Roaming\Python\Python310\site-packages\sklearn\metrics\_classification.py:1509: UndefinedMetricWarning: Recall is ill-defined and being set to 0.0 in labels with no true samples. Use `zero_division` parameter to control this behavior.
  _warn_prf(average, modifier, f"{metric.capitalize()} is", len(result))

2026-04-17 19:24:47,957:WARNING:C:\Users\ugrys\AppData\Roaming\Python\Python310\site-packages\sklearn\metrics\_classification.py:1509: UndefinedMetricWarning: Recall is ill-defined and being set to 0.0 in labels with no true samples. Use `zero_division` parameter to control this behavior.
  _warn_prf(average, modifier, f"{metric.capitalize()} is", len(result))

2026-04-17 19:24:47,957:WARNING:C:\Users\ugrys\AppData\Roaming\Python\Python310\site-packages\sklearn\metrics\_classification.py:1509: UndefinedMetricWarning: Recall is ill-defined and being set to 0.0 in labels with no true samples. Use `zero_division` parameter to control this behavior.
  _warn_prf(average, modifier, f"{metric.capitalize()} is", len(result))

2026-04-17 19:24:47,957:WARNING:C:\Users\ugrys\AppData\Roaming\Python\Python310\site-packages\sklearn\metrics\_classification.py:1561: UserWarning: Note that pos_label (set to 'Northern/Eastern Europe') is ignored when average != 'binary' (got 'weighted'). You may use labels=[pos_label] to specify a single positive class.
  warnings.warn(

2026-04-17 19:24:47,957:WARNING:C:\Users\ugrys\AppData\Roaming\Python\Python310\site-packages\sklearn\metrics\_classification.py:1561: UserWarning: Note that pos_label (set to 'Northern/Eastern Europe') is ignored when average != 'binary' (got 'weighted'). You may use labels=[pos_label] to specify a single positive class.
  warnings.warn(

2026-04-17 19:24:47,961:WARNING:C:\Users\ugrys\AppData\Roaming\Python\Python310\site-packages\sklearn\metrics\_classification.py:1561: UserWarning: Note that pos_label (set to 'Northern/Eastern Europe') is ignored when average != 'binary' (got 'weighted'). You may use labels=[pos_label] to specify a single positive class.
  warnings.warn(

2026-04-17 19:24:47,961:WARNING:C:\Users\ugrys\AppData\Roaming\Python\Python310\site-packages\sklearn\metrics\_classification.py:1561: UserWarning: Note that pos_label (set to 'Northern/Eastern Europe') is ignored when average != 'binary' (got 'weighted'). You may use labels=[pos_label] to specify a single positive class.
  warnings.warn(

2026-04-17 19:24:47,957:WARNING:C:\Users\ugrys\AppData\Roaming\Python\Python310\site-packages\sklearn\metrics\_classification.py:1561: UserWarning: Note that pos_label (set to 'Northern/Eastern Europe') is ignored when average != 'binary' (got 'weighted'). You may use labels=[pos_label] to specify a single positive class.
  warnings.warn(

2026-04-17 19:24:47,961:WARNING:C:\Users\ugrys\AppData\Roaming\Python\Python310\site-packages\sklearn\metrics\_classification.py:1561: UserWarning: Note that pos_label (set to 'Northern/Eastern Europe') is ignored when average != 'binary' (got 'weighted'). You may use labels=[pos_label] to specify a single positive class.
  warnings.warn(

2026-04-17 19:24:47,961:WARNING:C:\Users\ugrys\AppData\Roaming\Python\Python310\site-packages\sklearn\metrics\_classification.py:1509: UndefinedMetricWarning: Precision is ill-defined and being set to 0.0 in labels with no predicted samples. Use `zero_division` parameter to control this behavior.
  _warn_prf(average, modifier, f"{metric.capitalize()} is", len(result))

2026-04-17 19:24:47,961:WARNING:C:\Users\ugrys\AppData\Roaming\Python\Python310\site-packages\sklearn\metrics\_classification.py:1561: UserWarning: Note that pos_label (set to 'Northern/Eastern Europe') is ignored when average != 'binary' (got 'weighted'). You may use labels=[pos_label] to specify a single positive class.
  warnings.warn(

2026-04-17 19:24:47,961:WARNING:C:\Users\ugrys\AppData\Roaming\Python\Python310\site-packages\sklearn\metrics\_classification.py:1509: UndefinedMetricWarning: Precision is ill-defined and being set to 0.0 in labels with no predicted samples. Use `zero_division` parameter to control this behavior.
  _warn_prf(average, modifier, f"{metric.capitalize()} is", len(result))

2026-04-17 19:24:47,961:WARNING:C:\Users\ugrys\AppData\Roaming\Python\Python310\site-packages\sklearn\metrics\_classification.py:1509: UndefinedMetricWarning: Precision is ill-defined and being set to 0.0 in labels with no predicted samples. Use `zero_division` parameter to control this behavior.
  _warn_prf(average, modifier, f"{metric.capitalize()} is", len(result))

2026-04-17 19:24:47,964:WARNING:C:\Users\ugrys\AppData\Roaming\Python\Python310\site-packages\sklearn\metrics\_classification.py:1561: UserWarning: Note that pos_label (set to 'Northern/Eastern Europe') is ignored when average != 'binary' (got 'weighted'). You may use labels=[pos_label] to specify a single positive class.
  warnings.warn(

2026-04-17 19:24:47,957:WARNING:C:\Users\ugrys\AppData\Roaming\Python\Python310\site-packages\sklearn\metrics\_classification.py:1561: UserWarning: Note that pos_label (set to 'Northern/Eastern Europe') is ignored when average != 'binary' (got 'weighted'). You may use labels=[pos_label] to specify a single positive class.
  warnings.warn(

2026-04-17 19:24:47,965:WARNING:C:\Users\ugrys\AppData\Roaming\Python\Python310\site-packages\sklearn\metrics\_classification.py:1509: UndefinedMetricWarning: Precision is ill-defined and being set to 0.0 in labels with no predicted samples. Use `zero_division` parameter to control this behavior.
  _warn_prf(average, modifier, f"{metric.capitalize()} is", len(result))

2026-04-17 19:24:47,965:WARNING:C:\Users\ugrys\AppData\Roaming\Python\Python310\site-packages\sklearn\metrics\_classification.py:1509: UndefinedMetricWarning: Precision is ill-defined and being set to 0.0 in labels with no predicted samples. Use `zero_division` parameter to control this behavior.
  _warn_prf(average, modifier, f"{metric.capitalize()} is", len(result))

2026-04-17 19:24:47,967:WARNING:C:\Users\ugrys\AppData\Roaming\Python\Python310\site-packages\sklearn\metrics\_classification.py:1509: UndefinedMetricWarning: Precision is ill-defined and being set to 0.0 in labels with no predicted samples. Use `zero_division` parameter to control this behavior.
  _warn_prf(average, modifier, f"{metric.capitalize()} is", len(result))

2026-04-17 19:24:47,967:WARNING:C:\Users\ugrys\AppData\Roaming\Python\Python310\site-packages\sklearn\metrics\_classification.py:1509: UndefinedMetricWarning: Precision is ill-defined and being set to 0.0 in labels with no predicted samples. Use `zero_division` parameter to control this behavior.
  _warn_prf(average, modifier, f"{metric.capitalize()} is", len(result))

2026-04-17 19:24:47,967:WARNING:C:\Users\ugrys\AppData\Roaming\Python\Python310\site-packages\sklearn\metrics\_classification.py:1509: UndefinedMetricWarning: Precision is ill-defined and being set to 0.0 in labels with no predicted samples. Use `zero_division` parameter to control this behavior.
  _warn_prf(average, modifier, f"{metric.capitalize()} is", len(result))

2026-04-17 19:24:47,967:WARNING:C:\Users\ugrys\AppData\Roaming\Python\Python310\site-packages\sklearn\metrics\_classification.py:1561: UserWarning: Note that pos_label (set to 'Northern/Eastern Europe') is ignored when average != 'binary' (got 'weighted'). You may use labels=[pos_label] to specify a single positive class.
  warnings.warn(

2026-04-17 19:24:47,967:WARNING:C:\Users\ugrys\AppData\Roaming\Python\Python310\site-packages\sklearn\metrics\_classification.py:1509: UndefinedMetricWarning: Precision is ill-defined and being set to 0.0 in labels with no predicted samples. Use `zero_division` parameter to control this behavior.
  _warn_prf(average, modifier, f"{metric.capitalize()} is", len(result))

2026-04-17 19:24:47,967:WARNING:C:\Users\ugrys\AppData\Roaming\Python\Python310\site-packages\sklearn\metrics\_classification.py:1509: UndefinedMetricWarning: Precision is ill-defined and being set to 0.0 in labels with no predicted samples. Use `zero_division` parameter to control this behavior.
  _warn_prf(average, modifier, f"{metric.capitalize()} is", len(result))

2026-04-17 19:24:47,967:WARNING:C:\Users\ugrys\AppData\Roaming\Python\Python310\site-packages\sklearn\metrics\_classification.py:1561: UserWarning: Note that pos_label (set to 'Northern/Eastern Europe') is ignored when average != 'binary' (got 'weighted'). You may use labels=[pos_label] to specify a single positive class.
  warnings.warn(

2026-04-17 19:24:47,967:WARNING:C:\Users\ugrys\AppData\Roaming\Python\Python310\site-packages\sklearn\metrics\_classification.py:1561: UserWarning: Note that pos_label (set to 'Northern/Eastern Europe') is ignored when average != 'binary' (got 'weighted'). You may use labels=[pos_label] to specify a single positive class.
  warnings.warn(

2026-04-17 19:24:47,972:WARNING:C:\Users\ugrys\AppData\Roaming\Python\Python310\site-packages\sklearn\metrics\_classification.py:1561: UserWarning: Note that pos_label (set to 'Northern/Eastern Europe') is ignored when average != 'binary' (got 'weighted'). You may use labels=[pos_label] to specify a single positive class.
  warnings.warn(

2026-04-17 19:24:47,972:WARNING:C:\Users\ugrys\AppData\Roaming\Python\Python310\site-packages\sklearn\metrics\_classification.py:1561: UserWarning: Note that pos_label (set to 'Northern/Eastern Europe') is ignored when average != 'binary' (got 'weighted'). You may use labels=[pos_label] to specify a single positive class.
  warnings.warn(

2026-04-17 19:24:47,972:WARNING:C:\Users\ugrys\AppData\Roaming\Python\Python310\site-packages\sklearn\metrics\_classification.py:1561: UserWarning: Note that pos_label (set to 'Northern/Eastern Europe') is ignored when average != 'binary' (got 'weighted'). You may use labels=[pos_label] to specify a single positive class.
  warnings.warn(

2026-04-17 19:24:47,972:WARNING:C:\Users\ugrys\AppData\Roaming\Python\Python310\site-packages\sklearn\metrics\_classification.py:1561: UserWarning: Note that pos_label (set to 'Northern/Eastern Europe') is ignored when average != 'binary' (got 'weighted'). You may use labels=[pos_label] to specify a single positive class.
  warnings.warn(

2026-04-17 19:24:47,973:WARNING:C:\Users\ugrys\AppData\Roaming\Python\Python310\site-packages\sklearn\metrics\_classification.py:1561: UserWarning: Note that pos_label (set to 'Northern/Eastern Europe') is ignored when average != 'binary' (got 'weighted'). You may use labels=[pos_label] to specify a single positive class.
  warnings.warn(

2026-04-17 19:24:47,973:WARNING:C:\Users\ugrys\AppData\Roaming\Python\Python310\site-packages\sklearn\metrics\_classification.py:1509: UndefinedMetricWarning: F-score is ill-defined and being set to 0.0 in labels with no true nor predicted samples. Use `zero_division` parameter to control this behavior.
  _warn_prf(average, modifier, f"{metric.capitalize()} is", len(result))

2026-04-17 19:24:47,973:WARNING:C:\Users\ugrys\AppData\Roaming\Python\Python310\site-packages\sklearn\metrics\_classification.py:1509: UndefinedMetricWarning: F-score is ill-defined and being set to 0.0 in labels with no true nor predicted samples. Use `zero_division` parameter to control this behavior.
  _warn_prf(average, modifier, f"{metric.capitalize()} is", len(result))

2026-04-17 19:24:47,975:WARNING:C:\Users\ugrys\AppData\Roaming\Python\Python310\site-packages\sklearn\metrics\_classification.py:1561: UserWarning: Note that pos_label (set to 'Northern/Eastern Europe') is ignored when average != 'binary' (got 'weighted'). You may use labels=[pos_label] to specify a single positive class.
  warnings.warn(

2026-04-17 19:24:47,975:WARNING:C:\Users\ugrys\AppData\Roaming\Python\Python310\site-packages\sklearn\metrics\_classification.py:1509: UndefinedMetricWarning: F-score is ill-defined and being set to 0.0 in labels with no true nor predicted samples. Use `zero_division` parameter to control this behavior.
  _warn_prf(average, modifier, f"{metric.capitalize()} is", len(result))

2026-04-17 19:24:47,975:WARNING:C:\Users\ugrys\AppData\Roaming\Python\Python310\site-packages\sklearn\metrics\_classification.py:1509: UndefinedMetricWarning: F-score is ill-defined and being set to 0.0 in labels with no true nor predicted samples. Use `zero_division` parameter to control this behavior.
  _warn_prf(average, modifier, f"{metric.capitalize()} is", len(result))

2026-04-17 19:24:47,977:WARNING:C:\Users\ugrys\AppData\Roaming\Python\Python310\site-packages\sklearn\metrics\_classification.py:1509: UndefinedMetricWarning: F-score is ill-defined and being set to 0.0 in labels with no true nor predicted samples. Use `zero_division` parameter to control this behavior.
  _warn_prf(average, modifier, f"{metric.capitalize()} is", len(result))

2026-04-17 19:24:47,978:WARNING:C:\Users\ugrys\AppData\Roaming\Python\Python310\site-packages\sklearn\metrics\_classification.py:1509: UndefinedMetricWarning: F-score is ill-defined and being set to 0.0 in labels with no true nor predicted samples. Use `zero_division` parameter to control this behavior.
  _warn_prf(average, modifier, f"{metric.capitalize()} is", len(result))

2026-04-17 19:24:47,975:WARNING:C:\Users\ugrys\AppData\Roaming\Python\Python310\site-packages\sklearn\metrics\_classification.py:1509: UndefinedMetricWarning: F-score is ill-defined and being set to 0.0 in labels with no true nor predicted samples. Use `zero_division` parameter to control this behavior.
  _warn_prf(average, modifier, f"{metric.capitalize()} is", len(result))

2026-04-17 19:24:47,995:INFO:Calculating mean and std
2026-04-17 19:24:48,005:INFO:Creating metrics dataframe
2026-04-17 19:24:48,013:INFO:Uploading results into container
2026-04-17 19:24:48,018:INFO:Uploading model into container now
2026-04-17 19:24:48,018:INFO:_master_model_container: 1
2026-04-17 19:24:48,023:INFO:_display_container: 2
2026-04-17 19:24:48,023:INFO:LogisticRegression(C=1.0, class_weight=None, dual=False, fit_intercept=True,
                   intercept_scaling=1, l1_ratio=None, max_iter=1000,
                   multi_class='auto', n_jobs=None, penalty='l2',
                   random_state=42, solver='lbfgs', tol=0.0001, verbose=0,
                   warm_start=False)
2026-04-17 19:24:48,023:INFO:create_model() successfully completed......................................
2026-04-17 19:24:48,257:INFO:SubProcess create_model() end ==================================
2026-04-17 19:24:48,257:INFO:Creating metrics dataframe
2026-04-17 19:24:48,263:INFO:Initializing Decision Tree Classifier
2026-04-17 19:24:48,263:INFO:Total runtime is 0.3607600569725037 minutes
2026-04-17 19:24:48,265:INFO:SubProcess create_model() called ==================================
2026-04-17 19:24:48,265:INFO:Initializing create_model()
2026-04-17 19:24:48,265:INFO:create_model(self=<pycaret.classification.oop.ClassificationExperiment object at 0x00000227EF92E0E0>, estimator=dt, fold=StratifiedKFold(n_splits=10, random_state=None, shuffle=False), round=4, cross_validation=True, predict=True, fit_kwargs={}, groups=None, refit=False, probability_threshold=None, experiment_custom_tags=None, verbose=False, system=False, add_to_model_list=True, metrics=None, display=<pycaret.internal.display.display.CommonDisplay object at 0x000002283C35C3D0>, model_only=True, return_train_score=False, error_score=0.0, kwargs={})
2026-04-17 19:24:48,265:INFO:Checking exceptions
2026-04-17 19:24:48,265:INFO:Importing libraries
2026-04-17 19:24:48,265:INFO:Copying training dataset
2026-04-17 19:24:48,273:INFO:Defining folds
2026-04-17 19:24:48,273:INFO:Declaring metric variables
2026-04-17 19:24:48,273:INFO:Importing untrained model
2026-04-17 19:24:48,274:INFO:Decision Tree Classifier Imported successfully
2026-04-17 19:24:48,274:INFO:Starting cross validation
2026-04-17 19:24:48,274:INFO:Cross validating with StratifiedKFold(n_splits=10, random_state=None, shuffle=False), n_jobs=-1
2026-04-17 19:24:48,280:WARNING:C:\Users\ugrys\AppData\Roaming\Python\Python310\site-packages\sklearn\model_selection\_split.py:737: UserWarning: The least populated class in y has only 2 members, which is less than n_splits=10.
  warnings.warn(

2026-04-17 19:24:48,579:WARNING:C:\Users\ugrys\AppData\Roaming\Python\Python310\site-packages\pycaret\internal\metrics.py:204: FitFailedWarning: Metric 'make_scorer(roc_auc_score, response_method=('decision_function', 'predict_proba'), average=weighted, multi_class=ovr)' failed and error score 0.0 has been returned instead. If this is a custom metric, this usually means that the error is in the metric code. Full exception below:
Traceback (most recent call last):
  File "C:\Users\ugrys\AppData\Roaming\Python\Python310\site-packages\pycaret\internal\metrics.py", line 196, in _score
    return super()._score(
  File "C:\Users\ugrys\AppData\Roaming\Python\Python310\site-packages\sklearn\metrics\_scorer.py", line 350, in _score
    return self._sign * self._score_func(y_true, y_pred, **scoring_kwargs)
  File "C:\Users\ugrys\AppData\Roaming\Python\Python310\site-packages\pycaret\internal\metrics.py", line 144, in __call__
    return self.score_func(y_true, y_pred, **kwargs)
  File "C:\Users\ugrys\AppData\Roaming\Python\Python310\site-packages\sklearn\utils\_param_validation.py", line 213, in wrapper
    return func(*args, **kwargs)
  File "C:\Users\ugrys\AppData\Roaming\Python\Python310\site-packages\sklearn\metrics\_ranking.py", line 634, in roc_auc_score
    return _multiclass_roc_auc_score(
  File "C:\Users\ugrys\AppData\Roaming\Python\Python310\site-packages\sklearn\metrics\_ranking.py", line 751, in _multiclass_roc_auc_score
    raise ValueError(
ValueError: Number of classes in y_true not equal to the number of columns in 'y_score'

  warnings.warn(

2026-04-17 19:24:48,582:WARNING:C:\Users\ugrys\AppData\Roaming\Python\Python310\site-packages\sklearn\metrics\_classification.py:1561: UserWarning: Note that pos_label (set to 'Northern/Eastern Europe') is ignored when average != 'binary' (got 'weighted'). You may use labels=[pos_label] to specify a single positive class.
  warnings.warn(

2026-04-17 19:24:48,589:WARNING:C:\Users\ugrys\AppData\Roaming\Python\Python310\site-packages\sklearn\metrics\_classification.py:1509: UndefinedMetricWarning: Recall is ill-defined and being set to 0.0 in labels with no true samples. Use `zero_division` parameter to control this behavior.
  _warn_prf(average, modifier, f"{metric.capitalize()} is", len(result))

2026-04-17 19:24:48,589:WARNING:C:\Users\ugrys\AppData\Roaming\Python\Python310\site-packages\pycaret\internal\metrics.py:204: FitFailedWarning: Metric 'make_scorer(roc_auc_score, response_method=('decision_function', 'predict_proba'), average=weighted, multi_class=ovr)' failed and error score 0.0 has been returned instead. If this is a custom metric, this usually means that the error is in the metric code. Full exception below:
Traceback (most recent call last):
  File "C:\Users\ugrys\AppData\Roaming\Python\Python310\site-packages\pycaret\internal\metrics.py", line 196, in _score
    return super()._score(
  File "C:\Users\ugrys\AppData\Roaming\Python\Python310\site-packages\sklearn\metrics\_scorer.py", line 350, in _score
    return self._sign * self._score_func(y_true, y_pred, **scoring_kwargs)
  File "C:\Users\ugrys\AppData\Roaming\Python\Python310\site-packages\pycaret\internal\metrics.py", line 144, in __call__
    return self.score_func(y_true, y_pred, **kwargs)
  File "C:\Users\ugrys\AppData\Roaming\Python\Python310\site-packages\sklearn\utils\_param_validation.py", line 213, in wrapper
    return func(*args, **kwargs)
  File "C:\Users\ugrys\AppData\Roaming\Python\Python310\site-packages\sklearn\metrics\_ranking.py", line 634, in roc_auc_score
    return _multiclass_roc_auc_score(
  File "C:\Users\ugrys\AppData\Roaming\Python\Python310\site-packages\sklearn\metrics\_ranking.py", line 751, in _multiclass_roc_auc_score
    raise ValueError(
ValueError: Number of classes in y_true not equal to the number of columns in 'y_score'

  warnings.warn(

2026-04-17 19:24:48,589:WARNING:C:\Users\ugrys\AppData\Roaming\Python\Python310\site-packages\sklearn\metrics\_classification.py:1561: UserWarning: Note that pos_label (set to 'Northern/Eastern Europe') is ignored when average != 'binary' (got 'weighted'). You may use labels=[pos_label] to specify a single positive class.
  warnings.warn(

2026-04-17 19:24:48,596:WARNING:C:\Users\ugrys\AppData\Roaming\Python\Python310\site-packages\sklearn\metrics\_classification.py:1509: UndefinedMetricWarning: Precision is ill-defined and being set to 0.0 in labels with no predicted samples. Use `zero_division` parameter to control this behavior.
  _warn_prf(average, modifier, f"{metric.capitalize()} is", len(result))

2026-04-17 19:24:48,596:WARNING:C:\Users\ugrys\AppData\Roaming\Python\Python310\site-packages\sklearn\metrics\_classification.py:1561: UserWarning: Note that pos_label (set to 'Northern/Eastern Europe') is ignored when average != 'binary' (got 'weighted'). You may use labels=[pos_label] to specify a single positive class.
  warnings.warn(

2026-04-17 19:24:48,596:WARNING:C:\Users\ugrys\AppData\Roaming\Python\Python310\site-packages\pycaret\internal\metrics.py:204: FitFailedWarning: Metric 'make_scorer(roc_auc_score, response_method=('decision_function', 'predict_proba'), average=weighted, multi_class=ovr)' failed and error score 0.0 has been returned instead. If this is a custom metric, this usually means that the error is in the metric code. Full exception below:
Traceback (most recent call last):
  File "C:\Users\ugrys\AppData\Roaming\Python\Python310\site-packages\pycaret\internal\metrics.py", line 196, in _score
    return super()._score(
  File "C:\Users\ugrys\AppData\Roaming\Python\Python310\site-packages\sklearn\metrics\_scorer.py", line 350, in _score
    return self._sign * self._score_func(y_true, y_pred, **scoring_kwargs)
  File "C:\Users\ugrys\AppData\Roaming\Python\Python310\site-packages\pycaret\internal\metrics.py", line 144, in __call__
    return self.score_func(y_true, y_pred, **kwargs)
  File "C:\Users\ugrys\AppData\Roaming\Python\Python310\site-packages\sklearn\utils\_param_validation.py", line 213, in wrapper
    return func(*args, **kwargs)
  File "C:\Users\ugrys\AppData\Roaming\Python\Python310\site-packages\sklearn\metrics\_ranking.py", line 634, in roc_auc_score
    return _multiclass_roc_auc_score(
  File "C:\Users\ugrys\AppData\Roaming\Python\Python310\site-packages\sklearn\metrics\_ranking.py", line 751, in _multiclass_roc_auc_score
    raise ValueError(
ValueError: Number of classes in y_true not equal to the number of columns in 'y_score'

  warnings.warn(

2026-04-17 19:24:48,597:WARNING:C:\Users\ugrys\AppData\Roaming\Python\Python310\site-packages\sklearn\metrics\_classification.py:1509: UndefinedMetricWarning: Recall is ill-defined and being set to 0.0 in labels with no true samples. Use `zero_division` parameter to control this behavior.
  _warn_prf(average, modifier, f"{metric.capitalize()} is", len(result))

2026-04-17 19:24:48,597:WARNING:C:\Users\ugrys\AppData\Roaming\Python\Python310\site-packages\pycaret\internal\metrics.py:204: FitFailedWarning: Metric 'make_scorer(roc_auc_score, response_method=('decision_function', 'predict_proba'), average=weighted, multi_class=ovr)' failed and error score 0.0 has been returned instead. If this is a custom metric, this usually means that the error is in the metric code. Full exception below:
Traceback (most recent call last):
  File "C:\Users\ugrys\AppData\Roaming\Python\Python310\site-packages\pycaret\internal\metrics.py", line 196, in _score
    return super()._score(
  File "C:\Users\ugrys\AppData\Roaming\Python\Python310\site-packages\sklearn\metrics\_scorer.py", line 350, in _score
    return self._sign * self._score_func(y_true, y_pred, **scoring_kwargs)
  File "C:\Users\ugrys\AppData\Roaming\Python\Python310\site-packages\pycaret\internal\metrics.py", line 144, in __call__
    return self.score_func(y_true, y_pred, **kwargs)
  File "C:\Users\ugrys\AppData\Roaming\Python\Python310\site-packages\sklearn\utils\_param_validation.py", line 213, in wrapper
    return func(*args, **kwargs)
  File "C:\Users\ugrys\AppData\Roaming\Python\Python310\site-packages\sklearn\metrics\_ranking.py", line 634, in roc_auc_score
    return _multiclass_roc_auc_score(
  File "C:\Users\ugrys\AppData\Roaming\Python\Python310\site-packages\sklearn\metrics\_ranking.py", line 751, in _multiclass_roc_auc_score
    raise ValueError(
ValueError: Number of classes in y_true not equal to the number of columns in 'y_score'

  warnings.warn(

2026-04-17 19:24:48,597:WARNING:C:\Users\ugrys\AppData\Roaming\Python\Python310\site-packages\pycaret\internal\metrics.py:204: FitFailedWarning: Metric 'make_scorer(roc_auc_score, response_method=('decision_function', 'predict_proba'), average=weighted, multi_class=ovr)' failed and error score 0.0 has been returned instead. If this is a custom metric, this usually means that the error is in the metric code. Full exception below:
Traceback (most recent call last):
  File "C:\Users\ugrys\AppData\Roaming\Python\Python310\site-packages\pycaret\internal\metrics.py", line 196, in _score
    return super()._score(
  File "C:\Users\ugrys\AppData\Roaming\Python\Python310\site-packages\sklearn\metrics\_scorer.py", line 350, in _score
    return self._sign * self._score_func(y_true, y_pred, **scoring_kwargs)
  File "C:\Users\ugrys\AppData\Roaming\Python\Python310\site-packages\pycaret\internal\metrics.py", line 144, in __call__
    return self.score_func(y_true, y_pred, **kwargs)
  File "C:\Users\ugrys\AppData\Roaming\Python\Python310\site-packages\sklearn\utils\_param_validation.py", line 213, in wrapper
    return func(*args, **kwargs)
  File "C:\Users\ugrys\AppData\Roaming\Python\Python310\site-packages\sklearn\metrics\_ranking.py", line 634, in roc_auc_score
    return _multiclass_roc_auc_score(
  File "C:\Users\ugrys\AppData\Roaming\Python\Python310\site-packages\sklearn\metrics\_ranking.py", line 751, in _multiclass_roc_auc_score
    raise ValueError(
ValueError: Number of classes in y_true not equal to the number of columns in 'y_score'

  warnings.warn(

2026-04-17 19:24:48,600:WARNING:C:\Users\ugrys\AppData\Roaming\Python\Python310\site-packages\sklearn\metrics\_classification.py:1561: UserWarning: Note that pos_label (set to 'Northern/Eastern Europe') is ignored when average != 'binary' (got 'weighted'). You may use labels=[pos_label] to specify a single positive class.
  warnings.warn(

2026-04-17 19:24:48,600:WARNING:C:\Users\ugrys\AppData\Roaming\Python\Python310\site-packages\sklearn\metrics\_classification.py:1561: UserWarning: Note that pos_label (set to 'Northern/Eastern Europe') is ignored when average != 'binary' (got 'weighted'). You may use labels=[pos_label] to specify a single positive class.
  warnings.warn(

2026-04-17 19:24:48,602:WARNING:C:\Users\ugrys\AppData\Roaming\Python\Python310\site-packages\sklearn\metrics\_classification.py:1561: UserWarning: Note that pos_label (set to 'Northern/Eastern Europe') is ignored when average != 'binary' (got 'weighted'). You may use labels=[pos_label] to specify a single positive class.
  warnings.warn(

2026-04-17 19:24:48,603:WARNING:C:\Users\ugrys\AppData\Roaming\Python\Python310\site-packages\sklearn\metrics\_classification.py:1561: UserWarning: Note that pos_label (set to 'Northern/Eastern Europe') is ignored when average != 'binary' (got 'weighted'). You may use labels=[pos_label] to specify a single positive class.
  warnings.warn(

2026-04-17 19:24:48,603:WARNING:C:\Users\ugrys\AppData\Roaming\Python\Python310\site-packages\sklearn\metrics\_classification.py:1509: UndefinedMetricWarning: Recall is ill-defined and being set to 0.0 in labels with no true samples. Use `zero_division` parameter to control this behavior.
  _warn_prf(average, modifier, f"{metric.capitalize()} is", len(result))

2026-04-17 19:24:48,603:WARNING:C:\Users\ugrys\AppData\Roaming\Python\Python310\site-packages\sklearn\metrics\_classification.py:1509: UndefinedMetricWarning: F-score is ill-defined and being set to 0.0 in labels with no true nor predicted samples. Use `zero_division` parameter to control this behavior.
  _warn_prf(average, modifier, f"{metric.capitalize()} is", len(result))

2026-04-17 19:24:48,603:WARNING:C:\Users\ugrys\AppData\Roaming\Python\Python310\site-packages\sklearn\metrics\_classification.py:1509: UndefinedMetricWarning: Recall is ill-defined and being set to 0.0 in labels with no true samples. Use `zero_division` parameter to control this behavior.
  _warn_prf(average, modifier, f"{metric.capitalize()} is", len(result))

2026-04-17 19:24:48,600:WARNING:C:\Users\ugrys\AppData\Roaming\Python\Python310\site-packages\sklearn\metrics\_classification.py:1561: UserWarning: Note that pos_label (set to 'Northern/Eastern Europe') is ignored when average != 'binary' (got 'weighted'). You may use labels=[pos_label] to specify a single positive class.
  warnings.warn(

2026-04-17 19:24:48,606:WARNING:C:\Users\ugrys\AppData\Roaming\Python\Python310\site-packages\sklearn\metrics\_classification.py:1509: UndefinedMetricWarning: Recall is ill-defined and being set to 0.0 in labels with no true samples. Use `zero_division` parameter to control this behavior.
  _warn_prf(average, modifier, f"{metric.capitalize()} is", len(result))

2026-04-17 19:24:48,606:WARNING:C:\Users\ugrys\AppData\Roaming\Python\Python310\site-packages\sklearn\metrics\_classification.py:1509: UndefinedMetricWarning: Precision is ill-defined and being set to 0.0 in labels with no predicted samples. Use `zero_division` parameter to control this behavior.
  _warn_prf(average, modifier, f"{metric.capitalize()} is", len(result))

2026-04-17 19:24:48,606:WARNING:C:\Users\ugrys\AppData\Roaming\Python\Python310\site-packages\sklearn\metrics\_classification.py:1561: UserWarning: Note that pos_label (set to 'Northern/Eastern Europe') is ignored when average != 'binary' (got 'weighted'). You may use labels=[pos_label] to specify a single positive class.
  warnings.warn(

2026-04-17 19:24:48,609:WARNING:C:\Users\ugrys\AppData\Roaming\Python\Python310\site-packages\sklearn\metrics\_classification.py:1561: UserWarning: Note that pos_label (set to 'Northern/Eastern Europe') is ignored when average != 'binary' (got 'weighted'). You may use labels=[pos_label] to specify a single positive class.
  warnings.warn(

2026-04-17 19:24:48,610:WARNING:C:\Users\ugrys\AppData\Roaming\Python\Python310\site-packages\sklearn\metrics\_classification.py:1561: UserWarning: Note that pos_label (set to 'Northern/Eastern Europe') is ignored when average != 'binary' (got 'weighted'). You may use labels=[pos_label] to specify a single positive class.
  warnings.warn(

2026-04-17 19:24:48,610:WARNING:C:\Users\ugrys\AppData\Roaming\Python\Python310\site-packages\sklearn\metrics\_classification.py:1509: UndefinedMetricWarning: Precision is ill-defined and being set to 0.0 in labels with no predicted samples. Use `zero_division` parameter to control this behavior.
  _warn_prf(average, modifier, f"{metric.capitalize()} is", len(result))

2026-04-17 19:24:48,610:WARNING:C:\Users\ugrys\AppData\Roaming\Python\Python310\site-packages\pycaret\internal\metrics.py:204: FitFailedWarning: Metric 'make_scorer(roc_auc_score, response_method=('decision_function', 'predict_proba'), average=weighted, multi_class=ovr)' failed and error score 0.0 has been returned instead. If this is a custom metric, this usually means that the error is in the metric code. Full exception below:
Traceback (most recent call last):
  File "C:\Users\ugrys\AppData\Roaming\Python\Python310\site-packages\pycaret\internal\metrics.py", line 196, in _score
    return super()._score(
  File "C:\Users\ugrys\AppData\Roaming\Python\Python310\site-packages\sklearn\metrics\_scorer.py", line 350, in _score
    return self._sign * self._score_func(y_true, y_pred, **scoring_kwargs)
  File "C:\Users\ugrys\AppData\Roaming\Python\Python310\site-packages\pycaret\internal\metrics.py", line 144, in __call__
    return self.score_func(y_true, y_pred, **kwargs)
  File "C:\Users\ugrys\AppData\Roaming\Python\Python310\site-packages\sklearn\utils\_param_validation.py", line 213, in wrapper
    return func(*args, **kwargs)
  File "C:\Users\ugrys\AppData\Roaming\Python\Python310\site-packages\sklearn\metrics\_ranking.py", line 634, in roc_auc_score
    return _multiclass_roc_auc_score(
  File "C:\Users\ugrys\AppData\Roaming\Python\Python310\site-packages\sklearn\metrics\_ranking.py", line 751, in _multiclass_roc_auc_score
    raise ValueError(
ValueError: Number of classes in y_true not equal to the number of columns in 'y_score'

  warnings.warn(

2026-04-17 19:24:48,610:WARNING:C:\Users\ugrys\AppData\Roaming\Python\Python310\site-packages\sklearn\metrics\_classification.py:1561: UserWarning: Note that pos_label (set to 'Northern/Eastern Europe') is ignored when average != 'binary' (got 'weighted'). You may use labels=[pos_label] to specify a single positive class.
  warnings.warn(

2026-04-17 19:24:48,610:WARNING:C:\Users\ugrys\AppData\Roaming\Python\Python310\site-packages\sklearn\metrics\_classification.py:1509: UndefinedMetricWarning: Precision is ill-defined and being set to 0.0 in labels with no predicted samples. Use `zero_division` parameter to control this behavior.
  _warn_prf(average, modifier, f"{metric.capitalize()} is", len(result))

2026-04-17 19:24:48,614:WARNING:C:\Users\ugrys\AppData\Roaming\Python\Python310\site-packages\pycaret\internal\metrics.py:204: FitFailedWarning: Metric 'make_scorer(roc_auc_score, response_method=('decision_function', 'predict_proba'), average=weighted, multi_class=ovr)' failed and error score 0.0 has been returned instead. If this is a custom metric, this usually means that the error is in the metric code. Full exception below:
Traceback (most recent call last):
  File "C:\Users\ugrys\AppData\Roaming\Python\Python310\site-packages\pycaret\internal\metrics.py", line 196, in _score
    return super()._score(
  File "C:\Users\ugrys\AppData\Roaming\Python\Python310\site-packages\sklearn\metrics\_scorer.py", line 350, in _score
    return self._sign * self._score_func(y_true, y_pred, **scoring_kwargs)
  File "C:\Users\ugrys\AppData\Roaming\Python\Python310\site-packages\pycaret\internal\metrics.py", line 144, in __call__
    return self.score_func(y_true, y_pred, **kwargs)
  File "C:\Users\ugrys\AppData\Roaming\Python\Python310\site-packages\sklearn\utils\_param_validation.py", line 213, in wrapper
    return func(*args, **kwargs)
  File "C:\Users\ugrys\AppData\Roaming\Python\Python310\site-packages\sklearn\metrics\_ranking.py", line 634, in roc_auc_score
    return _multiclass_roc_auc_score(
  File "C:\Users\ugrys\AppData\Roaming\Python\Python310\site-packages\sklearn\metrics\_ranking.py", line 751, in _multiclass_roc_auc_score
    raise ValueError(
ValueError: Number of classes in y_true not equal to the number of columns in 'y_score'

  warnings.warn(

2026-04-17 19:24:48,614:WARNING:C:\Users\ugrys\AppData\Roaming\Python\Python310\site-packages\sklearn\metrics\_classification.py:1509: UndefinedMetricWarning: Precision is ill-defined and being set to 0.0 in labels with no predicted samples. Use `zero_division` parameter to control this behavior.
  _warn_prf(average, modifier, f"{metric.capitalize()} is", len(result))

2026-04-17 19:24:48,614:WARNING:C:\Users\ugrys\AppData\Roaming\Python\Python310\site-packages\sklearn\metrics\_classification.py:1509: UndefinedMetricWarning: F-score is ill-defined and being set to 0.0 in labels with no true nor predicted samples. Use `zero_division` parameter to control this behavior.
  _warn_prf(average, modifier, f"{metric.capitalize()} is", len(result))

2026-04-17 19:24:48,614:WARNING:C:\Users\ugrys\AppData\Roaming\Python\Python310\site-packages\sklearn\metrics\_classification.py:1561: UserWarning: Note that pos_label (set to 'Northern/Eastern Europe') is ignored when average != 'binary' (got 'weighted'). You may use labels=[pos_label] to specify a single positive class.
  warnings.warn(

2026-04-17 19:24:48,610:WARNING:C:\Users\ugrys\AppData\Roaming\Python\Python310\site-packages\sklearn\metrics\_classification.py:1561: UserWarning: Note that pos_label (set to 'Northern/Eastern Europe') is ignored when average != 'binary' (got 'weighted'). You may use labels=[pos_label] to specify a single positive class.
  warnings.warn(

2026-04-17 19:24:48,616:WARNING:C:\Users\ugrys\AppData\Roaming\Python\Python310\site-packages\sklearn\metrics\_classification.py:1561: UserWarning: Note that pos_label (set to 'Northern/Eastern Europe') is ignored when average != 'binary' (got 'weighted'). You may use labels=[pos_label] to specify a single positive class.
  warnings.warn(

2026-04-17 19:24:48,617:WARNING:C:\Users\ugrys\AppData\Roaming\Python\Python310\site-packages\sklearn\metrics\_classification.py:1509: UndefinedMetricWarning: Recall is ill-defined and being set to 0.0 in labels with no true samples. Use `zero_division` parameter to control this behavior.
  _warn_prf(average, modifier, f"{metric.capitalize()} is", len(result))

2026-04-17 19:24:48,617:WARNING:C:\Users\ugrys\AppData\Roaming\Python\Python310\site-packages\sklearn\metrics\_classification.py:1561: UserWarning: Note that pos_label (set to 'Northern/Eastern Europe') is ignored when average != 'binary' (got 'weighted'). You may use labels=[pos_label] to specify a single positive class.
  warnings.warn(

2026-04-17 19:24:48,617:WARNING:C:\Users\ugrys\AppData\Roaming\Python\Python310\site-packages\sklearn\metrics\_classification.py:1561: UserWarning: Note that pos_label (set to 'Northern/Eastern Europe') is ignored when average != 'binary' (got 'weighted'). You may use labels=[pos_label] to specify a single positive class.
  warnings.warn(

2026-04-17 19:24:48,617:WARNING:C:\Users\ugrys\AppData\Roaming\Python\Python310\site-packages\sklearn\metrics\_classification.py:1509: UndefinedMetricWarning: F-score is ill-defined and being set to 0.0 in labels with no true nor predicted samples. Use `zero_division` parameter to control this behavior.
  _warn_prf(average, modifier, f"{metric.capitalize()} is", len(result))

2026-04-17 19:24:48,617:WARNING:C:\Users\ugrys\AppData\Roaming\Python\Python310\site-packages\sklearn\metrics\_classification.py:1509: UndefinedMetricWarning: Recall is ill-defined and being set to 0.0 in labels with no true samples. Use `zero_division` parameter to control this behavior.
  _warn_prf(average, modifier, f"{metric.capitalize()} is", len(result))

2026-04-17 19:24:48,617:WARNING:C:\Users\ugrys\AppData\Roaming\Python\Python310\site-packages\sklearn\metrics\_classification.py:1509: UndefinedMetricWarning: F-score is ill-defined and being set to 0.0 in labels with no true nor predicted samples. Use `zero_division` parameter to control this behavior.
  _warn_prf(average, modifier, f"{metric.capitalize()} is", len(result))

2026-04-17 19:24:48,617:WARNING:C:\Users\ugrys\AppData\Roaming\Python\Python310\site-packages\sklearn\metrics\_classification.py:1509: UndefinedMetricWarning: F-score is ill-defined and being set to 0.0 in labels with no true nor predicted samples. Use `zero_division` parameter to control this behavior.
  _warn_prf(average, modifier, f"{metric.capitalize()} is", len(result))

2026-04-17 19:24:48,617:WARNING:C:\Users\ugrys\AppData\Roaming\Python\Python310\site-packages\sklearn\metrics\_classification.py:1561: UserWarning: Note that pos_label (set to 'Northern/Eastern Europe') is ignored when average != 'binary' (got 'weighted'). You may use labels=[pos_label] to specify a single positive class.
  warnings.warn(

2026-04-17 19:24:48,622:WARNING:C:\Users\ugrys\AppData\Roaming\Python\Python310\site-packages\sklearn\metrics\_classification.py:1561: UserWarning: Note that pos_label (set to 'Northern/Eastern Europe') is ignored when average != 'binary' (got 'weighted'). You may use labels=[pos_label] to specify a single positive class.
  warnings.warn(

2026-04-17 19:24:48,622:WARNING:C:\Users\ugrys\AppData\Roaming\Python\Python310\site-packages\sklearn\metrics\_classification.py:1509: UndefinedMetricWarning: Precision is ill-defined and being set to 0.0 in labels with no predicted samples. Use `zero_division` parameter to control this behavior.
  _warn_prf(average, modifier, f"{metric.capitalize()} is", len(result))

2026-04-17 19:24:48,624:WARNING:C:\Users\ugrys\AppData\Roaming\Python\Python310\site-packages\sklearn\metrics\_classification.py:1561: UserWarning: Note that pos_label (set to 'Northern/Eastern Europe') is ignored when average != 'binary' (got 'weighted'). You may use labels=[pos_label] to specify a single positive class.
  warnings.warn(

2026-04-17 19:24:48,624:WARNING:C:\Users\ugrys\AppData\Roaming\Python\Python310\site-packages\sklearn\metrics\_classification.py:1509: UndefinedMetricWarning: Precision is ill-defined and being set to 0.0 in labels with no predicted samples. Use `zero_division` parameter to control this behavior.
  _warn_prf(average, modifier, f"{metric.capitalize()} is", len(result))

2026-04-17 19:24:48,624:WARNING:C:\Users\ugrys\AppData\Roaming\Python\Python310\site-packages\sklearn\metrics\_classification.py:1509: UndefinedMetricWarning: Precision is ill-defined and being set to 0.0 in labels with no predicted samples. Use `zero_division` parameter to control this behavior.
  _warn_prf(average, modifier, f"{metric.capitalize()} is", len(result))

2026-04-17 19:24:48,624:WARNING:C:\Users\ugrys\AppData\Roaming\Python\Python310\site-packages\sklearn\metrics\_classification.py:1561: UserWarning: Note that pos_label (set to 'Northern/Eastern Europe') is ignored when average != 'binary' (got 'weighted'). You may use labels=[pos_label] to specify a single positive class.
  warnings.warn(

2026-04-17 19:24:48,630:WARNING:C:\Users\ugrys\AppData\Roaming\Python\Python310\site-packages\sklearn\metrics\_classification.py:1561: UserWarning: Note that pos_label (set to 'Northern/Eastern Europe') is ignored when average != 'binary' (got 'weighted'). You may use labels=[pos_label] to specify a single positive class.
  warnings.warn(

2026-04-17 19:24:48,630:WARNING:C:\Users\ugrys\AppData\Roaming\Python\Python310\site-packages\sklearn\metrics\_classification.py:1561: UserWarning: Note that pos_label (set to 'Northern/Eastern Europe') is ignored when average != 'binary' (got 'weighted'). You may use labels=[pos_label] to specify a single positive class.
  warnings.warn(

2026-04-17 19:24:48,630:WARNING:C:\Users\ugrys\AppData\Roaming\Python\Python310\site-packages\sklearn\metrics\_classification.py:1509: UndefinedMetricWarning: F-score is ill-defined and being set to 0.0 in labels with no true nor predicted samples. Use `zero_division` parameter to control this behavior.
  _warn_prf(average, modifier, f"{metric.capitalize()} is", len(result))

2026-04-17 19:24:48,630:WARNING:C:\Users\ugrys\AppData\Roaming\Python\Python310\site-packages\sklearn\metrics\_classification.py:1509: UndefinedMetricWarning: F-score is ill-defined and being set to 0.0 in labels with no true nor predicted samples. Use `zero_division` parameter to control this behavior.
  _warn_prf(average, modifier, f"{metric.capitalize()} is", len(result))

2026-04-17 19:24:52,353:WARNING:C:\Users\ugrys\AppData\Roaming\Python\Python310\site-packages\sklearn\metrics\_classification.py:1561: UserWarning: Note that pos_label (set to 'Northern/Eastern Europe') is ignored when average != 'binary' (got 'weighted'). You may use labels=[pos_label] to specify a single positive class.
  warnings.warn(

2026-04-17 19:24:52,355:WARNING:C:\Users\ugrys\AppData\Roaming\Python\Python310\site-packages\sklearn\metrics\_classification.py:1561: UserWarning: Note that pos_label (set to 'Northern/Eastern Europe') is ignored when average != 'binary' (got 'weighted'). You may use labels=[pos_label] to specify a single positive class.
  warnings.warn(

2026-04-17 19:24:52,355:WARNING:C:\Users\ugrys\AppData\Roaming\Python\Python310\site-packages\sklearn\metrics\_classification.py:1509: UndefinedMetricWarning: Precision is ill-defined and being set to 0.0 in labels with no predicted samples. Use `zero_division` parameter to control this behavior.
  _warn_prf(average, modifier, f"{metric.capitalize()} is", len(result))

2026-04-17 19:24:52,358:WARNING:C:\Users\ugrys\AppData\Roaming\Python\Python310\site-packages\sklearn\metrics\_classification.py:1561: UserWarning: Note that pos_label (set to 'Northern/Eastern Europe') is ignored when average != 'binary' (got 'weighted'). You may use labels=[pos_label] to specify a single positive class.
  warnings.warn(

2026-04-17 19:24:52,551:WARNING:C:\Users\ugrys\AppData\Roaming\Python\Python310\site-packages\pycaret\internal\metrics.py:204: FitFailedWarning: Metric 'make_scorer(roc_auc_score, response_method=('decision_function', 'predict_proba'), average=weighted, multi_class=ovr)' failed and error score 0.0 has been returned instead. If this is a custom metric, this usually means that the error is in the metric code. Full exception below:
Traceback (most recent call last):
  File "C:\Users\ugrys\AppData\Roaming\Python\Python310\site-packages\pycaret\internal\metrics.py", line 196, in _score
    return super()._score(
  File "C:\Users\ugrys\AppData\Roaming\Python\Python310\site-packages\sklearn\metrics\_scorer.py", line 350, in _score
    return self._sign * self._score_func(y_true, y_pred, **scoring_kwargs)
  File "C:\Users\ugrys\AppData\Roaming\Python\Python310\site-packages\pycaret\internal\metrics.py", line 144, in __call__
    return self.score_func(y_true, y_pred, **kwargs)
  File "C:\Users\ugrys\AppData\Roaming\Python\Python310\site-packages\sklearn\utils\_param_validation.py", line 213, in wrapper
    return func(*args, **kwargs)
  File "C:\Users\ugrys\AppData\Roaming\Python\Python310\site-packages\sklearn\metrics\_ranking.py", line 634, in roc_auc_score
    return _multiclass_roc_auc_score(
  File "C:\Users\ugrys\AppData\Roaming\Python\Python310\site-packages\sklearn\metrics\_ranking.py", line 751, in _multiclass_roc_auc_score
    raise ValueError(
ValueError: Number of classes in y_true not equal to the number of columns in 'y_score'

  warnings.warn(

2026-04-17 19:24:52,556:WARNING:C:\Users\ugrys\AppData\Roaming\Python\Python310\site-packages\sklearn\metrics\_classification.py:1561: UserWarning: Note that pos_label (set to 'Northern/Eastern Europe') is ignored when average != 'binary' (got 'weighted'). You may use labels=[pos_label] to specify a single positive class.
  warnings.warn(

2026-04-17 19:24:52,556:WARNING:C:\Users\ugrys\AppData\Roaming\Python\Python310\site-packages\sklearn\metrics\_classification.py:1509: UndefinedMetricWarning: Recall is ill-defined and being set to 0.0 in labels with no true samples. Use `zero_division` parameter to control this behavior.
  _warn_prf(average, modifier, f"{metric.capitalize()} is", len(result))

2026-04-17 19:24:52,561:WARNING:C:\Users\ugrys\AppData\Roaming\Python\Python310\site-packages\sklearn\metrics\_classification.py:1561: UserWarning: Note that pos_label (set to 'Northern/Eastern Europe') is ignored when average != 'binary' (got 'weighted'). You may use labels=[pos_label] to specify a single positive class.
  warnings.warn(

2026-04-17 19:24:52,562:WARNING:C:\Users\ugrys\AppData\Roaming\Python\Python310\site-packages\sklearn\metrics\_classification.py:1509: UndefinedMetricWarning: Precision is ill-defined and being set to 0.0 in labels with no predicted samples. Use `zero_division` parameter to control this behavior.
  _warn_prf(average, modifier, f"{metric.capitalize()} is", len(result))

2026-04-17 19:24:52,565:WARNING:C:\Users\ugrys\AppData\Roaming\Python\Python310\site-packages\sklearn\metrics\_classification.py:1561: UserWarning: Note that pos_label (set to 'Northern/Eastern Europe') is ignored when average != 'binary' (got 'weighted'). You may use labels=[pos_label] to specify a single positive class.
  warnings.warn(

2026-04-17 19:24:52,565:WARNING:C:\Users\ugrys\AppData\Roaming\Python\Python310\site-packages\sklearn\metrics\_classification.py:1509: UndefinedMetricWarning: F-score is ill-defined and being set to 0.0 in labels with no true nor predicted samples. Use `zero_division` parameter to control this behavior.
  _warn_prf(average, modifier, f"{metric.capitalize()} is", len(result))

2026-04-17 19:24:52,583:INFO:Calculating mean and std
2026-04-17 19:24:52,583:INFO:Creating metrics dataframe
2026-04-17 19:24:52,586:INFO:Uploading results into container
2026-04-17 19:24:52,587:INFO:Uploading model into container now
2026-04-17 19:24:52,587:INFO:_master_model_container: 2
2026-04-17 19:24:52,587:INFO:_display_container: 2
2026-04-17 19:24:52,588:INFO:DecisionTreeClassifier(ccp_alpha=0.0, class_weight=None, criterion='gini',
                       max_depth=None, max_features=None, max_leaf_nodes=None,
                       min_impurity_decrease=0.0, min_samples_leaf=1,
                       min_samples_split=2, min_weight_fraction_leaf=0.0,
                       monotonic_cst=None, random_state=42, splitter='best')
2026-04-17 19:24:52,588:INFO:create_model() successfully completed......................................
2026-04-17 19:24:52,736:INFO:SubProcess create_model() end ==================================
2026-04-17 19:24:52,736:INFO:Creating metrics dataframe
2026-04-17 19:24:52,738:INFO:Initializing Random Forest Classifier
2026-04-17 19:24:52,738:INFO:Total runtime is 0.4353302597999573 minutes
2026-04-17 19:24:52,738:INFO:SubProcess create_model() called ==================================
2026-04-17 19:24:52,738:INFO:Initializing create_model()
2026-04-17 19:24:52,738:INFO:create_model(self=<pycaret.classification.oop.ClassificationExperiment object at 0x00000227EF92E0E0>, estimator=rf, fold=StratifiedKFold(n_splits=10, random_state=None, shuffle=False), round=4, cross_validation=True, predict=True, fit_kwargs={}, groups=None, refit=False, probability_threshold=None, experiment_custom_tags=None, verbose=False, system=False, add_to_model_list=True, metrics=None, display=<pycaret.internal.display.display.CommonDisplay object at 0x000002283C35C3D0>, model_only=True, return_train_score=False, error_score=0.0, kwargs={})
2026-04-17 19:24:52,738:INFO:Checking exceptions
2026-04-17 19:24:52,738:INFO:Importing libraries
2026-04-17 19:24:52,738:INFO:Copying training dataset
2026-04-17 19:24:52,747:INFO:Defining folds
2026-04-17 19:24:52,747:INFO:Declaring metric variables
2026-04-17 19:24:52,747:INFO:Importing untrained model
2026-04-17 19:24:52,747:INFO:Random Forest Classifier Imported successfully
2026-04-17 19:24:52,747:INFO:Starting cross validation
2026-04-17 19:24:52,748:INFO:Cross validating with StratifiedKFold(n_splits=10, random_state=None, shuffle=False), n_jobs=-1
2026-04-17 19:24:52,752:WARNING:C:\Users\ugrys\AppData\Roaming\Python\Python310\site-packages\sklearn\model_selection\_split.py:737: UserWarning: The least populated class in y has only 2 members, which is less than n_splits=10.
  warnings.warn(

2026-04-17 19:24:53,610:WARNING:C:\Users\ugrys\AppData\Roaming\Python\Python310\site-packages\pycaret\internal\metrics.py:204: FitFailedWarning: Metric 'make_scorer(roc_auc_score, response_method=('decision_function', 'predict_proba'), average=weighted, multi_class=ovr)' failed and error score 0.0 has been returned instead. If this is a custom metric, this usually means that the error is in the metric code. Full exception below:
Traceback (most recent call last):
  File "C:\Users\ugrys\AppData\Roaming\Python\Python310\site-packages\pycaret\internal\metrics.py", line 196, in _score
    return super()._score(
  File "C:\Users\ugrys\AppData\Roaming\Python\Python310\site-packages\sklearn\metrics\_scorer.py", line 350, in _score
    return self._sign * self._score_func(y_true, y_pred, **scoring_kwargs)
  File "C:\Users\ugrys\AppData\Roaming\Python\Python310\site-packages\pycaret\internal\metrics.py", line 144, in __call__
    return self.score_func(y_true, y_pred, **kwargs)
  File "C:\Users\ugrys\AppData\Roaming\Python\Python310\site-packages\sklearn\utils\_param_validation.py", line 213, in wrapper
    return func(*args, **kwargs)
  File "C:\Users\ugrys\AppData\Roaming\Python\Python310\site-packages\sklearn\metrics\_ranking.py", line 634, in roc_auc_score
    return _multiclass_roc_auc_score(
  File "C:\Users\ugrys\AppData\Roaming\Python\Python310\site-packages\sklearn\metrics\_ranking.py", line 751, in _multiclass_roc_auc_score
    raise ValueError(
ValueError: Number of classes in y_true not equal to the number of columns in 'y_score'

  warnings.warn(

2026-04-17 19:24:53,614:WARNING:C:\Users\ugrys\AppData\Roaming\Python\Python310\site-packages\pycaret\internal\metrics.py:204: FitFailedWarning: Metric 'make_scorer(roc_auc_score, response_method=('decision_function', 'predict_proba'), average=weighted, multi_class=ovr)' failed and error score 0.0 has been returned instead. If this is a custom metric, this usually means that the error is in the metric code. Full exception below:
Traceback (most recent call last):
  File "C:\Users\ugrys\AppData\Roaming\Python\Python310\site-packages\pycaret\internal\metrics.py", line 196, in _score
    return super()._score(
  File "C:\Users\ugrys\AppData\Roaming\Python\Python310\site-packages\sklearn\metrics\_scorer.py", line 350, in _score
    return self._sign * self._score_func(y_true, y_pred, **scoring_kwargs)
  File "C:\Users\ugrys\AppData\Roaming\Python\Python310\site-packages\pycaret\internal\metrics.py", line 144, in __call__
    return self.score_func(y_true, y_pred, **kwargs)
  File "C:\Users\ugrys\AppData\Roaming\Python\Python310\site-packages\sklearn\utils\_param_validation.py", line 213, in wrapper
    return func(*args, **kwargs)
  File "C:\Users\ugrys\AppData\Roaming\Python\Python310\site-packages\sklearn\metrics\_ranking.py", line 634, in roc_auc_score
    return _multiclass_roc_auc_score(
  File "C:\Users\ugrys\AppData\Roaming\Python\Python310\site-packages\sklearn\metrics\_ranking.py", line 751, in _multiclass_roc_auc_score
    raise ValueError(
ValueError: Number of classes in y_true not equal to the number of columns in 'y_score'

  warnings.warn(

2026-04-17 19:24:53,614:WARNING:C:\Users\ugrys\AppData\Roaming\Python\Python310\site-packages\pycaret\internal\metrics.py:204: FitFailedWarning: Metric 'make_scorer(roc_auc_score, response_method=('decision_function', 'predict_proba'), average=weighted, multi_class=ovr)' failed and error score 0.0 has been returned instead. If this is a custom metric, this usually means that the error is in the metric code. Full exception below:
Traceback (most recent call last):
  File "C:\Users\ugrys\AppData\Roaming\Python\Python310\site-packages\pycaret\internal\metrics.py", line 196, in _score
    return super()._score(
  File "C:\Users\ugrys\AppData\Roaming\Python\Python310\site-packages\sklearn\metrics\_scorer.py", line 350, in _score
    return self._sign * self._score_func(y_true, y_pred, **scoring_kwargs)
  File "C:\Users\ugrys\AppData\Roaming\Python\Python310\site-packages\pycaret\internal\metrics.py", line 144, in __call__
    return self.score_func(y_true, y_pred, **kwargs)
  File "C:\Users\ugrys\AppData\Roaming\Python\Python310\site-packages\sklearn\utils\_param_validation.py", line 213, in wrapper
    return func(*args, **kwargs)
  File "C:\Users\ugrys\AppData\Roaming\Python\Python310\site-packages\sklearn\metrics\_ranking.py", line 634, in roc_auc_score
    return _multiclass_roc_auc_score(
  File "C:\Users\ugrys\AppData\Roaming\Python\Python310\site-packages\sklearn\metrics\_ranking.py", line 751, in _multiclass_roc_auc_score
    raise ValueError(
ValueError: Number of classes in y_true not equal to the number of columns in 'y_score'

  warnings.warn(

2026-04-17 19:24:53,614:WARNING:C:\Users\ugrys\AppData\Roaming\Python\Python310\site-packages\sklearn\metrics\_classification.py:1561: UserWarning: Note that pos_label (set to 'Northern/Eastern Europe') is ignored when average != 'binary' (got 'weighted'). You may use labels=[pos_label] to specify a single positive class.
  warnings.warn(

2026-04-17 19:24:53,614:WARNING:C:\Users\ugrys\AppData\Roaming\Python\Python310\site-packages\sklearn\metrics\_classification.py:1561: UserWarning: Note that pos_label (set to 'Northern/Eastern Europe') is ignored when average != 'binary' (got 'weighted'). You may use labels=[pos_label] to specify a single positive class.
  warnings.warn(

2026-04-17 19:24:53,617:WARNING:C:\Users\ugrys\AppData\Roaming\Python\Python310\site-packages\sklearn\metrics\_classification.py:1561: UserWarning: Note that pos_label (set to 'Northern/Eastern Europe') is ignored when average != 'binary' (got 'weighted'). You may use labels=[pos_label] to specify a single positive class.
  warnings.warn(

2026-04-17 19:24:53,617:WARNING:C:\Users\ugrys\AppData\Roaming\Python\Python310\site-packages\sklearn\metrics\_classification.py:1509: UndefinedMetricWarning: Recall is ill-defined and being set to 0.0 in labels with no true samples. Use `zero_division` parameter to control this behavior.
  _warn_prf(average, modifier, f"{metric.capitalize()} is", len(result))

2026-04-17 19:24:53,617:WARNING:C:\Users\ugrys\AppData\Roaming\Python\Python310\site-packages\sklearn\metrics\_classification.py:1509: UndefinedMetricWarning: Recall is ill-defined and being set to 0.0 in labels with no true samples. Use `zero_division` parameter to control this behavior.
  _warn_prf(average, modifier, f"{metric.capitalize()} is", len(result))

2026-04-17 19:24:53,617:WARNING:C:\Users\ugrys\AppData\Roaming\Python\Python310\site-packages\sklearn\metrics\_classification.py:1561: UserWarning: Note that pos_label (set to 'Northern/Eastern Europe') is ignored when average != 'binary' (got 'weighted'). You may use labels=[pos_label] to specify a single positive class.
  warnings.warn(

2026-04-17 19:24:53,623:WARNING:C:\Users\ugrys\AppData\Roaming\Python\Python310\site-packages\sklearn\metrics\_classification.py:1561: UserWarning: Note that pos_label (set to 'Northern/Eastern Europe') is ignored when average != 'binary' (got 'weighted'). You may use labels=[pos_label] to specify a single positive class.
  warnings.warn(

2026-04-17 19:24:53,623:WARNING:C:\Users\ugrys\AppData\Roaming\Python\Python310\site-packages\sklearn\metrics\_classification.py:1561: UserWarning: Note that pos_label (set to 'Northern/Eastern Europe') is ignored when average != 'binary' (got 'weighted'). You may use labels=[pos_label] to specify a single positive class.
  warnings.warn(

2026-04-17 19:24:53,630:WARNING:C:\Users\ugrys\AppData\Roaming\Python\Python310\site-packages\sklearn\metrics\_classification.py:1509: UndefinedMetricWarning: Precision is ill-defined and being set to 0.0 in labels with no predicted samples. Use `zero_division` parameter to control this behavior.
  _warn_prf(average, modifier, f"{metric.capitalize()} is", len(result))

2026-04-17 19:24:53,630:WARNING:C:\Users\ugrys\AppData\Roaming\Python\Python310\site-packages\sklearn\metrics\_classification.py:1509: UndefinedMetricWarning: Precision is ill-defined and being set to 0.0 in labels with no predicted samples. Use `zero_division` parameter to control this behavior.
  _warn_prf(average, modifier, f"{metric.capitalize()} is", len(result))

2026-04-17 19:24:53,630:WARNING:C:\Users\ugrys\AppData\Roaming\Python\Python310\site-packages\sklearn\metrics\_classification.py:1509: UndefinedMetricWarning: Precision is ill-defined and being set to 0.0 in labels with no predicted samples. Use `zero_division` parameter to control this behavior.
  _warn_prf(average, modifier, f"{metric.capitalize()} is", len(result))

2026-04-17 19:24:53,630:WARNING:C:\Users\ugrys\AppData\Roaming\Python\Python310\site-packages\pycaret\internal\metrics.py:204: FitFailedWarning: Metric 'make_scorer(roc_auc_score, response_method=('decision_function', 'predict_proba'), average=weighted, multi_class=ovr)' failed and error score 0.0 has been returned instead. If this is a custom metric, this usually means that the error is in the metric code. Full exception below:
Traceback (most recent call last):
  File "C:\Users\ugrys\AppData\Roaming\Python\Python310\site-packages\pycaret\internal\metrics.py", line 196, in _score
    return super()._score(
  File "C:\Users\ugrys\AppData\Roaming\Python\Python310\site-packages\sklearn\metrics\_scorer.py", line 350, in _score
    return self._sign * self._score_func(y_true, y_pred, **scoring_kwargs)
  File "C:\Users\ugrys\AppData\Roaming\Python\Python310\site-packages\pycaret\internal\metrics.py", line 144, in __call__
    return self.score_func(y_true, y_pred, **kwargs)
  File "C:\Users\ugrys\AppData\Roaming\Python\Python310\site-packages\sklearn\utils\_param_validation.py", line 213, in wrapper
    return func(*args, **kwargs)
  File "C:\Users\ugrys\AppData\Roaming\Python\Python310\site-packages\sklearn\metrics\_ranking.py", line 634, in roc_auc_score
    return _multiclass_roc_auc_score(
  File "C:\Users\ugrys\AppData\Roaming\Python\Python310\site-packages\sklearn\metrics\_ranking.py", line 751, in _multiclass_roc_auc_score
    raise ValueError(
ValueError: Number of classes in y_true not equal to the number of columns in 'y_score'

  warnings.warn(

2026-04-17 19:24:53,630:WARNING:C:\Users\ugrys\AppData\Roaming\Python\Python310\site-packages\sklearn\metrics\_classification.py:1561: UserWarning: Note that pos_label (set to 'Northern/Eastern Europe') is ignored when average != 'binary' (got 'weighted'). You may use labels=[pos_label] to specify a single positive class.
  warnings.warn(

2026-04-17 19:24:53,636:WARNING:C:\Users\ugrys\AppData\Roaming\Python\Python310\site-packages\pycaret\internal\metrics.py:204: FitFailedWarning: Metric 'make_scorer(roc_auc_score, response_method=('decision_function', 'predict_proba'), average=weighted, multi_class=ovr)' failed and error score 0.0 has been returned instead. If this is a custom metric, this usually means that the error is in the metric code. Full exception below:
Traceback (most recent call last):
  File "C:\Users\ugrys\AppData\Roaming\Python\Python310\site-packages\pycaret\internal\metrics.py", line 196, in _score
    return super()._score(
  File "C:\Users\ugrys\AppData\Roaming\Python\Python310\site-packages\sklearn\metrics\_scorer.py", line 350, in _score
    return self._sign * self._score_func(y_true, y_pred, **scoring_kwargs)
  File "C:\Users\ugrys\AppData\Roaming\Python\Python310\site-packages\pycaret\internal\metrics.py", line 144, in __call__
    return self.score_func(y_true, y_pred, **kwargs)
  File "C:\Users\ugrys\AppData\Roaming\Python\Python310\site-packages\sklearn\utils\_param_validation.py", line 213, in wrapper
    return func(*args, **kwargs)
  File "C:\Users\ugrys\AppData\Roaming\Python\Python310\site-packages\sklearn\metrics\_ranking.py", line 634, in roc_auc_score
    return _multiclass_roc_auc_score(
  File "C:\Users\ugrys\AppData\Roaming\Python\Python310\site-packages\sklearn\metrics\_ranking.py", line 751, in _multiclass_roc_auc_score
    raise ValueError(
ValueError: Number of classes in y_true not equal to the number of columns in 'y_score'

  warnings.warn(

2026-04-17 19:24:53,637:WARNING:C:\Users\ugrys\AppData\Roaming\Python\Python310\site-packages\sklearn\metrics\_classification.py:1561: UserWarning: Note that pos_label (set to 'Northern/Eastern Europe') is ignored when average != 'binary' (got 'weighted'). You may use labels=[pos_label] to specify a single positive class.
  warnings.warn(

2026-04-17 19:24:53,637:WARNING:C:\Users\ugrys\AppData\Roaming\Python\Python310\site-packages\sklearn\metrics\_classification.py:1561: UserWarning: Note that pos_label (set to 'Northern/Eastern Europe') is ignored when average != 'binary' (got 'weighted'). You may use labels=[pos_label] to specify a single positive class.
  warnings.warn(

2026-04-17 19:24:53,637:WARNING:C:\Users\ugrys\AppData\Roaming\Python\Python310\site-packages\pycaret\internal\metrics.py:204: FitFailedWarning: Metric 'make_scorer(roc_auc_score, response_method=('decision_function', 'predict_proba'), average=weighted, multi_class=ovr)' failed and error score 0.0 has been returned instead. If this is a custom metric, this usually means that the error is in the metric code. Full exception below:
Traceback (most recent call last):
  File "C:\Users\ugrys\AppData\Roaming\Python\Python310\site-packages\pycaret\internal\metrics.py", line 196, in _score
    return super()._score(
  File "C:\Users\ugrys\AppData\Roaming\Python\Python310\site-packages\sklearn\metrics\_scorer.py", line 350, in _score
    return self._sign * self._score_func(y_true, y_pred, **scoring_kwargs)
  File "C:\Users\ugrys\AppData\Roaming\Python\Python310\site-packages\pycaret\internal\metrics.py", line 144, in __call__
    return self.score_func(y_true, y_pred, **kwargs)
  File "C:\Users\ugrys\AppData\Roaming\Python\Python310\site-packages\sklearn\utils\_param_validation.py", line 213, in wrapper
    return func(*args, **kwargs)
  File "C:\Users\ugrys\AppData\Roaming\Python\Python310\site-packages\sklearn\metrics\_ranking.py", line 634, in roc_auc_score
    return _multiclass_roc_auc_score(
  File "C:\Users\ugrys\AppData\Roaming\Python\Python310\site-packages\sklearn\metrics\_ranking.py", line 751, in _multiclass_roc_auc_score
    raise ValueError(
ValueError: Number of classes in y_true not equal to the number of columns in 'y_score'

  warnings.warn(

2026-04-17 19:24:53,640:WARNING:C:\Users\ugrys\AppData\Roaming\Python\Python310\site-packages\sklearn\metrics\_classification.py:1509: UndefinedMetricWarning: F-score is ill-defined and being set to 0.0 in labels with no true nor predicted samples. Use `zero_division` parameter to control this behavior.
  _warn_prf(average, modifier, f"{metric.capitalize()} is", len(result))

2026-04-17 19:24:53,640:WARNING:C:\Users\ugrys\AppData\Roaming\Python\Python310\site-packages\sklearn\metrics\_classification.py:1509: UndefinedMetricWarning: Recall is ill-defined and being set to 0.0 in labels with no true samples. Use `zero_division` parameter to control this behavior.
  _warn_prf(average, modifier, f"{metric.capitalize()} is", len(result))

2026-04-17 19:24:53,641:WARNING:C:\Users\ugrys\AppData\Roaming\Python\Python310\site-packages\sklearn\metrics\_classification.py:1561: UserWarning: Note that pos_label (set to 'Northern/Eastern Europe') is ignored when average != 'binary' (got 'weighted'). You may use labels=[pos_label] to specify a single positive class.
  warnings.warn(

2026-04-17 19:24:53,641:WARNING:C:\Users\ugrys\AppData\Roaming\Python\Python310\site-packages\sklearn\metrics\_classification.py:1561: UserWarning: Note that pos_label (set to 'Northern/Eastern Europe') is ignored when average != 'binary' (got 'weighted'). You may use labels=[pos_label] to specify a single positive class.
  warnings.warn(

2026-04-17 19:24:53,641:WARNING:C:\Users\ugrys\AppData\Roaming\Python\Python310\site-packages\sklearn\metrics\_classification.py:1509: UndefinedMetricWarning: F-score is ill-defined and being set to 0.0 in labels with no true nor predicted samples. Use `zero_division` parameter to control this behavior.
  _warn_prf(average, modifier, f"{metric.capitalize()} is", len(result))

2026-04-17 19:24:53,641:WARNING:C:\Users\ugrys\AppData\Roaming\Python\Python310\site-packages\sklearn\metrics\_classification.py:1509: UndefinedMetricWarning: F-score is ill-defined and being set to 0.0 in labels with no true nor predicted samples. Use `zero_division` parameter to control this behavior.
  _warn_prf(average, modifier, f"{metric.capitalize()} is", len(result))

2026-04-17 19:24:53,641:WARNING:C:\Users\ugrys\AppData\Roaming\Python\Python310\site-packages\sklearn\metrics\_classification.py:1561: UserWarning: Note that pos_label (set to 'Northern/Eastern Europe') is ignored when average != 'binary' (got 'weighted'). You may use labels=[pos_label] to specify a single positive class.
  warnings.warn(

2026-04-17 19:24:53,644:WARNING:C:\Users\ugrys\AppData\Roaming\Python\Python310\site-packages\sklearn\metrics\_classification.py:1509: UndefinedMetricWarning: Recall is ill-defined and being set to 0.0 in labels with no true samples. Use `zero_division` parameter to control this behavior.
  _warn_prf(average, modifier, f"{metric.capitalize()} is", len(result))

2026-04-17 19:24:53,644:WARNING:C:\Users\ugrys\AppData\Roaming\Python\Python310\site-packages\sklearn\metrics\_classification.py:1509: UndefinedMetricWarning: Recall is ill-defined and being set to 0.0 in labels with no true samples. Use `zero_division` parameter to control this behavior.
  _warn_prf(average, modifier, f"{metric.capitalize()} is", len(result))

2026-04-17 19:24:53,644:WARNING:C:\Users\ugrys\AppData\Roaming\Python\Python310\site-packages\sklearn\metrics\_classification.py:1561: UserWarning: Note that pos_label (set to 'Northern/Eastern Europe') is ignored when average != 'binary' (got 'weighted'). You may use labels=[pos_label] to specify a single positive class.
  warnings.warn(

2026-04-17 19:24:53,647:WARNING:C:\Users\ugrys\AppData\Roaming\Python\Python310\site-packages\sklearn\metrics\_classification.py:1561: UserWarning: Note that pos_label (set to 'Northern/Eastern Europe') is ignored when average != 'binary' (got 'weighted'). You may use labels=[pos_label] to specify a single positive class.
  warnings.warn(

2026-04-17 19:24:53,648:WARNING:C:\Users\ugrys\AppData\Roaming\Python\Python310\site-packages\sklearn\metrics\_classification.py:1509: UndefinedMetricWarning: Precision is ill-defined and being set to 0.0 in labels with no predicted samples. Use `zero_division` parameter to control this behavior.
  _warn_prf(average, modifier, f"{metric.capitalize()} is", len(result))

2026-04-17 19:24:53,649:WARNING:C:\Users\ugrys\AppData\Roaming\Python\Python310\site-packages\sklearn\metrics\_classification.py:1561: UserWarning: Note that pos_label (set to 'Northern/Eastern Europe') is ignored when average != 'binary' (got 'weighted'). You may use labels=[pos_label] to specify a single positive class.
  warnings.warn(

2026-04-17 19:24:53,649:WARNING:C:\Users\ugrys\AppData\Roaming\Python\Python310\site-packages\sklearn\metrics\_classification.py:1561: UserWarning: Note that pos_label (set to 'Northern/Eastern Europe') is ignored when average != 'binary' (got 'weighted'). You may use labels=[pos_label] to specify a single positive class.
  warnings.warn(

2026-04-17 19:24:53,651:WARNING:C:\Users\ugrys\AppData\Roaming\Python\Python310\site-packages\sklearn\metrics\_classification.py:1509: UndefinedMetricWarning: Precision is ill-defined and being set to 0.0 in labels with no predicted samples. Use `zero_division` parameter to control this behavior.
  _warn_prf(average, modifier, f"{metric.capitalize()} is", len(result))

2026-04-17 19:24:53,651:WARNING:C:\Users\ugrys\AppData\Roaming\Python\Python310\site-packages\sklearn\metrics\_classification.py:1561: UserWarning: Note that pos_label (set to 'Northern/Eastern Europe') is ignored when average != 'binary' (got 'weighted'). You may use labels=[pos_label] to specify a single positive class.
  warnings.warn(

2026-04-17 19:24:53,652:WARNING:C:\Users\ugrys\AppData\Roaming\Python\Python310\site-packages\sklearn\metrics\_classification.py:1561: UserWarning: Note that pos_label (set to 'Northern/Eastern Europe') is ignored when average != 'binary' (got 'weighted'). You may use labels=[pos_label] to specify a single positive class.
  warnings.warn(

2026-04-17 19:24:53,653:WARNING:C:\Users\ugrys\AppData\Roaming\Python\Python310\site-packages\sklearn\metrics\_classification.py:1509: UndefinedMetricWarning: Precision is ill-defined and being set to 0.0 in labels with no predicted samples. Use `zero_division` parameter to control this behavior.
  _warn_prf(average, modifier, f"{metric.capitalize()} is", len(result))

2026-04-17 19:24:53,653:WARNING:C:\Users\ugrys\AppData\Roaming\Python\Python310\site-packages\sklearn\metrics\_classification.py:1509: UndefinedMetricWarning: F-score is ill-defined and being set to 0.0 in labels with no true nor predicted samples. Use `zero_division` parameter to control this behavior.
  _warn_prf(average, modifier, f"{metric.capitalize()} is", len(result))

2026-04-17 19:24:53,653:WARNING:C:\Users\ugrys\AppData\Roaming\Python\Python310\site-packages\sklearn\metrics\_classification.py:1561: UserWarning: Note that pos_label (set to 'Northern/Eastern Europe') is ignored when average != 'binary' (got 'weighted'). You may use labels=[pos_label] to specify a single positive class.
  warnings.warn(

2026-04-17 19:24:53,653:WARNING:C:\Users\ugrys\AppData\Roaming\Python\Python310\site-packages\sklearn\metrics\_classification.py:1561: UserWarning: Note that pos_label (set to 'Northern/Eastern Europe') is ignored when average != 'binary' (got 'weighted'). You may use labels=[pos_label] to specify a single positive class.
  warnings.warn(

2026-04-17 19:24:53,653:WARNING:C:\Users\ugrys\AppData\Roaming\Python\Python310\site-packages\sklearn\metrics\_classification.py:1561: UserWarning: Note that pos_label (set to 'Northern/Eastern Europe') is ignored when average != 'binary' (got 'weighted'). You may use labels=[pos_label] to specify a single positive class.
  warnings.warn(

2026-04-17 19:24:53,653:WARNING:C:\Users\ugrys\AppData\Roaming\Python\Python310\site-packages\sklearn\metrics\_classification.py:1509: UndefinedMetricWarning: Precision is ill-defined and being set to 0.0 in labels with no predicted samples. Use `zero_division` parameter to control this behavior.
  _warn_prf(average, modifier, f"{metric.capitalize()} is", len(result))

2026-04-17 19:24:53,653:WARNING:C:\Users\ugrys\AppData\Roaming\Python\Python310\site-packages\sklearn\metrics\_classification.py:1509: UndefinedMetricWarning: Precision is ill-defined and being set to 0.0 in labels with no predicted samples. Use `zero_division` parameter to control this behavior.
  _warn_prf(average, modifier, f"{metric.capitalize()} is", len(result))

2026-04-17 19:24:53,658:WARNING:C:\Users\ugrys\AppData\Roaming\Python\Python310\site-packages\sklearn\metrics\_classification.py:1509: UndefinedMetricWarning: F-score is ill-defined and being set to 0.0 in labels with no true nor predicted samples. Use `zero_division` parameter to control this behavior.
  _warn_prf(average, modifier, f"{metric.capitalize()} is", len(result))

2026-04-17 19:24:53,658:WARNING:C:\Users\ugrys\AppData\Roaming\Python\Python310\site-packages\pycaret\internal\metrics.py:204: FitFailedWarning: Metric 'make_scorer(roc_auc_score, response_method=('decision_function', 'predict_proba'), average=weighted, multi_class=ovr)' failed and error score 0.0 has been returned instead. If this is a custom metric, this usually means that the error is in the metric code. Full exception below:
Traceback (most recent call last):
  File "C:\Users\ugrys\AppData\Roaming\Python\Python310\site-packages\pycaret\internal\metrics.py", line 196, in _score
    return super()._score(
  File "C:\Users\ugrys\AppData\Roaming\Python\Python310\site-packages\sklearn\metrics\_scorer.py", line 350, in _score
    return self._sign * self._score_func(y_true, y_pred, **scoring_kwargs)
  File "C:\Users\ugrys\AppData\Roaming\Python\Python310\site-packages\pycaret\internal\metrics.py", line 144, in __call__
    return self.score_func(y_true, y_pred, **kwargs)
  File "C:\Users\ugrys\AppData\Roaming\Python\Python310\site-packages\sklearn\utils\_param_validation.py", line 213, in wrapper
    return func(*args, **kwargs)
  File "C:\Users\ugrys\AppData\Roaming\Python\Python310\site-packages\sklearn\metrics\_ranking.py", line 634, in roc_auc_score
    return _multiclass_roc_auc_score(
  File "C:\Users\ugrys\AppData\Roaming\Python\Python310\site-packages\sklearn\metrics\_ranking.py", line 751, in _multiclass_roc_auc_score
    raise ValueError(
ValueError: Number of classes in y_true not equal to the number of columns in 'y_score'

  warnings.warn(

2026-04-17 19:24:53,658:WARNING:C:\Users\ugrys\AppData\Roaming\Python\Python310\site-packages\sklearn\metrics\_classification.py:1509: UndefinedMetricWarning: F-score is ill-defined and being set to 0.0 in labels with no true nor predicted samples. Use `zero_division` parameter to control this behavior.
  _warn_prf(average, modifier, f"{metric.capitalize()} is", len(result))

2026-04-17 19:24:53,658:WARNING:C:\Users\ugrys\AppData\Roaming\Python\Python310\site-packages\sklearn\metrics\_classification.py:1561: UserWarning: Note that pos_label (set to 'Northern/Eastern Europe') is ignored when average != 'binary' (got 'weighted'). You may use labels=[pos_label] to specify a single positive class.
  warnings.warn(

2026-04-17 19:24:53,658:WARNING:C:\Users\ugrys\AppData\Roaming\Python\Python310\site-packages\sklearn\metrics\_classification.py:1561: UserWarning: Note that pos_label (set to 'Northern/Eastern Europe') is ignored when average != 'binary' (got 'weighted'). You may use labels=[pos_label] to specify a single positive class.
  warnings.warn(

2026-04-17 19:24:53,658:WARNING:C:\Users\ugrys\AppData\Roaming\Python\Python310\site-packages\sklearn\metrics\_classification.py:1561: UserWarning: Note that pos_label (set to 'Northern/Eastern Europe') is ignored when average != 'binary' (got 'weighted'). You may use labels=[pos_label] to specify a single positive class.
  warnings.warn(

2026-04-17 19:24:53,663:WARNING:C:\Users\ugrys\AppData\Roaming\Python\Python310\site-packages\sklearn\metrics\_classification.py:1509: UndefinedMetricWarning: Recall is ill-defined and being set to 0.0 in labels with no true samples. Use `zero_division` parameter to control this behavior.
  _warn_prf(average, modifier, f"{metric.capitalize()} is", len(result))

2026-04-17 19:24:53,667:WARNING:C:\Users\ugrys\AppData\Roaming\Python\Python310\site-packages\sklearn\metrics\_classification.py:1561: UserWarning: Note that pos_label (set to 'Northern/Eastern Europe') is ignored when average != 'binary' (got 'weighted'). You may use labels=[pos_label] to specify a single positive class.
  warnings.warn(

2026-04-17 19:24:53,667:WARNING:C:\Users\ugrys\AppData\Roaming\Python\Python310\site-packages\sklearn\metrics\_classification.py:1509: UndefinedMetricWarning: Precision is ill-defined and being set to 0.0 in labels with no predicted samples. Use `zero_division` parameter to control this behavior.
  _warn_prf(average, modifier, f"{metric.capitalize()} is", len(result))

2026-04-17 19:24:53,667:WARNING:C:\Users\ugrys\AppData\Roaming\Python\Python310\site-packages\sklearn\metrics\_classification.py:1561: UserWarning: Note that pos_label (set to 'Northern/Eastern Europe') is ignored when average != 'binary' (got 'weighted'). You may use labels=[pos_label] to specify a single positive class.
  warnings.warn(

2026-04-17 19:24:53,671:WARNING:C:\Users\ugrys\AppData\Roaming\Python\Python310\site-packages\sklearn\metrics\_classification.py:1509: UndefinedMetricWarning: F-score is ill-defined and being set to 0.0 in labels with no true nor predicted samples. Use `zero_division` parameter to control this behavior.
  _warn_prf(average, modifier, f"{metric.capitalize()} is", len(result))

2026-04-17 19:24:53,689:WARNING:C:\Users\ugrys\AppData\Roaming\Python\Python310\site-packages\pycaret\internal\metrics.py:204: FitFailedWarning: Metric 'make_scorer(roc_auc_score, response_method=('decision_function', 'predict_proba'), average=weighted, multi_class=ovr)' failed and error score 0.0 has been returned instead. If this is a custom metric, this usually means that the error is in the metric code. Full exception below:
Traceback (most recent call last):
  File "C:\Users\ugrys\AppData\Roaming\Python\Python310\site-packages\pycaret\internal\metrics.py", line 196, in _score
    return super()._score(
  File "C:\Users\ugrys\AppData\Roaming\Python\Python310\site-packages\sklearn\metrics\_scorer.py", line 350, in _score
    return self._sign * self._score_func(y_true, y_pred, **scoring_kwargs)
  File "C:\Users\ugrys\AppData\Roaming\Python\Python310\site-packages\pycaret\internal\metrics.py", line 144, in __call__
    return self.score_func(y_true, y_pred, **kwargs)
  File "C:\Users\ugrys\AppData\Roaming\Python\Python310\site-packages\sklearn\utils\_param_validation.py", line 213, in wrapper
    return func(*args, **kwargs)
  File "C:\Users\ugrys\AppData\Roaming\Python\Python310\site-packages\sklearn\metrics\_ranking.py", line 634, in roc_auc_score
    return _multiclass_roc_auc_score(
  File "C:\Users\ugrys\AppData\Roaming\Python\Python310\site-packages\sklearn\metrics\_ranking.py", line 751, in _multiclass_roc_auc_score
    raise ValueError(
ValueError: Number of classes in y_true not equal to the number of columns in 'y_score'

  warnings.warn(

2026-04-17 19:24:53,690:WARNING:C:\Users\ugrys\AppData\Roaming\Python\Python310\site-packages\sklearn\metrics\_classification.py:1561: UserWarning: Note that pos_label (set to 'Northern/Eastern Europe') is ignored when average != 'binary' (got 'weighted'). You may use labels=[pos_label] to specify a single positive class.
  warnings.warn(

2026-04-17 19:24:53,690:WARNING:C:\Users\ugrys\AppData\Roaming\Python\Python310\site-packages\sklearn\metrics\_classification.py:1509: UndefinedMetricWarning: Recall is ill-defined and being set to 0.0 in labels with no true samples. Use `zero_division` parameter to control this behavior.
  _warn_prf(average, modifier, f"{metric.capitalize()} is", len(result))

2026-04-17 19:24:53,694:WARNING:C:\Users\ugrys\AppData\Roaming\Python\Python310\site-packages\sklearn\metrics\_classification.py:1561: UserWarning: Note that pos_label (set to 'Northern/Eastern Europe') is ignored when average != 'binary' (got 'weighted'). You may use labels=[pos_label] to specify a single positive class.
  warnings.warn(

2026-04-17 19:24:53,695:WARNING:C:\Users\ugrys\AppData\Roaming\Python\Python310\site-packages\sklearn\metrics\_classification.py:1509: UndefinedMetricWarning: Precision is ill-defined and being set to 0.0 in labels with no predicted samples. Use `zero_division` parameter to control this behavior.
  _warn_prf(average, modifier, f"{metric.capitalize()} is", len(result))

2026-04-17 19:24:53,696:WARNING:C:\Users\ugrys\AppData\Roaming\Python\Python310\site-packages\sklearn\metrics\_classification.py:1561: UserWarning: Note that pos_label (set to 'Northern/Eastern Europe') is ignored when average != 'binary' (got 'weighted'). You may use labels=[pos_label] to specify a single positive class.
  warnings.warn(

2026-04-17 19:24:53,697:WARNING:C:\Users\ugrys\AppData\Roaming\Python\Python310\site-packages\sklearn\metrics\_classification.py:1509: UndefinedMetricWarning: F-score is ill-defined and being set to 0.0 in labels with no true nor predicted samples. Use `zero_division` parameter to control this behavior.
  _warn_prf(average, modifier, f"{metric.capitalize()} is", len(result))

2026-04-17 19:24:53,703:INFO:Calculating mean and std
2026-04-17 19:24:53,704:INFO:Creating metrics dataframe
2026-04-17 19:24:53,705:INFO:Uploading results into container
2026-04-17 19:24:53,705:INFO:Uploading model into container now
2026-04-17 19:24:53,705:INFO:_master_model_container: 3
2026-04-17 19:24:53,705:INFO:_display_container: 2
2026-04-17 19:24:53,707:INFO:RandomForestClassifier(bootstrap=True, ccp_alpha=0.0, class_weight=None,
                       criterion='gini', max_depth=None, max_features='sqrt',
                       max_leaf_nodes=None, max_samples=None,
                       min_impurity_decrease=0.0, min_samples_leaf=1,
                       min_samples_split=2, min_weight_fraction_leaf=0.0,
                       monotonic_cst=None, n_estimators=100, n_jobs=-1,
                       oob_score=False, random_state=42, verbose=0,
                       warm_start=False)
2026-04-17 19:24:53,707:INFO:create_model() successfully completed......................................
2026-04-17 19:24:53,843:INFO:SubProcess create_model() end ==================================
2026-04-17 19:24:53,843:INFO:Creating metrics dataframe
2026-04-17 19:24:53,844:INFO:Initializing K Neighbors Classifier
2026-04-17 19:24:53,844:INFO:Total runtime is 0.4537644346555075 minutes
2026-04-17 19:24:53,844:INFO:SubProcess create_model() called ==================================
2026-04-17 19:24:53,844:INFO:Initializing create_model()
2026-04-17 19:24:53,844:INFO:create_model(self=<pycaret.classification.oop.ClassificationExperiment object at 0x00000227EF92E0E0>, estimator=knn, fold=StratifiedKFold(n_splits=10, random_state=None, shuffle=False), round=4, cross_validation=True, predict=True, fit_kwargs={}, groups=None, refit=False, probability_threshold=None, experiment_custom_tags=None, verbose=False, system=False, add_to_model_list=True, metrics=None, display=<pycaret.internal.display.display.CommonDisplay object at 0x000002283C35C3D0>, model_only=True, return_train_score=False, error_score=0.0, kwargs={})
2026-04-17 19:24:53,844:INFO:Checking exceptions
2026-04-17 19:24:53,845:INFO:Importing libraries
2026-04-17 19:24:53,845:INFO:Copying training dataset
2026-04-17 19:24:53,847:INFO:Defining folds
2026-04-17 19:24:53,847:INFO:Declaring metric variables
2026-04-17 19:24:53,847:INFO:Importing untrained model
2026-04-17 19:24:53,847:INFO:K Neighbors Classifier Imported successfully
2026-04-17 19:24:53,847:INFO:Starting cross validation
2026-04-17 19:24:53,849:INFO:Cross validating with StratifiedKFold(n_splits=10, random_state=None, shuffle=False), n_jobs=-1
2026-04-17 19:24:53,850:WARNING:C:\Users\ugrys\AppData\Roaming\Python\Python310\site-packages\sklearn\model_selection\_split.py:737: UserWarning: The least populated class in y has only 2 members, which is less than n_splits=10.
  warnings.warn(

2026-04-17 19:24:54,170:WARNING:C:\Users\ugrys\AppData\Roaming\Python\Python310\site-packages\pycaret\internal\metrics.py:204: FitFailedWarning: Metric 'make_scorer(roc_auc_score, response_method=('decision_function', 'predict_proba'), average=weighted, multi_class=ovr)' failed and error score 0.0 has been returned instead. If this is a custom metric, this usually means that the error is in the metric code. Full exception below:
Traceback (most recent call last):
  File "C:\Users\ugrys\AppData\Roaming\Python\Python310\site-packages\pycaret\internal\metrics.py", line 196, in _score
    return super()._score(
  File "C:\Users\ugrys\AppData\Roaming\Python\Python310\site-packages\sklearn\metrics\_scorer.py", line 350, in _score
    return self._sign * self._score_func(y_true, y_pred, **scoring_kwargs)
  File "C:\Users\ugrys\AppData\Roaming\Python\Python310\site-packages\pycaret\internal\metrics.py", line 144, in __call__
    return self.score_func(y_true, y_pred, **kwargs)
  File "C:\Users\ugrys\AppData\Roaming\Python\Python310\site-packages\sklearn\utils\_param_validation.py", line 213, in wrapper
    return func(*args, **kwargs)
  File "C:\Users\ugrys\AppData\Roaming\Python\Python310\site-packages\sklearn\metrics\_ranking.py", line 634, in roc_auc_score
    return _multiclass_roc_auc_score(
  File "C:\Users\ugrys\AppData\Roaming\Python\Python310\site-packages\sklearn\metrics\_ranking.py", line 751, in _multiclass_roc_auc_score
    raise ValueError(
ValueError: Number of classes in y_true not equal to the number of columns in 'y_score'

  warnings.warn(

2026-04-17 19:24:54,177:WARNING:C:\Users\ugrys\AppData\Roaming\Python\Python310\site-packages\sklearn\metrics\_classification.py:1561: UserWarning: Note that pos_label (set to 'Northern/Eastern Europe') is ignored when average != 'binary' (got 'weighted'). You may use labels=[pos_label] to specify a single positive class.
  warnings.warn(

2026-04-17 19:24:54,182:WARNING:C:\Users\ugrys\AppData\Roaming\Python\Python310\site-packages\sklearn\metrics\_classification.py:1509: UndefinedMetricWarning: Recall is ill-defined and being set to 0.0 in labels with no true samples. Use `zero_division` parameter to control this behavior.
  _warn_prf(average, modifier, f"{metric.capitalize()} is", len(result))

2026-04-17 19:24:54,182:WARNING:C:\Users\ugrys\AppData\Roaming\Python\Python310\site-packages\pycaret\internal\metrics.py:204: FitFailedWarning: Metric 'make_scorer(roc_auc_score, response_method=('decision_function', 'predict_proba'), average=weighted, multi_class=ovr)' failed and error score 0.0 has been returned instead. If this is a custom metric, this usually means that the error is in the metric code. Full exception below:
Traceback (most recent call last):
  File "C:\Users\ugrys\AppData\Roaming\Python\Python310\site-packages\pycaret\internal\metrics.py", line 196, in _score
    return super()._score(
  File "C:\Users\ugrys\AppData\Roaming\Python\Python310\site-packages\sklearn\metrics\_scorer.py", line 350, in _score
    return self._sign * self._score_func(y_true, y_pred, **scoring_kwargs)
  File "C:\Users\ugrys\AppData\Roaming\Python\Python310\site-packages\pycaret\internal\metrics.py", line 144, in __call__
    return self.score_func(y_true, y_pred, **kwargs)
  File "C:\Users\ugrys\AppData\Roaming\Python\Python310\site-packages\sklearn\utils\_param_validation.py", line 213, in wrapper
    return func(*args, **kwargs)
  File "C:\Users\ugrys\AppData\Roaming\Python\Python310\site-packages\sklearn\metrics\_ranking.py", line 634, in roc_auc_score
    return _multiclass_roc_auc_score(
  File "C:\Users\ugrys\AppData\Roaming\Python\Python310\site-packages\sklearn\metrics\_ranking.py", line 751, in _multiclass_roc_auc_score
    raise ValueError(
ValueError: Number of classes in y_true not equal to the number of columns in 'y_score'

  warnings.warn(

2026-04-17 19:24:54,187:WARNING:C:\Users\ugrys\AppData\Roaming\Python\Python310\site-packages\sklearn\metrics\_classification.py:1561: UserWarning: Note that pos_label (set to 'Northern/Eastern Europe') is ignored when average != 'binary' (got 'weighted'). You may use labels=[pos_label] to specify a single positive class.
  warnings.warn(

2026-04-17 19:24:54,188:WARNING:C:\Users\ugrys\AppData\Roaming\Python\Python310\site-packages\sklearn\metrics\_classification.py:1561: UserWarning: Note that pos_label (set to 'Northern/Eastern Europe') is ignored when average != 'binary' (got 'weighted'). You may use labels=[pos_label] to specify a single positive class.
  warnings.warn(

 metric, this usually means that the error is in the metric code. Full exception below:
Traceback (most recent call last):
  File "C:\Users\ugrys\AppData\Roaming\Python\Python310\site-packages\pycaret\internal\metrics.py", line 196, in _score
    return super()._score(
  File "C:\Users\ugrys\AppData\Roaming\Python\Python310\site-packages\sklearn\metrics\_scorer.py", line 350, in _score
    return self._sign * self._score_func(y_true, y_pred, **scoring_kwargs)
  File "C:\Users\ugrys\AppData\Roaming\Python\Python310\site-packages\pycaret\internal\metrics.py", line 144, in __call__
    return self.score_func(y_true, y_pred, **kwargs)
  File "C:\Users\ugrys\AppData\Roaming\Python\Python310\site-packages\sklearn\utils\_param_validation.py", line 213, in wrapper
    return func(*args, **kwargs)
  File "C:\Users\ugrys\AppData\Roaming\Python\Python310\site-packages\sklearn\metrics\_ranking.py", line 634, in roc_auc_score
    return _multiclass_roc_auc_score(
  File "C:\Users\ugrys\AppData\Roaming\Python\Python310\site-packages\sklearn\metrics\_ranking.py", line 751, in _multiclass_roc_auc_score
    raise ValueError(
ValueError: Number of classes in y_true not equal to the number of columns in 'y_score'

  warnings.warn(

2026-04-17 19:24:54,189:WARNING:C:\Users\ugrys\AppData\Roaming\Python\Python310\site-packages\pycaret\internal\metrics.py:204: FitFailedWarning: Metric 'make_scorer(roc_auc_score, response_method=('decision_function', 'predict_proba'), average=weighted, multi_class=ovr)' failed and error score 0.0 has been returned instead. If this is a custom metric, this usually means that the error is in the metric code. Full exception below:
Traceback (most recent call last):
  File "C:\Users\ugrys\AppData\Roaming\Python\Python310\site-packages\pycaret\internal\metrics.py", line 196, in _score
    return super()._score(
  File "C:\Users\ugrys\AppData\Roaming\Python\Python310\site-packages\sklearn\metrics\_scorer.py", line 350, in _score
    return self._sign * self._score_func(y_true, y_pred, **scoring_kwargs)
  File "C:\Users\ugrys\AppData\Roaming\Python\Python310\site-packages\pycaret\internal\metrics.py", line 144, in __call__
    return self.score_func(y_true, y_pred, **kwargs)
  File "C:\Users\ugrys\AppData\Roaming\Python\Python310\site-packages\sklearn\utils\_param_validation.py", line 213, in wrapper
    return func(*args, **kwargs)
  File "C:\Users\ugrys\AppData\Roaming\Python\Python310\site-packages\sklearn\metrics\_ranking.py", line 634, in roc_auc_score
    return _multiclass_roc_auc_score(
  File "C:\Users\ugrys\AppData\Roaming\Python\Python310\site-packages\sklearn\metrics\_ranking.py", line 751, in _multiclass_roc_auc_score
    raise ValueError(
ValueError: Number of classes in y_true not equal to the number of columns in 'y_score'

  warnings.warn(

2026-04-17 19:24:54,191:WARNING:C:\Users\ugrys\AppData\Roaming\Python\Python310\site-packages\pycaret\internal\metrics.py:204: FitFailedWarning: Metric 'make_scorer(roc_auc_score, response_method=('decision_function', 'predict_proba'), average=weighted, multi_class=ovr)' failed and error score 0.0 has been returned instead. If this is a custom metric, this usually means that the error is in the metric code. Full exception below:
Traceback (most recent call last):
  File "C:\Users\ugrys\AppData\Roaming\Python\Python310\site-packages\pycaret\internal\metrics.py", line 196, in _score
    return super()._score(
  File "C:\Users\ugrys\AppData\Roaming\Python\Python310\site-packages\sklearn\metrics\_scorer.py", line 350, in _score
    return self._sign * self._score_func(y_true, y_pred, **scoring_kwargs)
  File "C:\Users\ugrys\AppData\Roaming\Python\Python310\site-packages\pycaret\internal\metrics.py", line 144, in __call__
    return self.score_func(y_true, y_pred, **kwargs)
  File "C:\Users\ugrys\AppData\Roaming\Python\Python310\site-packages\sklearn\utils\_param_validation.py", line 213, in wrapper
    return func(*args, **kwargs)
  File "C:\Users\ugrys\AppData\Roaming\Python\Python310\site-packages\sklearn\metrics\_ranking.py", line 634, in roc_auc_score
    return _multiclass_roc_auc_score(
  File "C:\Users\ugrys\AppData\Roaming\Python\Python310\site-packages\sklearn\metrics\_ranking.py", line 751, in _multiclass_roc_auc_score
    raise ValueError(
ValueError: Number of classes in y_true not equal to the number of columns in 'y_score'

  warnings.warn(

2026-04-17 19:24:54,187:WARNING:C:\Users\ugrys\AppData\Roaming\Python\Python310\site-packages\pycaret\internal\metrics.py:204: FitFailedWarning: Metric 'make_scorer(roc_auc_score, response_method=('decision_function', 'predict_proba'), average=weighted, multi_class=ovr)' failed and error score 0.0 has been returned instead. If this is a custom metric, this usually means that the error is in the metric code. Full exception below:
Traceback (most recent call last):
  File "C:\Users\ugrys\AppData\Roaming\Python\Python310\site-packages\pycaret\internal\metrics.py", line 196, in _score
    return super()._score(
  File "C:\Users\ugrys\AppData\Roaming\Python\Python310\site-packages\sklearn\metrics\_scorer.py", line 350, in _score
    return self._sign * self._score_func(y_true, y_pred, **scoring_kwargs)
  File "C:\Users\ugrys\AppData\Roaming\Python\Python310\site-packages\pycaret\internal\metrics.py", line 144, in __call__
    return self.score_func(y_true, y_pred, **kwargs)
  File "C:\Users\ugrys\AppData\Roaming\Python\Python310\site-packages\sklearn\utils\_param_validation.py", line 213, in wrapper
    return func(*args, **kwargs)
  File "C:\Users\ugrys\AppData\Roaming\Python\Python310\site-packages\sklearn\metrics\_ranking.py", line 634, in roc_auc_score
    return _multiclass_roc_auc_score(
  File "C:\Users\ugrys\AppData\Roaming\Python\Python310\site-packages\sklearn\metrics\_ranking.py", line 751, in _multiclass_roc_auc_score
    raise ValueError(
ValueError: Number of classes in y_true not equal to the number of columns in 'y_score'

  warnings.warn(

2026-04-17 19:24:54,188:WARNING:C:\Users\ugrys\AppData\Roaming\Python\Python310\site-packages\sklearn\metrics\_classification.py:1509: UndefinedMetricWarning: Precision is ill-defined and being set to 0.0 in labels with no predicted samples. Use `zero_division` parameter to control this behavior.
  _warn_prf(average, modifier, f"{metric.capitalize()} is", len(result))

2026-04-17 19:24:54,192:WARNING:C:\Users\ugrys\AppData\Roaming\Python\Python310\site-packages\sklearn\metrics\_classification.py:1509: UndefinedMetricWarning: Recall is ill-defined and being set to 0.0 in labels with no true samples. Use `zero_division` parameter to control this behavior.
  _warn_prf(average, modifier, f"{metric.capitalize()} is", len(result))

2026-04-17 19:24:54,193:WARNING:C:\Users\ugrys\AppData\Roaming\Python\Python310\site-packages\sklearn\metrics\_classification.py:1561: UserWarning: Note that pos_label (set to 'Northern/Eastern Europe') is ignored when average != 'binary' (got 'weighted'). You may use labels=[pos_label] to specify a single positive class.
  warnings.warn(

2026-04-17 19:24:54,193:WARNING:C:\Users\ugrys\AppData\Roaming\Python\Python310\site-packages\sklearn\metrics\_classification.py:1561: UserWarning: Note that pos_label (set to 'Northern/Eastern Europe') is ignored when average != 'binary' (got 'weighted'). You may use labels=[pos_label] to specify a single positive class.
  warnings.warn(

2026-04-17 19:24:54,193:WARNING:C:\Users\ugrys\AppData\Roaming\Python\Python310\site-packages\sklearn\metrics\_classification.py:1561: UserWarning: Note that pos_label (set to 'Northern/Eastern Europe') is ignored when average != 'binary' (got 'weighted'). You may use labels=[pos_label] to specify a single positive class.
  warnings.warn(

2026-04-17 19:24:54,192:WARNING:C:\Users\ugrys\AppData\Roaming\Python\Python310\site-packages\sklearn\metrics\_classification.py:1561: UserWarning: Note that pos_label (set to 'Northern/Eastern Europe') is ignored when average != 'binary' (got 'weighted'). You may use labels=[pos_label] to specify a single positive class.
  warnings.warn(

2026-04-17 19:24:54,196:WARNING:C:\Users\ugrys\AppData\Roaming\Python\Python310\site-packages\sklearn\metrics\_classification.py:1561: UserWarning: Note that pos_label (set to 'Northern/Eastern Europe') is ignored when average != 'binary' (got 'weighted'). You may use labels=[pos_label] to specify a single positive class.
  warnings.warn(

2026-04-17 19:24:54,196:WARNING:C:\Users\ugrys\AppData\Roaming\Python\Python310\site-packages\sklearn\metrics\_classification.py:1509: UndefinedMetricWarning: Recall is ill-defined and being set to 0.0 in labels with no true samples. Use `zero_division` parameter to control this behavior.
  _warn_prf(average, modifier, f"{metric.capitalize()} is", len(result))

2026-04-17 19:24:54,198:WARNING:C:\Users\ugrys\AppData\Roaming\Python\Python310\site-packages\sklearn\metrics\_classification.py:1561: UserWarning: Note that pos_label (set to 'Northern/Eastern Europe') is ignored when average != 'binary' (got 'weighted'). You may use labels=[pos_label] to specify a single positive class.
  warnings.warn(

2026-04-17 19:24:54,198:WARNING:C:\Users\ugrys\AppData\Roaming\Python\Python310\site-packages\sklearn\metrics\_classification.py:1561: UserWarning: Note that pos_label (set to 'Northern/Eastern Europe') is ignored when average != 'binary' (got 'weighted'). You may use labels=[pos_label] to specify a single positive class.
  warnings.warn(

2026-04-17 19:24:54,199:WARNING:C:\Users\ugrys\AppData\Roaming\Python\Python310\site-packages\sklearn\metrics\_classification.py:1509: UndefinedMetricWarning: Recall is ill-defined and being set to 0.0 in labels with no true samples. Use `zero_division` parameter to control this behavior.
  _warn_prf(average, modifier, f"{metric.capitalize()} is", len(result))

2026-04-17 19:24:54,199:WARNING:C:\Users\ugrys\AppData\Roaming\Python\Python310\site-packages\sklearn\metrics\_classification.py:1509: UndefinedMetricWarning: Recall is ill-defined and being set to 0.0 in labels with no true samples. Use `zero_division` parameter to control this behavior.
  _warn_prf(average, modifier, f"{metric.capitalize()} is", len(result))

2026-04-17 19:24:54,199:WARNING:C:\Users\ugrys\AppData\Roaming\Python\Python310\site-packages\sklearn\metrics\_classification.py:1509: UndefinedMetricWarning: F-score is ill-defined and being set to 0.0 in labels with no true nor predicted samples. Use `zero_division` parameter to control this behavior.
  _warn_prf(average, modifier, f"{metric.capitalize()} is", len(result))

2026-04-17 19:24:54,199:WARNING:C:\Users\ugrys\AppData\Roaming\Python\Python310\site-packages\sklearn\metrics\_classification.py:1509: UndefinedMetricWarning: Recall is ill-defined and being set to 0.0 in labels with no true samples. Use `zero_division` parameter to control this behavior.
  _warn_prf(average, modifier, f"{metric.capitalize()} is", len(result))

2026-04-17 19:24:54,200:WARNING:C:\Users\ugrys\AppData\Roaming\Python\Python310\site-packages\pycaret\internal\metrics.py:204: FitFailedWarning: Metric 'make_scorer(roc_auc_score, response_method=('decision_function', 'predict_proba'), average=weighted, multi_class=ovr)' failed and error score 0.0 has been returned instead. If this is a custom metric, this usually means that the error is in the metric code. Full exception below:
Traceback (most recent call last):
  File "C:\Users\ugrys\AppData\Roaming\Python\Python310\site-packages\pycaret\internal\metrics.py", line 196, in _score
    return super()._score(
  File "C:\Users\ugrys\AppData\Roaming\Python\Python310\site-packages\sklearn\metrics\_scorer.py", line 350, in _score
    return self._sign * self._score_func(y_true, y_pred, **scoring_kwargs)
  File "C:\Users\ugrys\AppData\Roaming\Python\Python310\site-packages\pycaret\internal\metrics.py", line 144, in __call__
    return self.score_func(y_true, y_pred, **kwargs)
  File "C:\Users\ugrys\AppData\Roaming\Python\Python310\site-packages\sklearn\utils\_param_validation.py", line 213, in wrapper
    return func(*args, **kwargs)
  File "C:\Users\ugrys\AppData\Roaming\Python\Python310\site-packages\sklearn\metrics\_ranking.py", line 634, in roc_auc_score
    return _multiclass_roc_auc_score(
  File "C:\Users\ugrys\AppData\Roaming\Python\Python310\site-packages\sklearn\metrics\_ranking.py", line 751, in _multiclass_roc_auc_score
    raise ValueError(
ValueError: Number of classes in y_true not equal to the number of columns in 'y_score'

  warnings.warn(

2026-04-17 19:24:54,202:WARNING:C:\Users\ugrys\AppData\Roaming\Python\Python310\site-packages\sklearn\metrics\_classification.py:1561: UserWarning: Note that pos_label (set to 'Northern/Eastern Europe') is ignored when average != 'binary' (got 'weighted'). You may use labels=[pos_label] to specify a single positive class.
  warnings.warn(

2026-04-17 19:24:54,202:WARNING:C:\Users\ugrys\AppData\Roaming\Python\Python310\site-packages\sklearn\metrics\_classification.py:1509: UndefinedMetricWarning: Precision is ill-defined and being set to 0.0 in labels with no predicted samples. Use `zero_division` parameter to control this behavior.
  _warn_prf(average, modifier, f"{metric.capitalize()} is", len(result))

2026-04-17 19:24:54,202:WARNING:C:\Users\ugrys\AppData\Roaming\Python\Python310\site-packages\sklearn\metrics\_classification.py:1561: UserWarning: Note that pos_label (set to 'Northern/Eastern Europe') is ignored when average != 'binary' (got 'weighted'). You may use labels=[pos_label] to specify a single positive class.
  warnings.warn(

2026-04-17 19:24:54,204:WARNING:C:\Users\ugrys\AppData\Roaming\Python\Python310\site-packages\sklearn\metrics\_classification.py:1561: UserWarning: Note that pos_label (set to 'Northern/Eastern Europe') is ignored when average != 'binary' (got 'weighted'). You may use labels=[pos_label] to specify a single positive class.
  warnings.warn(

2026-04-17 19:24:54,204:WARNING:C:\Users\ugrys\AppData\Roaming\Python\Python310\site-packages\sklearn\metrics\_classification.py:1561: UserWarning: Note that pos_label (set to 'Northern/Eastern Europe') is ignored when average != 'binary' (got 'weighted'). You may use labels=[pos_label] to specify a single positive class.
  warnings.warn(

2026-04-17 19:24:54,200:WARNING:C:\Users\ugrys\AppData\Roaming\Python\Python310\site-packages\sklearn\metrics\_classification.py:1561: UserWarning: Note that pos_label (set to 'Northern/Eastern Europe') is ignored when average != 'binary' (got 'weighted'). You may use labels=[pos_label] to specify a single positive class.
  warnings.warn(

2026-04-17 19:24:54,206:WARNING:C:\Users\ugrys\AppData\Roaming\Python\Python310\site-packages\sklearn\metrics\_classification.py:1561: UserWarning: Note that pos_label (set to 'Northern/Eastern Europe') is ignored when average != 'binary' (got 'weighted'). You may use labels=[pos_label] to specify a single positive class.
  warnings.warn(

2026-04-17 19:24:54,207:WARNING:C:\Users\ugrys\AppData\Roaming\Python\Python310\site-packages\sklearn\metrics\_classification.py:1509: UndefinedMetricWarning: Precision is ill-defined and being set to 0.0 in labels with no predicted samples. Use `zero_division` parameter to control this behavior.
  _warn_prf(average, modifier, f"{metric.capitalize()} is", len(result))

2026-04-17 19:24:54,207:WARNING:C:\Users\ugrys\AppData\Roaming\Python\Python310\site-packages\sklearn\metrics\_classification.py:1509: UndefinedMetricWarning: Recall is ill-defined and being set to 0.0 in labels with no true samples. Use `zero_division` parameter to control this behavior.
  _warn_prf(average, modifier, f"{metric.capitalize()} is", len(result))

2026-04-17 19:24:54,207:WARNING:C:\Users\ugrys\AppData\Roaming\Python\Python310\site-packages\sklearn\metrics\_classification.py:1509: UndefinedMetricWarning: Precision is ill-defined and being set to 0.0 in labels with no predicted samples. Use `zero_division` parameter to control this behavior.
  _warn_prf(average, modifier, f"{metric.capitalize()} is", len(result))

2026-04-17 19:24:54,207:WARNING:C:\Users\ugrys\AppData\Roaming\Python\Python310\site-packages\sklearn\metrics\_classification.py:1561: UserWarning: Note that pos_label (set to 'Northern/Eastern Europe') is ignored when average != 'binary' (got 'weighted'). You may use labels=[pos_label] to specify a single positive class.
  warnings.warn(

2026-04-17 19:24:54,210:WARNING:C:\Users\ugrys\AppData\Roaming\Python\Python310\site-packages\sklearn\metrics\_classification.py:1509: UndefinedMetricWarning: Precision is ill-defined and being set to 0.0 in labels with no predicted samples. Use `zero_division` parameter to control this behavior.
  _warn_prf(average, modifier, f"{metric.capitalize()} is", len(result))

2026-04-17 19:24:54,210:WARNING:C:\Users\ugrys\AppData\Roaming\Python\Python310\site-packages\sklearn\metrics\_classification.py:1509: UndefinedMetricWarning: Precision is ill-defined and being set to 0.0 in labels with no predicted samples. Use `zero_division` parameter to control this behavior.
  _warn_prf(average, modifier, f"{metric.capitalize()} is", len(result))

2026-04-17 19:24:54,207:WARNING:C:\Users\ugrys\AppData\Roaming\Python\Python310\site-packages\sklearn\metrics\_classification.py:1509: UndefinedMetricWarning: Precision is ill-defined and being set to 0.0 in labels with no predicted samples. Use `zero_division` parameter to control this behavior.
  _warn_prf(average, modifier, f"{metric.capitalize()} is", len(result))

2026-04-17 19:24:54,212:WARNING:C:\Users\ugrys\AppData\Roaming\Python\Python310\site-packages\sklearn\metrics\_classification.py:1561: UserWarning: Note that pos_label (set to 'Northern/Eastern Europe') is ignored when average != 'binary' (got 'weighted'). You may use labels=[pos_label] to specify a single positive class.
  warnings.warn(

2026-04-17 19:24:54,213:WARNING:C:\Users\ugrys\AppData\Roaming\Python\Python310\site-packages\sklearn\metrics\_classification.py:1561: UserWarning: Note that pos_label (set to 'Northern/Eastern Europe') is ignored when average != 'binary' (got 'weighted'). You may use labels=[pos_label] to specify a single positive class.
  warnings.warn(

2026-04-17 19:24:54,213:WARNING:C:\Users\ugrys\AppData\Roaming\Python\Python310\site-packages\pycaret\internal\metrics.py:204: FitFailedWarning: Metric 'make_scorer(roc_auc_score, response_method=('decision_function', 'predict_proba'), average=weighted, multi_class=ovr)' failed and error score 0.0 has been returned instead. If this is a custom metric, this usually means that the error is in the metric code. Full exception below:
Traceback (most recent call last):
  File "C:\Users\ugrys\AppData\Roaming\Python\Python310\site-packages\pycaret\internal\metrics.py", line 196, in _score
    return super()._score(
  File "C:\Users\ugrys\AppData\Roaming\Python\Python310\site-packages\sklearn\metrics\_scorer.py", line 350, in _score
    return self._sign * self._score_func(y_true, y_pred, **scoring_kwargs)
  File "C:\Users\ugrys\AppData\Roaming\Python\Python310\site-packages\pycaret\internal\metrics.py", line 144, in __call__
    return self.score_func(y_true, y_pred, **kwargs)
  File "C:\Users\ugrys\AppData\Roaming\Python\Python310\site-packages\sklearn\utils\_param_validation.py", line 213, in wrapper
    return func(*args, **kwargs)
  File "C:\Users\ugrys\AppData\Roaming\Python\Python310\site-packages\sklearn\metrics\_ranking.py", line 634, in roc_auc_score
    return _multiclass_roc_auc_score(
  File "C:\Users\ugrys\AppData\Roaming\Python\Python310\site-packages\sklearn\metrics\_ranking.py", line 751, in _multiclass_roc_auc_score
    raise ValueError(
ValueError: Number of classes in y_true not equal to the number of columns in 'y_score'

  warnings.warn(

2026-04-17 19:24:54,214:WARNING:C:\Users\ugrys\AppData\Roaming\Python\Python310\site-packages\sklearn\metrics\_classification.py:1561: UserWarning: Note that pos_label (set to 'Northern/Eastern Europe') is ignored when average != 'binary' (got 'weighted'). You may use labels=[pos_label] to specify a single positive class.
  warnings.warn(

2026-04-17 19:24:54,214:WARNING:C:\Users\ugrys\AppData\Roaming\Python\Python310\site-packages\sklearn\metrics\_classification.py:1509: UndefinedMetricWarning: F-score is ill-defined and being set to 0.0 in labels with no true nor predicted samples. Use `zero_division` parameter to control this behavior.
  _warn_prf(average, modifier, f"{metric.capitalize()} is", len(result))

2026-04-17 19:24:54,212:WARNING:C:\Users\ugrys\AppData\Roaming\Python\Python310\site-packages\sklearn\metrics\_classification.py:1561: UserWarning: Note that pos_label (set to 'Northern/Eastern Europe') is ignored when average != 'binary' (got 'weighted'). You may use labels=[pos_label] to specify a single positive class.
  warnings.warn(

2026-04-17 19:24:54,214:WARNING:C:\Users\ugrys\AppData\Roaming\Python\Python310\site-packages\sklearn\metrics\_classification.py:1561: UserWarning: Note that pos_label (set to 'Northern/Eastern Europe') is ignored when average != 'binary' (got 'weighted'). You may use labels=[pos_label] to specify a single positive class.
  warnings.warn(

2026-04-17 19:24:54,216:WARNING:C:\Users\ugrys\AppData\Roaming\Python\Python310\site-packages\sklearn\metrics\_classification.py:1509: UndefinedMetricWarning: F-score is ill-defined and being set to 0.0 in labels with no true nor predicted samples. Use `zero_division` parameter to control this behavior.
  _warn_prf(average, modifier, f"{metric.capitalize()} is", len(result))

2026-04-17 19:24:54,216:WARNING:C:\Users\ugrys\AppData\Roaming\Python\Python310\site-packages\sklearn\metrics\_classification.py:1509: UndefinedMetricWarning: F-score is ill-defined and being set to 0.0 in labels with no true nor predicted samples. Use `zero_division` parameter to control this behavior.
  _warn_prf(average, modifier, f"{metric.capitalize()} is", len(result))

2026-04-17 19:24:54,218:WARNING:C:\Users\ugrys\AppData\Roaming\Python\Python310\site-packages\sklearn\metrics\_classification.py:1509: UndefinedMetricWarning: Precision is ill-defined and being set to 0.0 in labels with no predicted samples. Use `zero_division` parameter to control this behavior.
  _warn_prf(average, modifier, f"{metric.capitalize()} is", len(result))

2026-04-17 19:24:54,218:WARNING:C:\Users\ugrys\AppData\Roaming\Python\Python310\site-packages\sklearn\metrics\_classification.py:1561: UserWarning: Note that pos_label (set to 'Northern/Eastern Europe') is ignored when average != 'binary' (got 'weighted'). You may use labels=[pos_label] to specify a single positive class.
  warnings.warn(

2026-04-17 19:24:54,218:WARNING:C:\Users\ugrys\AppData\Roaming\Python\Python310\site-packages\sklearn\metrics\_classification.py:1509: UndefinedMetricWarning: F-score is ill-defined and being set to 0.0 in labels with no true nor predicted samples. Use `zero_division` parameter to control this behavior.
  _warn_prf(average, modifier, f"{metric.capitalize()} is", len(result))

2026-04-17 19:24:54,218:WARNING:C:\Users\ugrys\AppData\Roaming\Python\Python310\site-packages\sklearn\metrics\_classification.py:1509: UndefinedMetricWarning: F-score is ill-defined and being set to 0.0 in labels with no true nor predicted samples. Use `zero_division` parameter to control this behavior.
  _warn_prf(average, modifier, f"{metric.capitalize()} is", len(result))

2026-04-17 19:24:54,221:WARNING:C:\Users\ugrys\AppData\Roaming\Python\Python310\site-packages\sklearn\metrics\_classification.py:1509: UndefinedMetricWarning: Recall is ill-defined and being set to 0.0 in labels with no true samples. Use `zero_division` parameter to control this behavior.
  _warn_prf(average, modifier, f"{metric.capitalize()} is", len(result))

2026-04-17 19:24:54,224:WARNING:C:\Users\ugrys\AppData\Roaming\Python\Python310\site-packages\sklearn\metrics\_classification.py:1561: UserWarning: Note that pos_label (set to 'Northern/Eastern Europe') is ignored when average != 'binary' (got 'weighted'). You may use labels=[pos_label] to specify a single positive class.
  warnings.warn(

2026-04-17 19:24:54,224:WARNING:C:\Users\ugrys\AppData\Roaming\Python\Python310\site-packages\sklearn\metrics\_classification.py:1561: UserWarning: Note that pos_label (set to 'Northern/Eastern Europe') is ignored when average != 'binary' (got 'weighted'). You may use labels=[pos_label] to specify a single positive class.
  warnings.warn(

2026-04-17 19:24:54,226:WARNING:C:\Users\ugrys\AppData\Roaming\Python\Python310\site-packages\sklearn\metrics\_classification.py:1561: UserWarning: Note that pos_label (set to 'Northern/Eastern Europe') is ignored when average != 'binary' (got 'weighted'). You may use labels=[pos_label] to specify a single positive class.
  warnings.warn(

2026-04-17 19:24:54,226:WARNING:C:\Users\ugrys\AppData\Roaming\Python\Python310\site-packages\sklearn\metrics\_classification.py:1509: UndefinedMetricWarning: F-score is ill-defined and being set to 0.0 in labels with no true nor predicted samples. Use `zero_division` parameter to control this behavior.
  _warn_prf(average, modifier, f"{metric.capitalize()} is", len(result))

2026-04-17 19:24:54,228:WARNING:C:\Users\ugrys\AppData\Roaming\Python\Python310\site-packages\sklearn\metrics\_classification.py:1509: UndefinedMetricWarning: Precision is ill-defined and being set to 0.0 in labels with no predicted samples. Use `zero_division` parameter to control this behavior.
  _warn_prf(average, modifier, f"{metric.capitalize()} is", len(result))

2026-04-17 19:24:54,229:WARNING:C:\Users\ugrys\AppData\Roaming\Python\Python310\site-packages\sklearn\metrics\_classification.py:1561: UserWarning: Note that pos_label (set to 'Northern/Eastern Europe') is ignored when average != 'binary' (got 'weighted'). You may use labels=[pos_label] to specify a single positive class.
  warnings.warn(

2026-04-17 19:24:54,229:WARNING:C:\Users\ugrys\AppData\Roaming\Python\Python310\site-packages\sklearn\metrics\_classification.py:1561: UserWarning: Note that pos_label (set to 'Northern/Eastern Europe') is ignored when average != 'binary' (got 'weighted'). You may use labels=[pos_label] to specify a single positive class.
  warnings.warn(

2026-04-17 19:24:54,229:WARNING:C:\Users\ugrys\AppData\Roaming\Python\Python310\site-packages\sklearn\metrics\_classification.py:1509: UndefinedMetricWarning: Precision is ill-defined and being set to 0.0 in labels with no predicted samples. Use `zero_division` parameter to control this behavior.
  _warn_prf(average, modifier, f"{metric.capitalize()} is", len(result))

2026-04-17 19:24:54,231:WARNING:C:\Users\ugrys\AppData\Roaming\Python\Python310\site-packages\sklearn\metrics\_classification.py:1509: UndefinedMetricWarning: F-score is ill-defined and being set to 0.0 in labels with no true nor predicted samples. Use `zero_division` parameter to control this behavior.
  _warn_prf(average, modifier, f"{metric.capitalize()} is", len(result))

2026-04-17 19:24:54,231:WARNING:C:\Users\ugrys\AppData\Roaming\Python\Python310\site-packages\sklearn\metrics\_classification.py:1561: UserWarning: Note that pos_label (set to 'Northern/Eastern Europe') is ignored when average != 'binary' (got 'weighted'). You may use labels=[pos_label] to specify a single positive class.
  warnings.warn(

2026-04-17 19:24:54,242:INFO:Calculating mean and std
2026-04-17 19:24:54,242:INFO:Creating metrics dataframe
2026-04-17 19:24:54,245:INFO:Uploading results into container
2026-04-17 19:24:54,245:INFO:Uploading model into container now
2026-04-17 19:24:54,245:INFO:_master_model_container: 4
2026-04-17 19:24:54,245:INFO:_display_container: 2
2026-04-17 19:24:54,245:INFO:KNeighborsClassifier(algorithm='auto', leaf_size=30, metric='minkowski',
                     metric_params=None, n_jobs=-1, n_neighbors=5, p=2,
                     weights='uniform')
2026-04-17 19:24:54,245:INFO:create_model() successfully completed......................................
2026-04-17 19:24:54,374:INFO:SubProcess create_model() end ==================================
2026-04-17 19:24:54,374:INFO:Creating metrics dataframe
2026-04-17 19:24:54,377:INFO:Initializing Naive Bayes
2026-04-17 19:24:54,377:INFO:Total runtime is 0.4626506169637045 minutes
2026-04-17 19:24:54,377:INFO:SubProcess create_model() called ==================================
2026-04-17 19:24:54,377:INFO:Initializing create_model()
2026-04-17 19:24:54,377:INFO:create_model(self=<pycaret.classification.oop.ClassificationExperiment object at 0x00000227EF92E0E0>, estimator=nb, fold=StratifiedKFold(n_splits=10, random_state=None, shuffle=False), round=4, cross_validation=True, predict=True, fit_kwargs={}, groups=None, refit=False, probability_threshold=None, experiment_custom_tags=None, verbose=False, system=False, add_to_model_list=True, metrics=None, display=<pycaret.internal.display.display.CommonDisplay object at 0x000002283C35C3D0>, model_only=True, return_train_score=False, error_score=0.0, kwargs={})
2026-04-17 19:24:54,377:INFO:Checking exceptions
2026-04-17 19:24:54,377:INFO:Importing libraries
2026-04-17 19:24:54,377:INFO:Copying training dataset
2026-04-17 19:24:54,380:INFO:Defining folds
2026-04-17 19:24:54,380:INFO:Declaring metric variables
2026-04-17 19:24:54,380:INFO:Importing untrained model
2026-04-17 19:24:54,380:INFO:Naive Bayes Imported successfully
2026-04-17 19:24:54,380:INFO:Starting cross validation
2026-04-17 19:24:54,380:INFO:Cross validating with StratifiedKFold(n_splits=10, random_state=None, shuffle=False), n_jobs=-1
2026-04-17 19:24:54,386:WARNING:C:\Users\ugrys\AppData\Roaming\Python\Python310\site-packages\sklearn\model_selection\_split.py:737: UserWarning: The least populated class in y has only 2 members, which is less than n_splits=10.
  warnings.warn(

2026-04-17 19:24:54,687:WARNING:C:\Users\ugrys\AppData\Roaming\Python\Python310\site-packages\pycaret\internal\metrics.py:204: FitFailedWarning: Metric 'make_scorer(roc_auc_score, response_method=('decision_function', 'predict_proba'), average=weighted, multi_class=ovr)' failed and error score 0.0 has been returned instead. If this is a custom metric, this usually means that the error is in the metric code. Full exception below:
Traceback (most recent call last):
  File "C:\Users\ugrys\AppData\Roaming\Python\Python310\site-packages\pycaret\internal\metrics.py", line 196, in _score
    return super()._score(
  File "C:\Users\ugrys\AppData\Roaming\Python\Python310\site-packages\sklearn\metrics\_scorer.py", line 350, in _score
    return self._sign * self._score_func(y_true, y_pred, **scoring_kwargs)
  File "C:\Users\ugrys\AppData\Roaming\Python\Python310\site-packages\pycaret\internal\metrics.py", line 144, in __call__
    return self.score_func(y_true, y_pred, **kwargs)
  File "C:\Users\ugrys\AppData\Roaming\Python\Python310\site-packages\sklearn\utils\_param_validation.py", line 213, in wrapper
    return func(*args, **kwargs)
  File "C:\Users\ugrys\AppData\Roaming\Python\Python310\site-packages\sklearn\metrics\_ranking.py", line 634, in roc_auc_score
    return _multiclass_roc_auc_score(
  File "C:\Users\ugrys\AppData\Roaming\Python\Python310\site-packages\sklearn\metrics\_ranking.py", line 751, in _multiclass_roc_auc_score
    raise ValueError(
ValueError: Number of classes in y_true not equal to the number of columns in 'y_score'

  warnings.warn(

2026-04-17 19:24:54,694:WARNING:C:\Users\ugrys\AppData\Roaming\Python\Python310\site-packages\sklearn\metrics\_classification.py:1561: UserWarning: Note that pos_label (set to 'Northern/Eastern Europe') is ignored when average != 'binary' (got 'weighted'). You may use labels=[pos_label] to specify a single positive class.
  warnings.warn(

2026-04-17 19:24:54,701:WARNING:C:\Users\ugrys\AppData\Roaming\Python\Python310\site-packages\sklearn\metrics\_classification.py:1509: UndefinedMetricWarning: Recall is ill-defined and being set to 0.0 in labels with no true samples. Use `zero_division` parameter to control this behavior.
  _warn_prf(average, modifier, f"{metric.capitalize()} is", len(result))

2026-04-17 19:24:54,702:WARNING:C:\Users\ugrys\AppData\Roaming\Python\Python310\site-packages\pycaret\internal\metrics.py:204: FitFailedWarning: Metric 'make_scorer(roc_auc_score, response_method=('decision_function', 'predict_proba'), average=weighted, multi_class=ovr)' failed and error score 0.0 has been returned instead. If this is a custom metric, this usually means that the error is in the metric code. Full exception below:
Traceback (most recent call last):
  File "C:\Users\ugrys\AppData\Roaming\Python\Python310\site-packages\pycaret\internal\metrics.py", line 196, in _score
    return super()._score(
  File "C:\Users\ugrys\AppData\Roaming\Python\Python310\site-packages\sklearn\metrics\_scorer.py", line 350, in _score
    return self._sign * self._score_func(y_true, y_pred, **scoring_kwargs)
  File "C:\Users\ugrys\AppData\Roaming\Python\Python310\site-packages\pycaret\internal\metrics.py", line 144, in __call__
    return self.score_func(y_true, y_pred, **kwargs)
  File "C:\Users\ugrys\AppData\Roaming\Python\Python310\site-packages\sklearn\utils\_param_validation.py", line 213, in wrapper
    return func(*args, **kwargs)
  File "C:\Users\ugrys\AppData\Roaming\Python\Python310\site-packages\sklearn\metrics\_ranking.py", line 634, in roc_auc_score
    return _multiclass_roc_auc_score(
  File "C:\Users\ugrys\AppData\Roaming\Python\Python310\site-packages\sklearn\metrics\_ranking.py", line 751, in _multiclass_roc_auc_score
    raise ValueError(
ValueError: Number of classes in y_true not equal to the number of columns in 'y_score'

  warnings.warn(

2026-04-17 19:24:54,705:WARNING:C:\Users\ugrys\AppData\Roaming\Python\Python310\site-packages\sklearn\metrics\_classification.py:1561: UserWarning: Note that pos_label (set to 'Northern/Eastern Europe') is ignored when average != 'binary' (got 'weighted'). You may use labels=[pos_label] to specify a single positive class.
  warnings.warn(

2026-04-17 19:24:54,707:WARNING:C:\Users\ugrys\AppData\Roaming\Python\Python310\site-packages\pycaret\internal\metrics.py:204: FitFailedWarning: Metric 'make_scorer(roc_auc_score, response_method=('decision_function', 'predict_proba'), average=weighted, multi_class=ovr)' failed and error score 0.0 has been returned instead. If this is a custom metric, this usually means that the error is in the metric code. Full exception below:
Traceback (most recent call last):
  File "C:\Users\ugrys\AppData\Roaming\Python\Python310\site-packages\pycaret\internal\metrics.py", line 196, in _score
    return super()._score(
  File "C:\Users\ugrys\AppData\Roaming\Python\Python310\site-packages\sklearn\metrics\_scorer.py", line 350, in _score
    return self._sign * self._score_func(y_true, y_pred, **scoring_kwargs)
  File "C:\Users\ugrys\AppData\Roaming\Python\Python310\site-packages\pycaret\internal\metrics.py", line 144, in __call__
    return self.score_func(y_true, y_pred, **kwargs)
  File "C:\Users\ugrys\AppData\Roaming\Python\Python310\site-packages\sklearn\utils\_param_validation.py", line 213, in wrapper
    return func(*args, **kwargs)
  File "C:\Users\ugrys\AppData\Roaming\Python\Python310\site-packages\sklearn\metrics\_ranking.py", line 634, in roc_auc_score
    return _multiclass_roc_auc_score(
  File "C:\Users\ugrys\AppData\Roaming\Python\Python310\site-packages\sklearn\metrics\_ranking.py", line 751, in _multiclass_roc_auc_score
    raise ValueError(
ValueError: Number of classes in y_true not equal to the number of columns in 'y_score'

  warnings.warn(

2026-04-17 19:24:54,707:WARNING:C:\Users\ugrys\AppData\Roaming\Python\Python310\site-packages\sklearn\metrics\_classification.py:1561: UserWarning: Note that pos_label (set to 'Northern/Eastern Europe') is ignored when average != 'binary' (got 'weighted'). You may use labels=[pos_label] to specify a single positive class.
  warnings.warn(

2026-04-17 19:24:54,707:WARNING:C:\Users\ugrys\AppData\Roaming\Python\Python310\site-packages\sklearn\metrics\_classification.py:1509: UndefinedMetricWarning: Precision is ill-defined and being set to 0.0 in labels with no predicted samples. Use `zero_division` parameter to control this behavior.
  _warn_prf(average, modifier, f"{metric.capitalize()} is", len(result))

2026-04-17 19:24:54,707:WARNING:C:\Users\ugrys\AppData\Roaming\Python\Python310\site-packages\pycaret\internal\metrics.py:204: FitFailedWarning: Metric 'make_scorer(roc_auc_score, response_method=('decision_function', 'predict_proba'), average=weighted, multi_class=ovr)' failed and error score 0.0 has been returned instead. If this is a custom metric, this usually means that the error is in the metric code. Full exception below:
Traceback (most recent call last):
  File "C:\Users\ugrys\AppData\Roaming\Python\Python310\site-packages\pycaret\internal\metrics.py", line 196, in _score
    return super()._score(
  File "C:\Users\ugrys\AppData\Roaming\Python\Python310\site-packages\sklearn\metrics\_scorer.py", line 350, in _score
    return self._sign * self._score_func(y_true, y_pred, **scoring_kwargs)
  File "C:\Users\ugrys\AppData\Roaming\Python\Python310\site-packages\pycaret\internal\metrics.py", line 144, in __call__
    return self.score_func(y_true, y_pred, **kwargs)
  File "C:\Users\ugrys\AppData\Roaming\Python\Python310\site-packages\sklearn\utils\_param_validation.py", line 213, in wrapper
    return func(*args, **kwargs)
  File "C:\Users\ugrys\AppData\Roaming\Python\Python310\site-packages\sklearn\metrics\_ranking.py", line 634, in roc_auc_score
    return _multiclass_roc_auc_score(
  File "C:\Users\ugrys\AppData\Roaming\Python\Python310\site-packages\sklearn\metrics\_ranking.py", line 751, in _multiclass_roc_auc_score
    raise ValueError(
ValueError: Number of classes in y_true not equal to the number of columns in 'y_score'

  warnings.warn(

2026-04-17 19:24:54,713:WARNING:C:\Users\ugrys\AppData\Roaming\Python\Python310\site-packages\sklearn\metrics\_classification.py:1561: UserWarning: Note that pos_label (set to 'Northern/Eastern Europe') is ignored when average != 'binary' (got 'weighted'). You may use labels=[pos_label] to specify a single positive class.
  warnings.warn(

2026-04-17 19:24:54,713:WARNING:C:\Users\ugrys\AppData\Roaming\Python\Python310\site-packages\sklearn\metrics\_classification.py:1561: UserWarning: Note that pos_label (set to 'Northern/Eastern Europe') is ignored when average != 'binary' (got 'weighted'). You may use labels=[pos_label] to specify a single positive class.
  warnings.warn(

2026-04-17 19:24:54,715:WARNING:C:\Users\ugrys\AppData\Roaming\Python\Python310\site-packages\sklearn\metrics\_classification.py:1561: UserWarning: Note that pos_label (set to 'Northern/Eastern Europe') is ignored when average != 'binary' (got 'weighted'). You may use labels=[pos_label] to specify a single positive class.
  warnings.warn(

2026-04-17 19:24:54,715:WARNING:C:\Users\ugrys\AppData\Roaming\Python\Python310\site-packages\sklearn\metrics\_classification.py:1509: UndefinedMetricWarning: Recall is ill-defined and being set to 0.0 in labels with no true samples. Use `zero_division` parameter to control this behavior.
  _warn_prf(average, modifier, f"{metric.capitalize()} is", len(result))

2026-04-17 19:24:54,717:WARNING:C:\Users\ugrys\AppData\Roaming\Python\Python310\site-packages\sklearn\metrics\_classification.py:1561: UserWarning: Note that pos_label (set to 'Northern/Eastern Europe') is ignored when average != 'binary' (got 'weighted'). You may use labels=[pos_label] to specify a single positive class.
  warnings.warn(

2026-04-17 19:24:54,717:WARNING:C:\Users\ugrys\AppData\Roaming\Python\Python310\site-packages\sklearn\metrics\_classification.py:1509: UndefinedMetricWarning: Recall is ill-defined and being set to 0.0 in labels with no true samples. Use `zero_division` parameter to control this behavior.
  _warn_prf(average, modifier, f"{metric.capitalize()} is", len(result))

2026-04-17 19:24:54,717:WARNING:C:\Users\ugrys\AppData\Roaming\Python\Python310\site-packages\sklearn\metrics\_classification.py:1561: UserWarning: Note that pos_label (set to 'Northern/Eastern Europe') is ignored when average != 'binary' (got 'weighted'). You may use labels=[pos_label] to specify a single positive class.
  warnings.warn(

2026-04-17 19:24:54,721:WARNING:C:\Users\ugrys\AppData\Roaming\Python\Python310\site-packages\sklearn\metrics\_classification.py:1509: UndefinedMetricWarning: Recall is ill-defined and being set to 0.0 in labels with no true samples. Use `zero_division` parameter to control this behavior.
  _warn_prf(average, modifier, f"{metric.capitalize()} is", len(result))

2026-04-17 19:24:54,721:WARNING:C:\Users\ugrys\AppData\Roaming\Python\Python310\site-packages\sklearn\metrics\_classification.py:1509: UndefinedMetricWarning: Precision is ill-defined and being set to 0.0 in labels with no predicted samples. Use `zero_division` parameter to control this behavior.
  _warn_prf(average, modifier, f"{metric.capitalize()} is", len(result))

2026-04-17 19:24:54,721:WARNING:C:\Users\ugrys\AppData\Roaming\Python\Python310\site-packages\sklearn\metrics\_classification.py:1509: UndefinedMetricWarning: F-score is ill-defined and being set to 0.0 in labels with no true nor predicted samples. Use `zero_division` parameter to control this behavior.
  _warn_prf(average, modifier, f"{metric.capitalize()} is", len(result))

2026-04-17 19:24:54,721:WARNING:C:\Users\ugrys\AppData\Roaming\Python\Python310\site-packages\sklearn\metrics\_classification.py:1561: UserWarning: Note that pos_label (set to 'Northern/Eastern Europe') is ignored when average != 'binary' (got 'weighted'). You may use labels=[pos_label] to specify a single positive class.
  warnings.warn(

2026-04-17 19:24:54,721:WARNING:C:\Users\ugrys\AppData\Roaming\Python\Python310\site-packages\sklearn\metrics\_classification.py:1561: UserWarning: Note that pos_label (set to 'Northern/Eastern Europe') is ignored when average != 'binary' (got 'weighted'). You may use labels=[pos_label] to specify a single positive class.
  warnings.warn(

2026-04-17 19:24:54,721:WARNING:C:\Users\ugrys\AppData\Roaming\Python\Python310\site-packages\pycaret\internal\metrics.py:204: FitFailedWarning: Metric 'make_scorer(roc_auc_score, response_method=('decision_function', 'predict_proba'), average=weighted, multi_class=ovr)' failed and error score 0.0 has been returned instead. If this is a custom metric, this usually means that the error is in the metric code. Full exception below:
Traceback (most recent call last):
  File "C:\Users\ugrys\AppData\Roaming\Python\Python310\site-packages\pycaret\internal\metrics.py", line 196, in _score
    return super()._score(
  File "C:\Users\ugrys\AppData\Roaming\Python\Python310\site-packages\sklearn\metrics\_scorer.py", line 350, in _score
    return self._sign * self._score_func(y_true, y_pred, **scoring_kwargs)
  File "C:\Users\ugrys\AppData\Roaming\Python\Python310\site-packages\pycaret\internal\metrics.py", line 144, in __call__
    return self.score_func(y_true, y_pred, **kwargs)
  File "C:\Users\ugrys\AppData\Roaming\Python\Python310\site-packages\sklearn\utils\_param_validation.py", line 213, in wrapper
    return func(*args, **kwargs)
  File "C:\Users\ugrys\AppData\Roaming\Python\Python310\site-packages\sklearn\metrics\_ranking.py", line 634, in roc_auc_score
    return _multiclass_roc_auc_score(
  File "C:\Users\ugrys\AppData\Roaming\Python\Python310\site-packages\sklearn\metrics\_ranking.py", line 751, in _multiclass_roc_auc_score
    raise ValueError(
ValueError: Number of classes in y_true not equal to the number of columns in 'y_score'

  warnings.warn(

2026-04-17 19:24:54,721:WARNING:C:\Users\ugrys\AppData\Roaming\Python\Python310\site-packages\sklearn\metrics\_classification.py:1509: UndefinedMetricWarning: Precision is ill-defined and being set to 0.0 in labels with no predicted samples. Use `zero_division` parameter to control this behavior.
  _warn_prf(average, modifier, f"{metric.capitalize()} is", len(result))

2026-04-17 19:24:54,727:WARNING:C:\Users\ugrys\AppData\Roaming\Python\Python310\site-packages\sklearn\metrics\_classification.py:1561: UserWarning: Note that pos_label (set to 'Northern/Eastern Europe') is ignored when average != 'binary' (got 'weighted'). You may use labels=[pos_label] to specify a single positive class.
  warnings.warn(

2026-04-17 19:24:54,728:WARNING:C:\Users\ugrys\AppData\Roaming\Python\Python310\site-packages\sklearn\metrics\_classification.py:1561: UserWarning: Note that pos_label (set to 'Northern/Eastern Europe') is ignored when average != 'binary' (got 'weighted'). You may use labels=[pos_label] to specify a single positive class.
  warnings.warn(

2026-04-17 19:24:54,729:WARNING:C:\Users\ugrys\AppData\Roaming\Python\Python310\site-packages\sklearn\metrics\_classification.py:1509: UndefinedMetricWarning: Precision is ill-defined and being set to 0.0 in labels with no predicted samples. Use `zero_division` parameter to control this behavior.
  _warn_prf(average, modifier, f"{metric.capitalize()} is", len(result))

2026-04-17 19:24:54,729:WARNING:C:\Users\ugrys\AppData\Roaming\Python\Python310\site-packages\pycaret\internal\metrics.py:204: FitFailedWarning: Metric 'make_scorer(roc_auc_score, response_method=('decision_function', 'predict_proba'), average=weighted, multi_class=ovr)' failed and error score 0.0 has been returned instead. If this is a custom metric, this usually means that the error is in the metric code. Full exception below:
Traceback (most recent call last):
  File "C:\Users\ugrys\AppData\Roaming\Python\Python310\site-packages\pycaret\internal\metrics.py", line 196, in _score
    return super()._score(
  File "C:\Users\ugrys\AppData\Roaming\Python\Python310\site-packages\sklearn\metrics\_scorer.py", line 350, in _score
    return self._sign * self._score_func(y_true, y_pred, **scoring_kwargs)
  File "C:\Users\ugrys\AppData\Roaming\Python\Python310\site-packages\pycaret\internal\metrics.py", line 144, in __call__
    return self.score_func(y_true, y_pred, **kwargs)
  File "C:\Users\ugrys\AppData\Roaming\Python\Python310\site-packages\sklearn\utils\_param_validation.py", line 213, in wrapper
    return func(*args, **kwargs)
  File "C:\Users\ugrys\AppData\Roaming\Python\Python310\site-packages\sklearn\metrics\_ranking.py", line 634, in roc_auc_score
    return _multiclass_roc_auc_score(
  File "C:\Users\ugrys\AppData\Roaming\Python\Python310\site-packages\sklearn\metrics\_ranking.py", line 751, in _multiclass_roc_auc_score
    raise ValueError(
ValueError: Number of classes in y_true not equal to the number of columns in 'y_score'

  warnings.warn(

2026-04-17 19:24:54,729:WARNING:C:\Users\ugrys\AppData\Roaming\Python\Python310\site-packages\pycaret\internal\metrics.py:204: FitFailedWarning: Metric 'make_scorer(roc_auc_score, response_method=('decision_function', 'predict_proba'), average=weighted, multi_class=ovr)' failed and error score 0.0 has been returned instead. If this is a custom metric, this usually means that the error is in the metric code. Full exception below:
Traceback (most recent call last):
  File "C:\Users\ugrys\AppData\Roaming\Python\Python310\site-packages\pycaret\internal\metrics.py", line 196, in _score
    return super()._score(
  File "C:\Users\ugrys\AppData\Roaming\Python\Python310\site-packages\sklearn\metrics\_scorer.py", line 350, in _score
    return self._sign * self._score_func(y_true, y_pred, **scoring_kwargs)
  File "C:\Users\ugrys\AppData\Roaming\Python\Python310\site-packages\pycaret\internal\metrics.py", line 144, in __call__
    return self.score_func(y_true, y_pred, **kwargs)
  File "C:\Users\ugrys\AppData\Roaming\Python\Python310\site-packages\sklearn\utils\_param_validation.py", line 213, in wrapper
    return func(*args, **kwargs)
  File "C:\Users\ugrys\AppData\Roaming\Python\Python310\site-packages\sklearn\metrics\_ranking.py", line 634, in roc_auc_score
    return _multiclass_roc_auc_score(
  File "C:\Users\ugrys\AppData\Roaming\Python\Python310\site-packages\sklearn\metrics\_ranking.py", line 751, in _multiclass_roc_auc_score
    raise ValueError(
ValueError: Number of classes in y_true not equal to the number of columns in 'y_score'

  warnings.warn(

2026-04-17 19:24:54,729:WARNING:C:\Users\ugrys\AppData\Roaming\Python\Python310\site-packages\sklearn\metrics\_classification.py:1561: UserWarning: Note that pos_label (set to 'Northern/Eastern Europe') is ignored when average != 'binary' (got 'weighted'). You may use labels=[pos_label] to specify a single positive class.
  warnings.warn(

2026-04-17 19:24:54,729:WARNING:C:\Users\ugrys\AppData\Roaming\Python\Python310\site-packages\sklearn\metrics\_classification.py:1561: UserWarning: Note that pos_label (set to 'Northern/Eastern Europe') is ignored when average != 'binary' (got 'weighted'). You may use labels=[pos_label] to specify a single positive class.
  warnings.warn(

2026-04-17 19:24:54,729:WARNING:C:\Users\ugrys\AppData\Roaming\Python\Python310\site-packages\sklearn\metrics\_classification.py:1509: UndefinedMetricWarning: Recall is ill-defined and being set to 0.0 in labels with no true samples. Use `zero_division` parameter to control this behavior.
  _warn_prf(average, modifier, f"{metric.capitalize()} is", len(result))

2026-04-17 19:24:54,733:WARNING:C:\Users\ugrys\AppData\Roaming\Python\Python310\site-packages\sklearn\metrics\_classification.py:1509: UndefinedMetricWarning: Precision is ill-defined and being set to 0.0 in labels with no predicted samples. Use `zero_division` parameter to control this behavior.
  _warn_prf(average, modifier, f"{metric.capitalize()} is", len(result))

2026-04-17 19:24:54,733:WARNING:C:\Users\ugrys\AppData\Roaming\Python\Python310\site-packages\sklearn\metrics\_classification.py:1561: UserWarning: Note that pos_label (set to 'Northern/Eastern Europe') is ignored when average != 'binary' (got 'weighted'). You may use labels=[pos_label] to specify a single positive class.
  warnings.warn(

2026-04-17 19:24:54,733:WARNING:C:\Users\ugrys\AppData\Roaming\Python\Python310\site-packages\sklearn\metrics\_classification.py:1561: UserWarning: Note that pos_label (set to 'Northern/Eastern Europe') is ignored when average != 'binary' (got 'weighted'). You may use labels=[pos_label] to specify a single positive class.
  warnings.warn(

2026-04-17 19:24:54,733:WARNING:C:\Users\ugrys\AppData\Roaming\Python\Python310\site-packages\sklearn\metrics\_classification.py:1561: UserWarning: Note that pos_label (set to 'Northern/Eastern Europe') is ignored when average != 'binary' (got 'weighted'). You may use labels=[pos_label] to specify a single positive class.
  warnings.warn(

2026-04-17 19:24:54,735:WARNING:C:\Users\ugrys\AppData\Roaming\Python\Python310\site-packages\pycaret\internal\metrics.py:204: FitFailedWarning: Metric 'make_scorer(roc_auc_score, response_method=('decision_function', 'predict_proba'), average=weighted, multi_class=ovr)' failed and error score 0.0 has been returned instead. If this is a custom metric, this usually means that the error is in the metric code. Full exception below:
Traceback (most recent call last):
  File "C:\Users\ugrys\AppData\Roaming\Python\Python310\site-packages\pycaret\internal\metrics.py", line 196, in _score
    return super()._score(
  File "C:\Users\ugrys\AppData\Roaming\Python\Python310\site-packages\sklearn\metrics\_scorer.py", line 350, in _score
    return self._sign * self._score_func(y_true, y_pred, **scoring_kwargs)
  File "C:\Users\ugrys\AppData\Roaming\Python\Python310\site-packages\pycaret\internal\metrics.py", line 144, in __call__
    return self.score_func(y_true, y_pred, **kwargs)
  File "C:\Users\ugrys\AppData\Roaming\Python\Python310\site-packages\sklearn\utils\_param_validation.py", line 213, in wrapper
    return func(*args, **kwargs)
  File "C:\Users\ugrys\AppData\Roaming\Python\Python310\site-packages\sklearn\metrics\_ranking.py", line 634, in roc_auc_score
    return _multiclass_roc_auc_score(
  File "C:\Users\ugrys\AppData\Roaming\Python\Python310\site-packages\sklearn\metrics\_ranking.py", line 751, in _multiclass_roc_auc_score
    raise ValueError(
ValueError: Number of classes in y_true not equal to the number of columns in 'y_score'

  warnings.warn(

2026-04-17 19:24:54,733:WARNING:C:\Users\ugrys\AppData\Roaming\Python\Python310\site-packages\sklearn\metrics\_classification.py:1509: UndefinedMetricWarning: F-score is ill-defined and being set to 0.0 in labels with no true nor predicted samples. Use `zero_division` parameter to control this behavior.
  _warn_prf(average, modifier, f"{metric.capitalize()} is", len(result))

2026-04-17 19:24:54,737:WARNING:C:\Users\ugrys\AppData\Roaming\Python\Python310\site-packages\sklearn\metrics\_classification.py:1509: UndefinedMetricWarning: Recall is ill-defined and being set to 0.0 in labels with no true samples. Use `zero_division` parameter to control this behavior.
  _warn_prf(average, modifier, f"{metric.capitalize()} is", len(result))

2026-04-17 19:24:54,737:WARNING:C:\Users\ugrys\AppData\Roaming\Python\Python310\site-packages\sklearn\metrics\_classification.py:1561: UserWarning: Note that pos_label (set to 'Northern/Eastern Europe') is ignored when average != 'binary' (got 'weighted'). You may use labels=[pos_label] to specify a single positive class.
  warnings.warn(

2026-04-17 19:24:54,738:WARNING:C:\Users\ugrys\AppData\Roaming\Python\Python310\site-packages\sklearn\metrics\_classification.py:1509: UndefinedMetricWarning: Recall is ill-defined and being set to 0.0 in labels with no true samples. Use `zero_division` parameter to control this behavior.
  _warn_prf(average, modifier, f"{metric.capitalize()} is", len(result))

2026-04-17 19:24:54,738:WARNING:C:\Users\ugrys\AppData\Roaming\Python\Python310\site-packages\sklearn\metrics\_classification.py:1561: UserWarning: Note that pos_label (set to 'Northern/Eastern Europe') is ignored when average != 'binary' (got 'weighted'). You may use labels=[pos_label] to specify a single positive class.
  warnings.warn(

2026-04-17 19:24:54,738:WARNING:C:\Users\ugrys\AppData\Roaming\Python\Python310\site-packages\sklearn\metrics\_classification.py:1561: UserWarning: Note that pos_label (set to 'Northern/Eastern Europe') is ignored when average != 'binary' (got 'weighted'). You may use labels=[pos_label] to specify a single positive class.
  warnings.warn(

2026-04-17 19:24:54,741:WARNING:C:\Users\ugrys\AppData\Roaming\Python\Python310\site-packages\sklearn\metrics\_classification.py:1509: UndefinedMetricWarning: Precision is ill-defined and being set to 0.0 in labels with no predicted samples. Use `zero_division` parameter to control this behavior.
  _warn_prf(average, modifier, f"{metric.capitalize()} is", len(result))

2026-04-17 19:24:54,743:WARNING:C:\Users\ugrys\AppData\Roaming\Python\Python310\site-packages\sklearn\metrics\_classification.py:1509: UndefinedMetricWarning: F-score is ill-defined and being set to 0.0 in labels with no true nor predicted samples. Use `zero_division` parameter to control this behavior.
  _warn_prf(average, modifier, f"{metric.capitalize()} is", len(result))

2026-04-17 19:24:54,743:WARNING:C:\Users\ugrys\AppData\Roaming\Python\Python310\site-packages\sklearn\metrics\_classification.py:1561: UserWarning: Note that pos_label (set to 'Northern/Eastern Europe') is ignored when average != 'binary' (got 'weighted'). You may use labels=[pos_label] to specify a single positive class.
  warnings.warn(

2026-04-17 19:24:54,743:WARNING:C:\Users\ugrys\AppData\Roaming\Python\Python310\site-packages\sklearn\metrics\_classification.py:1561: UserWarning: Note that pos_label (set to 'Northern/Eastern Europe') is ignored when average != 'binary' (got 'weighted'). You may use labels=[pos_label] to specify a single positive class.
  warnings.warn(

2026-04-17 19:24:54,743:WARNING:C:\Users\ugrys\AppData\Roaming\Python\Python310\site-packages\sklearn\metrics\_classification.py:1509: UndefinedMetricWarning: Precision is ill-defined and being set to 0.0 in labels with no predicted samples. Use `zero_division` parameter to control this behavior.
  _warn_prf(average, modifier, f"{metric.capitalize()} is", len(result))

2026-04-17 19:24:54,745:WARNING:C:\Users\ugrys\AppData\Roaming\Python\Python310\site-packages\sklearn\metrics\_classification.py:1561: UserWarning: Note that pos_label (set to 'Northern/Eastern Europe') is ignored when average != 'binary' (got 'weighted'). You may use labels=[pos_label] to specify a single positive class.
  warnings.warn(

2026-04-17 19:24:54,745:WARNING:C:\Users\ugrys\AppData\Roaming\Python\Python310\site-packages\sklearn\metrics\_classification.py:1509: UndefinedMetricWarning: Recall is ill-defined and being set to 0.0 in labels with no true samples. Use `zero_division` parameter to control this behavior.
  _warn_prf(average, modifier, f"{metric.capitalize()} is", len(result))

2026-04-17 19:24:54,745:WARNING:C:\Users\ugrys\AppData\Roaming\Python\Python310\site-packages\sklearn\metrics\_classification.py:1509: UndefinedMetricWarning: F-score is ill-defined and being set to 0.0 in labels with no true nor predicted samples. Use `zero_division` parameter to control this behavior.
  _warn_prf(average, modifier, f"{metric.capitalize()} is", len(result))

2026-04-17 19:24:54,743:WARNING:C:\Users\ugrys\AppData\Roaming\Python\Python310\site-packages\sklearn\metrics\_classification.py:1509: UndefinedMetricWarning: Precision is ill-defined and being set to 0.0 in labels with no predicted samples. Use `zero_division` parameter to control this behavior.
  _warn_prf(average, modifier, f"{metric.capitalize()} is", len(result))

2026-04-17 19:24:54,749:WARNING:C:\Users\ugrys\AppData\Roaming\Python\Python310\site-packages\sklearn\metrics\_classification.py:1561: UserWarning: Note that pos_label (set to 'Northern/Eastern Europe') is ignored when average != 'binary' (got 'weighted'). You may use labels=[pos_label] to specify a single positive class.
  warnings.warn(

2026-04-17 19:24:54,749:WARNING:C:\Users\ugrys\AppData\Roaming\Python\Python310\site-packages\sklearn\metrics\_classification.py:1561: UserWarning: Note that pos_label (set to 'Northern/Eastern Europe') is ignored when average != 'binary' (got 'weighted'). You may use labels=[pos_label] to specify a single positive class.
  warnings.warn(

2026-04-17 19:24:54,749:WARNING:C:\Users\ugrys\AppData\Roaming\Python\Python310\site-packages\sklearn\metrics\_classification.py:1561: UserWarning: Note that pos_label (set to 'Northern/Eastern Europe') is ignored when average != 'binary' (got 'weighted'). You may use labels=[pos_label] to specify a single positive class.
  warnings.warn(

2026-04-17 19:24:54,749:WARNING:C:\Users\ugrys\AppData\Roaming\Python\Python310\site-packages\sklearn\metrics\_classification.py:1509: UndefinedMetricWarning: F-score is ill-defined and being set to 0.0 in labels with no true nor predicted samples. Use `zero_division` parameter to control this behavior.
  _warn_prf(average, modifier, f"{metric.capitalize()} is", len(result))

2026-04-17 19:24:54,751:WARNING:C:\Users\ugrys\AppData\Roaming\Python\Python310\site-packages\sklearn\metrics\_classification.py:1509: UndefinedMetricWarning: F-score is ill-defined and being set to 0.0 in labels with no true nor predicted samples. Use `zero_division` parameter to control this behavior.
  _warn_prf(average, modifier, f"{metric.capitalize()} is", len(result))

2026-04-17 19:24:54,751:WARNING:C:\Users\ugrys\AppData\Roaming\Python\Python310\site-packages\sklearn\metrics\_classification.py:1509: UndefinedMetricWarning: Precision is ill-defined and being set to 0.0 in labels with no predicted samples. Use `zero_division` parameter to control this behavior.
  _warn_prf(average, modifier, f"{metric.capitalize()} is", len(result))

2026-04-17 19:24:54,752:WARNING:C:\Users\ugrys\AppData\Roaming\Python\Python310\site-packages\sklearn\metrics\_classification.py:1561: UserWarning: Note that pos_label (set to 'Northern/Eastern Europe') is ignored when average != 'binary' (got 'weighted'). You may use labels=[pos_label] to specify a single positive class.
  warnings.warn(

2026-04-17 19:24:54,755:WARNING:C:\Users\ugrys\AppData\Roaming\Python\Python310\site-packages\sklearn\metrics\_classification.py:1561: UserWarning: Note that pos_label (set to 'Northern/Eastern Europe') is ignored when average != 'binary' (got 'weighted'). You may use labels=[pos_label] to specify a single positive class.
  warnings.warn(

2026-04-17 19:24:54,755:WARNING:C:\Users\ugrys\AppData\Roaming\Python\Python310\site-packages\sklearn\metrics\_classification.py:1509: UndefinedMetricWarning: F-score is ill-defined and being set to 0.0 in labels with no true nor predicted samples. Use `zero_division` parameter to control this behavior.
  _warn_prf(average, modifier, f"{metric.capitalize()} is", len(result))

2026-04-17 19:24:54,757:WARNING:C:\Users\ugrys\AppData\Roaming\Python\Python310\site-packages\sklearn\metrics\_classification.py:1561: UserWarning: Note that pos_label (set to 'Northern/Eastern Europe') is ignored when average != 'binary' (got 'weighted'). You may use labels=[pos_label] to specify a single positive class.
  warnings.warn(

2026-04-17 19:24:54,757:WARNING:C:\Users\ugrys\AppData\Roaming\Python\Python310\site-packages\sklearn\metrics\_classification.py:1509: UndefinedMetricWarning: Precision is ill-defined and being set to 0.0 in labels with no predicted samples. Use `zero_division` parameter to control this behavior.
  _warn_prf(average, modifier, f"{metric.capitalize()} is", len(result))

2026-04-17 19:24:54,757:WARNING:C:\Users\ugrys\AppData\Roaming\Python\Python310\site-packages\sklearn\metrics\_classification.py:1561: UserWarning: Note that pos_label (set to 'Northern/Eastern Europe') is ignored when average != 'binary' (got 'weighted'). You may use labels=[pos_label] to specify a single positive class.
  warnings.warn(

2026-04-17 19:24:54,783:INFO:Calculating mean and std
2026-04-17 19:24:54,785:INFO:Creating metrics dataframe
2026-04-17 19:24:54,786:INFO:Uploading results into container
2026-04-17 19:24:54,788:INFO:Uploading model into container now
2026-04-17 19:24:54,788:INFO:_master_model_container: 5
2026-04-17 19:24:54,788:INFO:_display_container: 2
2026-04-17 19:24:54,789:INFO:GaussianNB(priors=None, var_smoothing=1e-09)
2026-04-17 19:24:54,789:INFO:create_model() successfully completed......................................
2026-04-17 19:24:54,924:INFO:SubProcess create_model() end ==================================
2026-04-17 19:24:54,924:INFO:Creating metrics dataframe
2026-04-17 19:24:54,945:WARNING:C:\Users\ugrys\AppData\Roaming\Python\Python310\site-packages\pycaret\internal\pycaret_experiment\supervised_experiment.py:323: FutureWarning: Styler.applymap has been deprecated. Use Styler.map instead.
  master_display_.apply(

2026-04-17 19:24:54,947:INFO:Initializing create_model()
2026-04-17 19:24:54,947:INFO:create_model(self=<pycaret.classification.oop.ClassificationExperiment object at 0x00000227EF92E0E0>, estimator=LogisticRegression(C=1.0, class_weight=None, dual=False, fit_intercept=True,
                   intercept_scaling=1, l1_ratio=None, max_iter=1000,
                   multi_class='auto', n_jobs=None, penalty='l2',
                   random_state=42, solver='lbfgs', tol=0.0001, verbose=0,
                   warm_start=False), fold=StratifiedKFold(n_splits=10, random_state=None, shuffle=False), round=4, cross_validation=False, predict=False, fit_kwargs={}, groups=None, refit=True, probability_threshold=None, experiment_custom_tags=None, verbose=False, system=False, add_to_model_list=True, metrics=None, display=None, model_only=True, return_train_score=False, error_score=0.0, kwargs={})
2026-04-17 19:24:54,947:INFO:Checking exceptions
2026-04-17 19:24:54,949:INFO:Importing libraries
2026-04-17 19:24:54,949:INFO:Copying training dataset
2026-04-17 19:24:54,957:INFO:Defining folds
2026-04-17 19:24:54,957:INFO:Declaring metric variables
2026-04-17 19:24:54,958:INFO:Importing untrained model
2026-04-17 19:24:54,958:INFO:Declaring custom model
2026-04-17 19:24:54,958:INFO:Logistic Regression Imported successfully
2026-04-17 19:24:54,958:INFO:Cross validation set to False
2026-04-17 19:24:54,958:INFO:Fitting Model
2026-04-17 19:24:55,251:WARNING:C:\Users\ugrys\AppData\Roaming\Python\Python310\site-packages\sklearn\linear_model\_logistic.py:469: ConvergenceWarning: lbfgs failed to converge (status=1):
STOP: TOTAL NO. of ITERATIONS REACHED LIMIT.

Increase the number of iterations (max_iter) or scale the data as shown in:
    https://scikit-learn.org/stable/modules/preprocessing.html
Please also refer to the documentation for alternative solver options:
    https://scikit-learn.org/stable/modules/linear_model.html#logistic-regression
  n_iter_i = _check_optimize_result(

2026-04-17 19:24:55,251:INFO:LogisticRegression(C=1.0, class_weight=None, dual=False, fit_intercept=True,
                   intercept_scaling=1, l1_ratio=None, max_iter=1000,
                   multi_class='auto', n_jobs=None, penalty='l2',
                   random_state=42, solver='lbfgs', tol=0.0001, verbose=0,
                   warm_start=False)
2026-04-17 19:24:55,251:INFO:create_model() successfully completed......................................
2026-04-17 19:24:55,499:INFO:_master_model_container: 5
2026-04-17 19:24:55,499:INFO:_display_container: 2
2026-04-17 19:24:55,500:INFO:LogisticRegression(C=1.0, class_weight=None, dual=False, fit_intercept=True,
                   intercept_scaling=1, l1_ratio=None, max_iter=1000,
                   multi_class='auto', n_jobs=None, penalty='l2',
                   random_state=42, solver='lbfgs', tol=0.0001, verbose=0,
                   warm_start=False)
2026-04-17 19:24:55,500:INFO:compare_models() successfully completed......................................
[2026-04-17 19:24:55] [INFO    ] [train_module        ] En iyi model: LogisticRegression
2026-04-17 19:24:56,039:INFO:Initializing plot_model()
2026-04-17 19:24:56,039:INFO:plot_model(plot=confusion_matrix, fold=None, verbose=True, display=None, display_format=streamlit, estimator=LogisticRegression(C=1.0, class_weight=None, dual=False, fit_intercept=True,
                   intercept_scaling=1, l1_ratio=None, max_iter=1000,
                   multi_class='auto', n_jobs=None, penalty='l2',
                   random_state=42, solver='lbfgs', tol=0.0001, verbose=0,
                   warm_start=False), feature_name=None, fit_kwargs=None, groups=None, label=False, plot_kwargs=None, save=False, scale=1, self=<pycaret.classification.oop.ClassificationExperiment object at 0x00000227EF92E0E0>, system=True)
2026-04-17 19:24:56,039:INFO:Checking exceptions
2026-04-17 19:24:56,039:INFO:Soft dependency imported: streamlit: 1.32.0
2026-04-17 19:24:56,039:INFO:Preloading libraries
2026-04-17 19:24:56,044:INFO:Copying training dataset
2026-04-17 19:24:56,044:INFO:Plot type: confusion_matrix
2026-04-17 19:24:56,364:INFO:Fitting Model
2026-04-17 19:24:56,391:WARNING:C:\Users\ugrys\AppData\Roaming\Python\Python310\site-packages\sklearn\base.py:493: UserWarning: X does not have valid feature names, but LogisticRegression was fitted with feature names
  warnings.warn(

2026-04-17 19:24:56,391:INFO:Scoring test/hold-out set
2026-04-17 19:24:56,830:INFO:Visual Rendered Successfully
2026-04-17 19:24:56,961:INFO:plot_model() successfully completed......................................
2026-04-17 19:24:56,961:INFO:Initializing plot_model()
2026-04-17 19:24:56,965:INFO:plot_model(plot=feature, fold=None, verbose=True, display=None, display_format=streamlit, estimator=LogisticRegression(C=1.0, class_weight=None, dual=False, fit_intercept=True,
                   intercept_scaling=1, l1_ratio=None, max_iter=1000,
                   multi_class='auto', n_jobs=None, penalty='l2',
                   random_state=42, solver='lbfgs', tol=0.0001, verbose=0,
                   warm_start=False), feature_name=None, fit_kwargs=None, groups=None, label=False, plot_kwargs=None, save=False, scale=1, self=<pycaret.classification.oop.ClassificationExperiment object at 0x00000227EF92E0E0>, system=True)
2026-04-17 19:24:56,965:INFO:Checking exceptions
2026-04-17 19:24:56,965:INFO:Soft dependency imported: streamlit: 1.32.0
2026-04-17 19:24:56,965:INFO:Preloading libraries
2026-04-17 19:24:56,965:INFO:Copying training dataset
2026-04-17 19:24:56,965:INFO:Plot type: feature
2026-04-17 19:24:57,239:WARNING:C:\Users\ugrys\AppData\Roaming\Python\Python310\site-packages\pycaret\internal\pycaret_experiment\tabular_experiment.py:1867: UserWarning: Matplotlib is currently using agg, which is a non-GUI backend, so cannot show the figure.
  plt.show()

2026-04-17 19:24:57,239:INFO:Visual Rendered Successfully
2026-04-17 19:24:57,365:INFO:plot_model() successfully completed......................................
[2026-04-17 19:25:35] [INFO    ] [data_module         ] Dosya yükleme başladı: countries.csv (22.0 KB)
[2026-04-17 19:25:35] [INFO    ] [data_module         ] Veri yüklendi: 188 satır × 21 sütun
[2026-04-17 19:25:36] [INFO    ] [train_module        ] PyCaret setup başlıyor — görev: classification, hedef: Region, mod: standard
2026-04-17 19:25:36,145:INFO:PyCaret ClassificationExperiment
2026-04-17 19:25:36,145:INFO:Logging name: clf-default-name
2026-04-17 19:25:36,145:INFO:ML Usecase: MLUsecase.CLASSIFICATION
2026-04-17 19:25:36,145:INFO:version 3.3.2
2026-04-17 19:25:36,145:INFO:Initializing setup()
2026-04-17 19:25:36,145:INFO:self.USI: 0d03
2026-04-17 19:25:36,145:INFO:self._variable_keys: {'gpu_n_jobs_param', 'USI', 'is_multiclass', 'X', 'memory', 'seed', 'data', 'logging_param', 'pipeline', 'gpu_param', 'exp_id', 'fold_groups_param', 'idx', 'html_param', 'exp_name_log', 'log_plots_param', '_ml_usecase', 'y_train', 'y_test', 'X_test', 'fix_imbalance', 'fold_shuffle_param', 'target_param', 'n_jobs_param', '_available_plots', 'y', 'X_train', 'fold_generator'}
2026-04-17 19:25:36,146:INFO:Checking environment
2026-04-17 19:25:36,146:INFO:python_version: 3.10.6
2026-04-17 19:25:36,146:INFO:python_build: ('tags/v3.10.6:9c7b4bd', 'Aug  1 2022 21:53:49')
2026-04-17 19:25:36,146:INFO:machine: AMD64
2026-04-17 19:25:36,147:INFO:platform: Windows-10-10.0.26200-SP0
2026-04-17 19:25:36,147:INFO:Memory: svmem(total=34082693120, available=21768265728, percent=36.1, used=12314427392, free=21768265728)
2026-04-17 19:25:36,147:INFO:Physical Core: 8
2026-04-17 19:25:36,147:INFO:Logical Core: 12
2026-04-17 19:25:36,147:INFO:Checking libraries
2026-04-17 19:25:36,147:INFO:System:
2026-04-17 19:25:36,147:INFO:    python: 3.10.6 (tags/v3.10.6:9c7b4bd, Aug  1 2022, 21:53:49) [MSC v.1932 64 bit (AMD64)]
2026-04-17 19:25:36,147:INFO:executable: C:\Users\ugrys\AppData\Local\Programs\Python\Python310\python.exe
2026-04-17 19:25:36,148:INFO:   machine: Windows-10-10.0.26200-SP0
2026-04-17 19:25:36,148:INFO:PyCaret required dependencies:
2026-04-17 19:25:36,148:INFO:                 pip: 22.2.1
2026-04-17 19:25:36,148:INFO:          setuptools: 69.5.1
2026-04-17 19:25:36,148:INFO:             pycaret: 3.3.0
2026-04-17 19:25:36,148:INFO:             IPython: 8.39.0
2026-04-17 19:25:36,148:INFO:          ipywidgets: 8.1.8
2026-04-17 19:25:36,148:INFO:                tqdm: 4.67.3
2026-04-17 19:25:36,148:INFO:               numpy: 1.25.2
2026-04-17 19:25:36,148:INFO:              pandas: 2.1.4
2026-04-17 19:25:36,148:INFO:              jinja2: 3.1.6
2026-04-17 19:25:36,148:INFO:               scipy: 1.11.4
2026-04-17 19:25:36,148:INFO:              joblib: 1.3.2
2026-04-17 19:25:36,148:INFO:             sklearn: 1.4.2
2026-04-17 19:25:36,148:INFO:                pyod: 3.2.1
2026-04-17 19:25:36,148:INFO:            imblearn: 0.14.1
2026-04-17 19:25:36,148:INFO:   category_encoders: 2.7.0
2026-04-17 19:25:36,148:INFO:            lightgbm: 4.6.0
2026-04-17 19:25:36,148:INFO:               numba: 0.58.1
2026-04-17 19:25:36,148:INFO:            requests: 2.33.1
2026-04-17 19:25:36,148:INFO:          matplotlib: 3.7.5
2026-04-17 19:25:36,148:INFO:          scikitplot: 0.3.7
2026-04-17 19:25:36,148:INFO:         yellowbrick: 1.5
2026-04-17 19:25:36,148:INFO:              plotly: 6.7.0
2026-04-17 19:25:36,148:INFO:    plotly-resampler: Not installed
2026-04-17 19:25:36,148:INFO:             kaleido: 1.2.0
2026-04-17 19:25:36,148:INFO:           schemdraw: 0.15
2026-04-17 19:25:36,148:INFO:         statsmodels: 0.14.6
2026-04-17 19:25:36,148:INFO:              sktime: 0.40.1
2026-04-17 19:25:36,148:INFO:               tbats: 1.1.3
2026-04-17 19:25:36,148:INFO:            pmdarima: 2.0.4
2026-04-17 19:25:36,148:INFO:              psutil: 5.9.5
2026-04-17 19:25:36,148:INFO:          markupsafe: 2.1.5
2026-04-17 19:25:36,148:INFO:             pickle5: Not installed
2026-04-17 19:25:36,148:INFO:         cloudpickle: 3.1.2
2026-04-17 19:25:36,148:INFO:         deprecation: 2.1.0
2026-04-17 19:25:36,151:INFO:              xxhash: 3.6.0
2026-04-17 19:25:36,151:INFO:           wurlitzer: Not installed
2026-04-17 19:25:36,151:INFO:PyCaret optional dependencies:
2026-04-17 19:25:36,151:INFO:                shap: Not installed
2026-04-17 19:25:36,151:INFO:           interpret: Not installed
2026-04-17 19:25:36,151:INFO:                umap: Not installed
2026-04-17 19:25:36,151:INFO:     ydata_profiling: 4.6.4
2026-04-17 19:25:36,151:INFO:  explainerdashboard: Not installed
2026-04-17 19:25:36,151:INFO:             autoviz: Not installed
2026-04-17 19:25:36,151:INFO:           fairlearn: Not installed
2026-04-17 19:25:36,151:INFO:          deepchecks: Not installed
2026-04-17 19:25:36,151:INFO:             xgboost: 3.2.0
2026-04-17 19:25:36,151:INFO:            catboost: Not installed
2026-04-17 19:25:36,151:INFO:              kmodes: Not installed
2026-04-17 19:25:36,152:INFO:             mlxtend: Not installed
2026-04-17 19:25:36,153:INFO:       statsforecast: Not installed
2026-04-17 19:25:36,153:INFO:        tune_sklearn: Not installed
2026-04-17 19:25:36,153:INFO:                 ray: Not installed
2026-04-17 19:25:36,153:INFO:            hyperopt: Not installed
2026-04-17 19:25:36,153:INFO:              optuna: Not installed
2026-04-17 19:25:36,153:INFO:               skopt: Not installed
2026-04-17 19:25:36,153:INFO:              mlflow: Not installed
2026-04-17 19:25:36,153:INFO:              gradio: Not installed
2026-04-17 19:25:36,153:INFO:             fastapi: Not installed
2026-04-17 19:25:36,153:INFO:             uvicorn: 0.44.0
2026-04-17 19:25:36,154:INFO:              m2cgen: Not installed
2026-04-17 19:25:36,154:INFO:           evidently: Not installed
2026-04-17 19:25:36,154:INFO:               fugue: Not installed
2026-04-17 19:25:36,154:INFO:           streamlit: 1.32.0
2026-04-17 19:25:36,154:INFO:             prophet: Not installed
2026-04-17 19:25:36,154:INFO:None
2026-04-17 19:25:36,154:INFO:Set up data.
2026-04-17 19:25:36,165:INFO:Set up folding strategy.
2026-04-17 19:25:36,165:INFO:Set up train/test split.
2026-04-17 19:25:36,176:INFO:Set up index.
2026-04-17 19:25:36,176:INFO:Assigning column types.
2026-04-17 19:25:36,183:INFO:Engine successfully changes for model 'lr' to 'sklearn'.
2026-04-17 19:25:36,251:INFO:Engine for model 'knn' has not been set explicitly, hence returning None.
2026-04-17 19:25:36,252:INFO:Engine for model 'rbfsvm' has not been set explicitly, hence returning None.
2026-04-17 19:25:36,289:INFO:Soft dependency imported: xgboost: 3.2.0
2026-04-17 19:25:36,297:WARNING:
'catboost' is a soft dependency and not included in the pycaret installation. Please run: `pip install catboost` to install.
Alternately, you can install this by running `pip install pycaret[models]`
2026-04-17 19:25:36,361:INFO:Engine for model 'knn' has not been set explicitly, hence returning None.
2026-04-17 19:25:36,361:INFO:Engine for model 'rbfsvm' has not been set explicitly, hence returning None.
2026-04-17 19:25:36,400:INFO:Soft dependency imported: xgboost: 3.2.0
2026-04-17 19:25:36,406:WARNING:
'catboost' is a soft dependency and not included in the pycaret installation. Please run: `pip install catboost` to install.
Alternately, you can install this by running `pip install pycaret[models]`
2026-04-17 19:25:36,406:INFO:Engine successfully changes for model 'knn' to 'sklearn'.
2026-04-17 19:25:36,494:INFO:Engine for model 'rbfsvm' has not been set explicitly, hence returning None.
2026-04-17 19:25:36,540:INFO:Soft dependency imported: xgboost: 3.2.0
2026-04-17 19:25:36,545:WARNING:
'catboost' is a soft dependency and not included in the pycaret installation. Please run: `pip install catboost` to install.
Alternately, you can install this by running `pip install pycaret[models]`
2026-04-17 19:25:36,623:INFO:Engine for model 'rbfsvm' has not been set explicitly, hence returning None.
2026-04-17 19:25:36,671:INFO:Soft dependency imported: xgboost: 3.2.0
2026-04-17 19:25:36,674:WARNING:
'catboost' is a soft dependency and not included in the pycaret installation. Please run: `pip install catboost` to install.
Alternately, you can install this by running `pip install pycaret[models]`
2026-04-17 19:25:36,674:INFO:Engine successfully changes for model 'rbfsvm' to 'sklearn'.
2026-04-17 19:25:36,809:INFO:Soft dependency imported: xgboost: 3.2.0
2026-04-17 19:25:36,816:WARNING:
'catboost' is a soft dependency and not included in the pycaret installation. Please run: `pip install catboost` to install.
Alternately, you can install this by running `pip install pycaret[models]`
2026-04-17 19:25:36,965:INFO:Soft dependency imported: xgboost: 3.2.0
2026-04-17 19:25:36,970:WARNING:
'catboost' is a soft dependency and not included in the pycaret installation. Please run: `pip install catboost` to install.
Alternately, you can install this by running `pip install pycaret[models]`
2026-04-17 19:25:36,970:INFO:Preparing preprocessing pipeline...
2026-04-17 19:25:36,973:INFO:Set up label encoding.
2026-04-17 19:25:36,973:INFO:Set up simple imputation.
2026-04-17 19:25:36,974:INFO:Set up encoding of categorical features.
2026-04-17 19:25:36,974:INFO:Set up column name cleaning.
2026-04-17 19:25:37,174:INFO:Finished creating preprocessing pipeline.
2026-04-17 19:25:37,188:INFO:Pipeline: Pipeline(memory=FastMemory(location=C:\Users\ugrys\AppData\Local\Temp\joblib),
         steps=[('label_encoding',
                 TransformerWrapperWithInverse(exclude=None, include=None,
                                               transformer=LabelEncoder())),
                ('numerical_imputer',
                 TransformerWrapper(exclude=None,
                                    include=['Population (millions)', 'HDI',
                                             'Cropland Footprint',
                                             'Grazing Footprint',
                                             'Forest Footprint',
                                             'Carbon Footpri...
                                    transformer=TargetEncoder(cols=['Country',
                                                                    'GDP per '
                                                                    'Capita'],
                                                              drop_invariant=False,
                                                              handle_missing='return_nan',
                                                              handle_unknown='value',
                                                              hierarchy=None,
                                                              min_samples_leaf=20,
                                                              return_df=True,
                                                              smoothing=10,
                                                              verbose=0))),
                ('clean_column_names',
                 TransformerWrapper(exclude=None, include=None,
                                    transformer=CleanColumnNames(match='[\\]\\[\\,\\{\\}\\"\\:]+')))],
         verbose=False)
2026-04-17 19:25:37,189:INFO:Creating final display dataframe.
2026-04-17 19:25:37,852:INFO:Setup _display_container:                     Description                                              Value
0                    Session id                                                 42
1                        Target                                             Region
2                   Target type                                         Multiclass
3                Target mapping  Africa: 0, Asia-Pacific: 1, European Union: 2,...
4           Original data shape                                          (188, 21)
5        Transformed data shape                                          (188, 27)
6   Transformed train set shape                                          (131, 27)
7    Transformed test set shape                                           (57, 27)
8              Numeric features                                                 17
9          Categorical features                                                  3
10     Rows with missing values                                              13.8%
11                   Preprocess                                               True
12              Imputation type                                             simple
13           Numeric imputation                                               mean
14       Categorical imputation                                               mode
15     Maximum one-hot encoding                                                 25
16              Encoding method                                               None
17               Fold Generator                                    StratifiedKFold
18                  Fold Number                                                 10
19                     CPU Jobs                                                 -1
20                      Use GPU                                              False
21               Log Experiment                                              False
22              Experiment Name                                   clf-default-name
23                          USI                                               0d03
2026-04-17 19:25:37,974:INFO:Soft dependency imported: xgboost: 3.2.0
2026-04-17 19:25:37,984:WARNING:
'catboost' is a soft dependency and not included in the pycaret installation. Please run: `pip install catboost` to install.
Alternately, you can install this by running `pip install pycaret[models]`
2026-04-17 19:25:38,148:INFO:Soft dependency imported: xgboost: 3.2.0
2026-04-17 19:25:38,155:WARNING:
'catboost' is a soft dependency and not included in the pycaret installation. Please run: `pip install catboost` to install.
Alternately, you can install this by running `pip install pycaret[models]`
2026-04-17 19:25:38,159:INFO:setup() successfully completed in 2.02s...............
[2026-04-17 19:25:38] [INFO    ] [train_module        ] Setup tamamlandı: classification
[2026-04-17 19:25:38] [INFO    ] [train_module        ] Model karşılaştırması başlıyor — classification | Standart Mod | 5 model
2026-04-17 19:25:38,168:INFO:Initializing compare_models()
2026-04-17 19:25:38,168:INFO:compare_models(self=<pycaret.classification.oop.ClassificationExperiment object at 0x000002283C1AB370>, include=['lr', 'dt', 'rf', 'knn', 'nb'], fold=None, round=4, cross_validation=True, sort=Accuracy, n_select=1, budget_time=None, turbo=True, errors=ignore, fit_kwargs=None, groups=None, experiment_custom_tags=None, probability_threshold=None, verbose=True, parallel=None, caller_params={'self': <pycaret.classification.oop.ClassificationExperiment object at 0x000002283C1AB370>, 'include': ['lr', 'dt', 'rf', 'knn', 'nb'], 'exclude': None, 'fold': None, 'round': 4, 'cross_validation': True, 'sort': 'Accuracy', 'n_select': 1, 'budget_time': None, 'turbo': True, 'errors': 'ignore', 'fit_kwargs': None, 'groups': None, 'experiment_custom_tags': None, 'probability_threshold': None, 'engine': None, 'verbose': True, 'parallel': None, '__class__': <class 'pycaret.classification.oop.ClassificationExperiment'>}, exclude=None)
2026-04-17 19:25:38,168:INFO:Checking exceptions
2026-04-17 19:25:38,178:INFO:Preparing display monitor
2026-04-17 19:25:38,183:INFO:Initializing Logistic Regression
2026-04-17 19:25:38,183:INFO:Total runtime is 0.0 minutes
2026-04-17 19:25:38,183:INFO:SubProcess create_model() called ==================================
2026-04-17 19:25:38,183:INFO:Initializing create_model()
2026-04-17 19:25:38,183:INFO:create_model(self=<pycaret.classification.oop.ClassificationExperiment object at 0x000002283C1AB370>, estimator=lr, fold=StratifiedKFold(n_splits=10, random_state=None, shuffle=False), round=4, cross_validation=True, predict=True, fit_kwargs={}, groups=None, refit=False, probability_threshold=None, experiment_custom_tags=None, verbose=False, system=False, add_to_model_list=True, metrics=None, display=<pycaret.internal.display.display.CommonDisplay object at 0x0000022835FCE920>, model_only=True, return_train_score=False, error_score=0.0, kwargs={})
2026-04-17 19:25:38,183:INFO:Checking exceptions
2026-04-17 19:25:38,183:INFO:Importing libraries
2026-04-17 19:25:38,183:INFO:Copying training dataset
2026-04-17 19:25:38,192:INFO:Defining folds
2026-04-17 19:25:38,192:INFO:Declaring metric variables
2026-04-17 19:25:38,192:INFO:Importing untrained model
2026-04-17 19:25:38,192:INFO:Logistic Regression Imported successfully
2026-04-17 19:25:38,192:INFO:Starting cross validation
2026-04-17 19:25:38,195:INFO:Cross validating with StratifiedKFold(n_splits=10, random_state=None, shuffle=False), n_jobs=-1
2026-04-17 19:25:38,198:WARNING:C:\Users\ugrys\AppData\Roaming\Python\Python310\site-packages\sklearn\model_selection\_split.py:737: UserWarning: The least populated class in y has only 2 members, which is less than n_splits=10.
  warnings.warn(

2026-04-17 19:25:39,002:WARNING:C:\Users\ugrys\AppData\Roaming\Python\Python310\site-packages\sklearn\linear_model\_logistic.py:469: ConvergenceWarning: lbfgs failed to converge (status=1):
STOP: TOTAL NO. of ITERATIONS REACHED LIMIT.

Increase the number of iterations (max_iter) or scale the data as shown in:
    https://scikit-learn.org/stable/modules/preprocessing.html
Please also refer to the documentation for alternative solver options:
    https://scikit-learn.org/stable/modules/linear_model.html#logistic-regression
  n_iter_i = _check_optimize_result(

2026-04-17 19:25:39,027:WARNING:C:\Users\ugrys\AppData\Roaming\Python\Python310\site-packages\sklearn\linear_model\_logistic.py:469: ConvergenceWarning: lbfgs failed to converge (status=1):
STOP: TOTAL NO. of ITERATIONS REACHED LIMIT.

Increase the number of iterations (max_iter) or scale the data as shown in:
    https://scikit-learn.org/stable/modules/preprocessing.html
Please also refer to the documentation for alternative solver options:
    https://scikit-learn.org/stable/modules/linear_model.html#logistic-regression
  n_iter_i = _check_optimize_result(

2026-04-17 19:25:39,029:WARNING:C:\Users\ugrys\AppData\Roaming\Python\Python310\site-packages\sklearn\linear_model\_logistic.py:469: ConvergenceWarning: lbfgs failed to converge (status=1):
STOP: TOTAL NO. of ITERATIONS REACHED LIMIT.

Increase the number of iterations (max_iter) or scale the data as shown in:
    https://scikit-learn.org/stable/modules/preprocessing.html
Please also refer to the documentation for alternative solver options:
    https://scikit-learn.org/stable/modules/linear_model.html#logistic-regression
  n_iter_i = _check_optimize_result(

2026-04-17 19:25:39,031:WARNING:C:\Users\ugrys\AppData\Roaming\Python\Python310\site-packages\sklearn\linear_model\_logistic.py:469: ConvergenceWarning: lbfgs failed to converge (status=1):
STOP: TOTAL NO. of ITERATIONS REACHED LIMIT.

Increase the number of iterations (max_iter) or scale the data as shown in:
    https://scikit-learn.org/stable/modules/preprocessing.html
Please also refer to the documentation for alternative solver options:
    https://scikit-learn.org/stable/modules/linear_model.html#logistic-regression
  n_iter_i = _check_optimize_result(

2026-04-17 19:25:39,035:WARNING:C:\Users\ugrys\AppData\Roaming\Python\Python310\site-packages\sklearn\linear_model\_logistic.py:469: ConvergenceWarning: lbfgs failed to converge (status=1):
STOP: TOTAL NO. of ITERATIONS REACHED LIMIT.

Increase the number of iterations (max_iter) or scale the data as shown in:
    https://scikit-learn.org/stable/modules/preprocessing.html
Please also refer to the documentation for alternative solver options:
    https://scikit-learn.org/stable/modules/linear_model.html#logistic-regression
  n_iter_i = _check_optimize_result(

2026-04-17 19:25:39,041:WARNING:C:\Users\ugrys\AppData\Roaming\Python\Python310\site-packages\sklearn\linear_model\_logistic.py:469: ConvergenceWarning: lbfgs failed to converge (status=1):
STOP: TOTAL NO. of ITERATIONS REACHED LIMIT.

Increase the number of iterations (max_iter) or scale the data as shown in:
    https://scikit-learn.org/stable/modules/preprocessing.html
Please also refer to the documentation for alternative solver options:
    https://scikit-learn.org/stable/modules/linear_model.html#logistic-regression
  n_iter_i = _check_optimize_result(

2026-04-17 19:25:39,045:WARNING:C:\Users\ugrys\AppData\Roaming\Python\Python310\site-packages\sklearn\linear_model\_logistic.py:469: ConvergenceWarning: lbfgs failed to converge (status=1):
STOP: TOTAL NO. of ITERATIONS REACHED LIMIT.

Increase the number of iterations (max_iter) or scale the data as shown in:
    https://scikit-learn.org/stable/modules/preprocessing.html
Please also refer to the documentation for alternative solver options:
    https://scikit-learn.org/stable/modules/linear_model.html#logistic-regression
  n_iter_i = _check_optimize_result(

2026-04-17 19:25:39,045:WARNING:C:\Users\ugrys\AppData\Roaming\Python\Python310\site-packages\sklearn\linear_model\_logistic.py:469: ConvergenceWarning: lbfgs failed to converge (status=1):
STOP: TOTAL NO. of ITERATIONS REACHED LIMIT.

Increase the number of iterations (max_iter) or scale the data as shown in:
    https://scikit-learn.org/stable/modules/preprocessing.html
Please also refer to the documentation for alternative solver options:
    https://scikit-learn.org/stable/modules/linear_model.html#logistic-regression
  n_iter_i = _check_optimize_result(

2026-04-17 19:25:39,045:WARNING:C:\Users\ugrys\AppData\Roaming\Python\Python310\site-packages\sklearn\linear_model\_logistic.py:469: ConvergenceWarning: lbfgs failed to converge (status=1):
STOP: TOTAL NO. of ITERATIONS REACHED LIMIT.

Increase the number of iterations (max_iter) or scale the data as shown in:
    https://scikit-learn.org/stable/modules/preprocessing.html
Please also refer to the documentation for alternative solver options:
    https://scikit-learn.org/stable/modules/linear_model.html#logistic-regression
  n_iter_i = _check_optimize_result(

2026-04-17 19:25:39,048:WARNING:C:\Users\ugrys\AppData\Roaming\Python\Python310\site-packages\sklearn\linear_model\_logistic.py:469: ConvergenceWarning: lbfgs failed to converge (status=1):
STOP: TOTAL NO. of ITERATIONS REACHED LIMIT.

Increase the number of iterations (max_iter) or scale the data as shown in:
    https://scikit-learn.org/stable/modules/preprocessing.html
Please also refer to the documentation for alternative solver options:
    https://scikit-learn.org/stable/modules/linear_model.html#logistic-regression
  n_iter_i = _check_optimize_result(

2026-04-17 19:25:39,101:WARNING:C:\Users\ugrys\AppData\Roaming\Python\Python310\site-packages\pycaret\internal\metrics.py:204: FitFailedWarning: Metric 'make_scorer(roc_auc_score, response_method=('decision_function', 'predict_proba'), average=weighted, multi_class=ovr)' failed and error score 0.0 has been returned instead. If this is a custom metric, this usually means that the error is in the metric code. Full exception below:
Traceback (most recent call last):
  File "C:\Users\ugrys\AppData\Roaming\Python\Python310\site-packages\pycaret\internal\metrics.py", line 196, in _score
    return super()._score(
  File "C:\Users\ugrys\AppData\Roaming\Python\Python310\site-packages\sklearn\metrics\_scorer.py", line 350, in _score
    return self._sign * self._score_func(y_true, y_pred, **scoring_kwargs)
  File "C:\Users\ugrys\AppData\Roaming\Python\Python310\site-packages\pycaret\internal\metrics.py", line 144, in __call__
    return self.score_func(y_true, y_pred, **kwargs)
  File "C:\Users\ugrys\AppData\Roaming\Python\Python310\site-packages\sklearn\utils\_param_validation.py", line 213, in wrapper
    return func(*args, **kwargs)
  File "C:\Users\ugrys\AppData\Roaming\Python\Python310\site-packages\sklearn\metrics\_ranking.py", line 634, in roc_auc_score
    return _multiclass_roc_auc_score(
  File "C:\Users\ugrys\AppData\Roaming\Python\Python310\site-packages\sklearn\metrics\_ranking.py", line 707, in _multiclass_roc_auc_score
    raise ValueError(
ValueError: Target scores need to be probabilities for multiclass roc_auc, i.e. they should sum up to 1.0 over classes

  warnings.warn(

2026-04-17 19:25:39,107:WARNING:C:\Users\ugrys\AppData\Roaming\Python\Python310\site-packages\sklearn\metrics\_classification.py:1561: UserWarning: Note that pos_label (set to 'Northern/Eastern Europe') is ignored when average != 'binary' (got 'weighted'). You may use labels=[pos_label] to specify a single positive class.
  warnings.warn(

2026-04-17 19:25:39,111:WARNING:C:\Users\ugrys\AppData\Roaming\Python\Python310\site-packages\pycaret\internal\metrics.py:204: FitFailedWarning: Metric 'make_scorer(roc_auc_score, response_method=('decision_function', 'predict_proba'), average=weighted, multi_class=ovr)' failed and error score 0.0 has been returned instead. If this is a custom metric, this usually means that the error is in the metric code. Full exception below:
Traceback (most recent call last):
  File "C:\Users\ugrys\AppData\Roaming\Python\Python310\site-packages\pycaret\internal\metrics.py", line 196, in _score
    return super()._score(
  File "C:\Users\ugrys\AppData\Roaming\Python\Python310\site-packages\sklearn\metrics\_scorer.py", line 350, in _score
    return self._sign * self._score_func(y_true, y_pred, **scoring_kwargs)
  File "C:\Users\ugrys\AppData\Roaming\Python\Python310\site-packages\pycaret\internal\metrics.py", line 144, in __call__
    return self.score_func(y_true, y_pred, **kwargs)
  File "C:\Users\ugrys\AppData\Roaming\Python\Python310\site-packages\sklearn\utils\_param_validation.py", line 213, in wrapper
    return func(*args, **kwargs)
  File "C:\Users\ugrys\AppData\Roaming\Python\Python310\site-packages\sklearn\metrics\_ranking.py", line 634, in roc_auc_score
    return _multiclass_roc_auc_score(
  File "C:\Users\ugrys\AppData\Roaming\Python\Python310\site-packages\sklearn\metrics\_ranking.py", line 707, in _multiclass_roc_auc_score
    raise ValueError(
ValueError: Target scores need to be probabilities for multiclass roc_auc, i.e. they should sum up to 1.0 over classes

  warnings.warn(

2026-04-17 19:25:39,115:WARNING:C:\Users\ugrys\AppData\Roaming\Python\Python310\site-packages\sklearn\metrics\_classification.py:1561: UserWarning: Note that pos_label (set to 'Northern/Eastern Europe') is ignored when average != 'binary' (got 'weighted'). You may use labels=[pos_label] to specify a single positive class.
  warnings.warn(

2026-04-17 19:25:39,117:WARNING:C:\Users\ugrys\AppData\Roaming\Python\Python310\site-packages\sklearn\metrics\_classification.py:1561: UserWarning: Note that pos_label (set to 'Northern/Eastern Europe') is ignored when average != 'binary' (got 'weighted'). You may use labels=[pos_label] to specify a single positive class.
  warnings.warn(

2026-04-17 19:25:39,119:WARNING:C:\Users\ugrys\AppData\Roaming\Python\Python310\site-packages\sklearn\metrics\_classification.py:1509: UndefinedMetricWarning: Precision is ill-defined and being set to 0.0 in labels with no predicted samples. Use `zero_division` parameter to control this behavior.
  _warn_prf(average, modifier, f"{metric.capitalize()} is", len(result))

2026-04-17 19:25:39,121:WARNING:C:\Users\ugrys\AppData\Roaming\Python\Python310\site-packages\pycaret\internal\metrics.py:204: FitFailedWarning: Metric 'make_scorer(roc_auc_score, response_method=('decision_function', 'predict_proba'), average=weighted, multi_class=ovr)' failed and error score 0.0 has been returned instead. If this is a custom metric, this usually means that the error is in the metric code. Full exception below:
Traceback (most recent call last):
  File "C:\Users\ugrys\AppData\Roaming\Python\Python310\site-packages\pycaret\internal\metrics.py", line 196, in _score
    return super()._score(
  File "C:\Users\ugrys\AppData\Roaming\Python\Python310\site-packages\sklearn\metrics\_scorer.py", line 350, in _score
    return self._sign * self._score_func(y_true, y_pred, **scoring_kwargs)
  File "C:\Users\ugrys\AppData\Roaming\Python\Python310\site-packages\pycaret\internal\metrics.py", line 144, in __call__
    return self.score_func(y_true, y_pred, **kwargs)
  File "C:\Users\ugrys\AppData\Roaming\Python\Python310\site-packages\sklearn\utils\_param_validation.py", line 213, in wrapper
    return func(*args, **kwargs)
  File "C:\Users\ugrys\AppData\Roaming\Python\Python310\site-packages\sklearn\metrics\_ranking.py", line 634, in roc_auc_score
    return _multiclass_roc_auc_score(
  File "C:\Users\ugrys\AppData\Roaming\Python\Python310\site-packages\sklearn\metrics\_ranking.py", line 707, in _multiclass_roc_auc_score
    raise ValueError(
ValueError: Target scores need to be probabilities for multiclass roc_auc, i.e. they should sum up to 1.0 over classes

  warnings.warn(

2026-04-17 19:25:39,121:WARNING:C:\Users\ugrys\AppData\Roaming\Python\Python310\site-packages\sklearn\metrics\_classification.py:1509: UndefinedMetricWarning: Recall is ill-defined and being set to 0.0 in labels with no true samples. Use `zero_division` parameter to control this behavior.
  _warn_prf(average, modifier, f"{metric.capitalize()} is", len(result))

2026-04-17 19:25:39,123:WARNING:C:\Users\ugrys\AppData\Roaming\Python\Python310\site-packages\sklearn\metrics\_classification.py:1561: UserWarning: Note that pos_label (set to 'Northern/Eastern Europe') is ignored when average != 'binary' (got 'weighted'). You may use labels=[pos_label] to specify a single positive class.
  warnings.warn(

2026-04-17 19:25:39,123:WARNING:C:\Users\ugrys\AppData\Roaming\Python\Python310\site-packages\sklearn\metrics\_classification.py:1561: UserWarning: Note that pos_label (set to 'Northern/Eastern Europe') is ignored when average != 'binary' (got 'weighted'). You may use labels=[pos_label] to specify a single positive class.
  warnings.warn(

2026-04-17 19:25:39,127:WARNING:C:\Users\ugrys\AppData\Roaming\Python\Python310\site-packages\sklearn\metrics\_classification.py:1561: UserWarning: Note that pos_label (set to 'Northern/Eastern Europe') is ignored when average != 'binary' (got 'weighted'). You may use labels=[pos_label] to specify a single positive class.
  warnings.warn(

2026-04-17 19:25:39,127:WARNING:C:\Users\ugrys\AppData\Roaming\Python\Python310\site-packages\sklearn\metrics\_classification.py:1509: UndefinedMetricWarning: Recall is ill-defined and being set to 0.0 in labels with no true samples. Use `zero_division` parameter to control this behavior.
  _warn_prf(average, modifier, f"{metric.capitalize()} is", len(result))

2026-04-17 19:25:39,129:WARNING:C:\Users\ugrys\AppData\Roaming\Python\Python310\site-packages\pycaret\internal\metrics.py:204: FitFailedWarning: Metric 'make_scorer(roc_auc_score, response_method=('decision_function', 'predict_proba'), average=weighted, multi_class=ovr)' failed and error score 0.0 has been returned instead. If this is a custom metric, this usually means that the error is in the metric code. Full exception below:
Traceback (most recent call last):
  File "C:\Users\ugrys\AppData\Roaming\Python\Python310\site-packages\pycaret\internal\metrics.py", line 196, in _score
    return super()._score(
  File "C:\Users\ugrys\AppData\Roaming\Python\Python310\site-packages\sklearn\metrics\_scorer.py", line 350, in _score
    return self._sign * self._score_func(y_true, y_pred, **scoring_kwargs)
  File "C:\Users\ugrys\AppData\Roaming\Python\Python310\site-packages\pycaret\internal\metrics.py", line 144, in __call__
    return self.score_func(y_true, y_pred, **kwargs)
  File "C:\Users\ugrys\AppData\Roaming\Python\Python310\site-packages\sklearn\utils\_param_validation.py", line 213, in wrapper
    return func(*args, **kwargs)
  File "C:\Users\ugrys\AppData\Roaming\Python\Python310\site-packages\sklearn\metrics\_ranking.py", line 634, in roc_auc_score
    return _multiclass_roc_auc_score(
  File "C:\Users\ugrys\AppData\Roaming\Python\Python310\site-packages\sklearn\metrics\_ranking.py", line 707, in _multiclass_roc_auc_score
    raise ValueError(
ValueError: Target scores need to be probabilities for multiclass roc_auc, i.e. they should sum up to 1.0 over classes

  warnings.warn(

2026-04-17 19:25:39,133:WARNING:C:\Users\ugrys\AppData\Roaming\Python\Python310\site-packages\sklearn\metrics\_classification.py:1509: UndefinedMetricWarning: Precision is ill-defined and being set to 0.0 in labels with no predicted samples. Use `zero_division` parameter to control this behavior.
  _warn_prf(average, modifier, f"{metric.capitalize()} is", len(result))

2026-04-17 19:25:39,134:WARNING:C:\Users\ugrys\AppData\Roaming\Python\Python310\site-packages\sklearn\metrics\_classification.py:1561: UserWarning: Note that pos_label (set to 'Northern/Eastern Europe') is ignored when average != 'binary' (got 'weighted'). You may use labels=[pos_label] to specify a single positive class.
  warnings.warn(

2026-04-17 19:25:39,134:WARNING:C:\Users\ugrys\AppData\Roaming\Python\Python310\site-packages\sklearn\metrics\_classification.py:1561: UserWarning: Note that pos_label (set to 'Northern/Eastern Europe') is ignored when average != 'binary' (got 'weighted'). You may use labels=[pos_label] to specify a single positive class.
  warnings.warn(

2026-04-17 19:25:39,136:WARNING:C:\Users\ugrys\AppData\Roaming\Python\Python310\site-packages\pycaret\internal\metrics.py:204: FitFailedWarning: Metric 'make_scorer(roc_auc_score, response_method=('decision_function', 'predict_proba'), average=weighted, multi_class=ovr)' failed and error score 0.0 has been returned instead. If this is a custom metric, this usually means that the error is in the metric code. Full exception below:
Traceback (most recent call last):
  File "C:\Users\ugrys\AppData\Roaming\Python\Python310\site-packages\pycaret\internal\metrics.py", line 196, in _score
    return super()._score(
  File "C:\Users\ugrys\AppData\Roaming\Python\Python310\site-packages\sklearn\metrics\_scorer.py", line 350, in _score
    return self._sign * self._score_func(y_true, y_pred, **scoring_kwargs)
  File "C:\Users\ugrys\AppData\Roaming\Python\Python310\site-packages\pycaret\internal\metrics.py", line 144, in __call__
    return self.score_func(y_true, y_pred, **kwargs)
  File "C:\Users\ugrys\AppData\Roaming\Python\Python310\site-packages\sklearn\utils\_param_validation.py", line 213, in wrapper
    return func(*args, **kwargs)
  File "C:\Users\ugrys\AppData\Roaming\Python\Python310\site-packages\sklearn\metrics\_ranking.py", line 634, in roc_auc_score
    return _multiclass_roc_auc_score(
  File "C:\Users\ugrys\AppData\Roaming\Python\Python310\site-packages\sklearn\metrics\_ranking.py", line 707, in _multiclass_roc_auc_score
    raise ValueError(
ValueError: Target scores need to be probabilities for multiclass roc_auc, i.e. they should sum up to 1.0 over classes

  warnings.warn(

2026-04-17 19:25:39,136:WARNING:C:\Users\ugrys\AppData\Roaming\Python\Python310\site-packages\sklearn\metrics\_classification.py:1509: UndefinedMetricWarning: Recall is ill-defined and being set to 0.0 in labels with no true samples. Use `zero_division` parameter to control this behavior.
  _warn_prf(average, modifier, f"{metric.capitalize()} is", len(result))

2026-04-17 19:25:39,139:WARNING:C:\Users\ugrys\AppData\Roaming\Python\Python310\site-packages\sklearn\metrics\_classification.py:1561: UserWarning: Note that pos_label (set to 'Northern/Eastern Europe') is ignored when average != 'binary' (got 'weighted'). You may use labels=[pos_label] to specify a single positive class.
  warnings.warn(

2026-04-17 19:25:39,139:WARNING:C:\Users\ugrys\AppData\Roaming\Python\Python310\site-packages\sklearn\metrics\_classification.py:1509: UndefinedMetricWarning: Precision is ill-defined and being set to 0.0 in labels with no predicted samples. Use `zero_division` parameter to control this behavior.
  _warn_prf(average, modifier, f"{metric.capitalize()} is", len(result))

2026-04-17 19:25:39,141:WARNING:C:\Users\ugrys\AppData\Roaming\Python\Python310\site-packages\sklearn\metrics\_classification.py:1561: UserWarning: Note that pos_label (set to 'Northern/Eastern Europe') is ignored when average != 'binary' (got 'weighted'). You may use labels=[pos_label] to specify a single positive class.
  warnings.warn(

2026-04-17 19:25:39,141:WARNING:C:\Users\ugrys\AppData\Roaming\Python\Python310\site-packages\pycaret\internal\metrics.py:204: FitFailedWarning: Metric 'make_scorer(roc_auc_score, response_method=('decision_function', 'predict_proba'), average=weighted, multi_class=ovr)' failed and error score 0.0 has been returned instead. If this is a custom metric, this usually means that the error is in the metric code. Full exception below:
Traceback (most recent call last):
  File "C:\Users\ugrys\AppData\Roaming\Python\Python310\site-packages\pycaret\internal\metrics.py", line 196, in _score
    return super()._score(
  File "C:\Users\ugrys\AppData\Roaming\Python\Python310\site-packages\sklearn\metrics\_scorer.py", line 350, in _score
    return self._sign * self._score_func(y_true, y_pred, **scoring_kwargs)
  File "C:\Users\ugrys\AppData\Roaming\Python\Python310\site-packages\pycaret\internal\metrics.py", line 144, in __call__
    return self.score_func(y_true, y_pred, **kwargs)
  File "C:\Users\ugrys\AppData\Roaming\Python\Python310\site-packages\sklearn\utils\_param_validation.py", line 213, in wrapper
    return func(*args, **kwargs)
  File "C:\Users\ugrys\AppData\Roaming\Python\Python310\site-packages\sklearn\metrics\_ranking.py", line 634, in roc_auc_score
    return _multiclass_roc_auc_score(
  File "C:\Users\ugrys\AppData\Roaming\Python\Python310\site-packages\sklearn\metrics\_ranking.py", line 707, in _multiclass_roc_auc_score
    raise ValueError(
ValueError: Target scores need to be probabilities for multiclass roc_auc, i.e. they should sum up to 1.0 over classes

  warnings.warn(

2026-04-17 19:25:39,141:WARNING:C:\Users\ugrys\AppData\Roaming\Python\Python310\site-packages\sklearn\metrics\_classification.py:1561: UserWarning: Note that pos_label (set to 'Northern/Eastern Europe') is ignored when average != 'binary' (got 'weighted'). You may use labels=[pos_label] to specify a single positive class.
  warnings.warn(

2026-04-17 19:25:39,141:WARNING:C:\Users\ugrys\AppData\Roaming\Python\Python310\site-packages\sklearn\metrics\_classification.py:1509: UndefinedMetricWarning: Precision is ill-defined and being set to 0.0 in labels with no predicted samples. Use `zero_division` parameter to control this behavior.
  _warn_prf(average, modifier, f"{metric.capitalize()} is", len(result))

2026-04-17 19:25:39,143:WARNING:C:\Users\ugrys\AppData\Roaming\Python\Python310\site-packages\sklearn\metrics\_classification.py:1509: UndefinedMetricWarning: F-score is ill-defined and being set to 0.0 in labels with no true nor predicted samples. Use `zero_division` parameter to control this behavior.
  _warn_prf(average, modifier, f"{metric.capitalize()} is", len(result))

2026-04-17 19:25:39,143:WARNING:C:\Users\ugrys\AppData\Roaming\Python\Python310\site-packages\sklearn\metrics\_classification.py:1561: UserWarning: Note that pos_label (set to 'Northern/Eastern Europe') is ignored when average != 'binary' (got 'weighted'). You may use labels=[pos_label] to specify a single positive class.
  warnings.warn(

2026-04-17 19:25:39,145:WARNING:C:\Users\ugrys\AppData\Roaming\Python\Python310\site-packages\sklearn\metrics\_classification.py:1561: UserWarning: Note that pos_label (set to 'Northern/Eastern Europe') is ignored when average != 'binary' (got 'weighted'). You may use labels=[pos_label] to specify a single positive class.
  warnings.warn(

2026-04-17 19:25:39,145:WARNING:C:\Users\ugrys\AppData\Roaming\Python\Python310\site-packages\pycaret\internal\metrics.py:204: FitFailedWarning: Metric 'make_scorer(roc_auc_score, response_method=('decision_function', 'predict_proba'), average=weighted, multi_class=ovr)' failed and error score 0.0 has been returned instead. If this is a custom metric, this usually means that the error is in the metric code. Full exception below:
Traceback (most recent call last):
  File "C:\Users\ugrys\AppData\Roaming\Python\Python310\site-packages\pycaret\internal\metrics.py", line 196, in _score
    return super()._score(
  File "C:\Users\ugrys\AppData\Roaming\Python\Python310\site-packages\sklearn\metrics\_scorer.py", line 350, in _score
    return self._sign * self._score_func(y_true, y_pred, **scoring_kwargs)
  File "C:\Users\ugrys\AppData\Roaming\Python\Python310\site-packages\pycaret\internal\metrics.py", line 144, in __call__
    return self.score_func(y_true, y_pred, **kwargs)
  File "C:\Users\ugrys\AppData\Roaming\Python\Python310\site-packages\sklearn\utils\_param_validation.py", line 213, in wrapper
    return func(*args, **kwargs)
  File "C:\Users\ugrys\AppData\Roaming\Python\Python310\site-packages\sklearn\metrics\_ranking.py", line 634, in roc_auc_score
    return _multiclass_roc_auc_score(
  File "C:\Users\ugrys\AppData\Roaming\Python\Python310\site-packages\sklearn\metrics\_ranking.py", line 707, in _multiclass_roc_auc_score
    raise ValueError(
ValueError: Target scores need to be probabilities for multiclass roc_auc, i.e. they should sum up to 1.0 over classes

  warnings.warn(

2026-04-17 19:25:39,145:WARNING:C:\Users\ugrys\AppData\Roaming\Python\Python310\site-packages\pycaret\internal\metrics.py:204: FitFailedWarning: Metric 'make_scorer(roc_auc_score, response_method=('decision_function', 'predict_proba'), average=weighted, multi_class=ovr)' failed and error score 0.0 has been returned instead. If this is a custom metric, this usually means that the error is in the metric code. Full exception below:
Traceback (most recent call last):
  File "C:\Users\ugrys\AppData\Roaming\Python\Python310\site-packages\pycaret\internal\metrics.py", line 196, in _score
    return super()._score(
  File "C:\Users\ugrys\AppData\Roaming\Python\Python310\site-packages\sklearn\metrics\_scorer.py", line 350, in _score
    return self._sign * self._score_func(y_true, y_pred, **scoring_kwargs)
  File "C:\Users\ugrys\AppData\Roaming\Python\Python310\site-packages\pycaret\internal\metrics.py", line 144, in __call__
    return self.score_func(y_true, y_pred, **kwargs)
  File "C:\Users\ugrys\AppData\Roaming\Python\Python310\site-packages\sklearn\utils\_param_validation.py", line 213, in wrapper
    return func(*args, **kwargs)
  File "C:\Users\ugrys\AppData\Roaming\Python\Python310\site-packages\sklearn\metrics\_ranking.py", line 634, in roc_auc_score
    return _multiclass_roc_auc_score(
  File "C:\Users\ugrys\AppData\Roaming\Python\Python310\site-packages\sklearn\metrics\_ranking.py", line 707, in _multiclass_roc_auc_score
    raise ValueError(
ValueError: Target scores need to be probabilities for multiclass roc_auc, i.e. they should sum up to 1.0 over classes

  warnings.warn(

2026-04-17 19:25:39,146:WARNING:C:\Users\ugrys\AppData\Roaming\Python\Python310\site-packages\sklearn\metrics\_classification.py:1561: UserWarning: Note that pos_label (set to 'Northern/Eastern Europe') is ignored when average != 'binary' (got 'weighted'). You may use labels=[pos_label] to specify a single positive class.
  warnings.warn(

2026-04-17 19:25:39,147:WARNING:C:\Users\ugrys\AppData\Roaming\Python\Python310\site-packages\sklearn\metrics\_classification.py:1509: UndefinedMetricWarning: Recall is ill-defined and being set to 0.0 in labels with no true samples. Use `zero_division` parameter to control this behavior.
  _warn_prf(average, modifier, f"{metric.capitalize()} is", len(result))

2026-04-17 19:25:39,147:WARNING:C:\Users\ugrys\AppData\Roaming\Python\Python310\site-packages\sklearn\metrics\_classification.py:1509: UndefinedMetricWarning: Recall is ill-defined and being set to 0.0 in labels with no true samples. Use `zero_division` parameter to control this behavior.
  _warn_prf(average, modifier, f"{metric.capitalize()} is", len(result))

2026-04-17 19:25:39,147:WARNING:C:\Users\ugrys\AppData\Roaming\Python\Python310\site-packages\pycaret\internal\metrics.py:204: FitFailedWarning: Metric 'make_scorer(roc_auc_score, response_method=('decision_function', 'predict_proba'), average=weighted, multi_class=ovr)' failed and error score 0.0 has been returned instead. If this is a custom metric, this usually means that the error is in the metric code. Full exception below:
Traceback (most recent call last):
  File "C:\Users\ugrys\AppData\Roaming\Python\Python310\site-packages\pycaret\internal\metrics.py", line 196, in _score
    return super()._score(
  File "C:\Users\ugrys\AppData\Roaming\Python\Python310\site-packages\sklearn\metrics\_scorer.py", line 350, in _score
    return self._sign * self._score_func(y_true, y_pred, **scoring_kwargs)
  File "C:\Users\ugrys\AppData\Roaming\Python\Python310\site-packages\pycaret\internal\metrics.py", line 144, in __call__
    return self.score_func(y_true, y_pred, **kwargs)
  File "C:\Users\ugrys\AppData\Roaming\Python\Python310\site-packages\sklearn\utils\_param_validation.py", line 213, in wrapper
    return func(*args, **kwargs)
  File "C:\Users\ugrys\AppData\Roaming\Python\Python310\site-packages\sklearn\metrics\_ranking.py", line 634, in roc_auc_score
    return _multiclass_roc_auc_score(
  File "C:\Users\ugrys\AppData\Roaming\Python\Python310\site-packages\sklearn\metrics\_ranking.py", line 707, in _multiclass_roc_auc_score
    raise ValueError(
ValueError: Target scores need to be probabilities for multiclass roc_auc, i.e. they should sum up to 1.0 over classes

  warnings.warn(

2026-04-17 19:25:39,147:WARNING:C:\Users\ugrys\AppData\Roaming\Python\Python310\site-packages\pycaret\internal\metrics.py:204: FitFailedWarning: Metric 'make_scorer(roc_auc_score, response_method=('decision_function', 'predict_proba'), average=weighted, multi_class=ovr)' failed and error score 0.0 has been returned instead. If this is a custom metric, this usually means that the error is in the metric code. Full exception below:
Traceback (most recent call last):
  File "C:\Users\ugrys\AppData\Roaming\Python\Python310\site-packages\pycaret\internal\metrics.py", line 196, in _score
    return super()._score(
  File "C:\Users\ugrys\AppData\Roaming\Python\Python310\site-packages\sklearn\metrics\_scorer.py", line 350, in _score
    return self._sign * self._score_func(y_true, y_pred, **scoring_kwargs)
  File "C:\Users\ugrys\AppData\Roaming\Python\Python310\site-packages\pycaret\internal\metrics.py", line 144, in __call__
    return self.score_func(y_true, y_pred, **kwargs)
  File "C:\Users\ugrys\AppData\Roaming\Python\Python310\site-packages\sklearn\utils\_param_validation.py", line 213, in wrapper
    return func(*args, **kwargs)
  File "C:\Users\ugrys\AppData\Roaming\Python\Python310\site-packages\sklearn\metrics\_ranking.py", line 634, in roc_auc_score
    return _multiclass_roc_auc_score(
  File "C:\Users\ugrys\AppData\Roaming\Python\Python310\site-packages\sklearn\metrics\_ranking.py", line 707, in _multiclass_roc_auc_score
    raise ValueError(
ValueError: Target scores need to be probabilities for multiclass roc_auc, i.e. they should sum up to 1.0 over classes

  warnings.warn(

2026-04-17 19:25:39,149:WARNING:C:\Users\ugrys\AppData\Roaming\Python\Python310\site-packages\sklearn\metrics\_classification.py:1509: UndefinedMetricWarning: F-score is ill-defined and being set to 0.0 in labels with no true nor predicted samples. Use `zero_division` parameter to control this behavior.
  _warn_prf(average, modifier, f"{metric.capitalize()} is", len(result))

2026-04-17 19:25:39,149:WARNING:C:\Users\ugrys\AppData\Roaming\Python\Python310\site-packages\sklearn\metrics\_classification.py:1561: UserWarning: Note that pos_label (set to 'Northern/Eastern Europe') is ignored when average != 'binary' (got 'weighted'). You may use labels=[pos_label] to specify a single positive class.
  warnings.warn(

2026-04-17 19:25:39,149:WARNING:C:\Users\ugrys\AppData\Roaming\Python\Python310\site-packages\sklearn\metrics\_classification.py:1561: UserWarning: Note that pos_label (set to 'Northern/Eastern Europe') is ignored when average != 'binary' (got 'weighted'). You may use labels=[pos_label] to specify a single positive class.
  warnings.warn(

2026-04-17 19:25:39,150:WARNING:C:\Users\ugrys\AppData\Roaming\Python\Python310\site-packages\sklearn\metrics\_classification.py:1509: UndefinedMetricWarning: F-score is ill-defined and being set to 0.0 in labels with no true nor predicted samples. Use `zero_division` parameter to control this behavior.
  _warn_prf(average, modifier, f"{metric.capitalize()} is", len(result))

2026-04-17 19:25:39,152:WARNING:C:\Users\ugrys\AppData\Roaming\Python\Python310\site-packages\sklearn\metrics\_classification.py:1561: UserWarning: Note that pos_label (set to 'Northern/Eastern Europe') is ignored when average != 'binary' (got 'weighted'). You may use labels=[pos_label] to specify a single positive class.
  warnings.warn(

2026-04-17 19:25:39,152:WARNING:C:\Users\ugrys\AppData\Roaming\Python\Python310\site-packages\sklearn\metrics\_classification.py:1561: UserWarning: Note that pos_label (set to 'Northern/Eastern Europe') is ignored when average != 'binary' (got 'weighted'). You may use labels=[pos_label] to specify a single positive class.
  warnings.warn(

2026-04-17 19:25:39,153:WARNING:C:\Users\ugrys\AppData\Roaming\Python\Python310\site-packages\sklearn\metrics\_classification.py:1561: UserWarning: Note that pos_label (set to 'Northern/Eastern Europe') is ignored when average != 'binary' (got 'weighted'). You may use labels=[pos_label] to specify a single positive class.
  warnings.warn(

2026-04-17 19:25:39,153:WARNING:C:\Users\ugrys\AppData\Roaming\Python\Python310\site-packages\sklearn\metrics\_classification.py:1509: UndefinedMetricWarning: Recall is ill-defined and being set to 0.0 in labels with no true samples. Use `zero_division` parameter to control this behavior.
  _warn_prf(average, modifier, f"{metric.capitalize()} is", len(result))

2026-04-17 19:25:39,153:WARNING:C:\Users\ugrys\AppData\Roaming\Python\Python310\site-packages\sklearn\metrics\_classification.py:1509: UndefinedMetricWarning: Recall is ill-defined and being set to 0.0 in labels with no true samples. Use `zero_division` parameter to control this behavior.
  _warn_prf(average, modifier, f"{metric.capitalize()} is", len(result))

2026-04-17 19:25:39,155:WARNING:C:\Users\ugrys\AppData\Roaming\Python\Python310\site-packages\sklearn\metrics\_classification.py:1561: UserWarning: Note that pos_label (set to 'Northern/Eastern Europe') is ignored when average != 'binary' (got 'weighted'). You may use labels=[pos_label] to specify a single positive class.
  warnings.warn(

2026-04-17 19:25:39,155:WARNING:C:\Users\ugrys\AppData\Roaming\Python\Python310\site-packages\sklearn\metrics\_classification.py:1561: UserWarning: Note that pos_label (set to 'Northern/Eastern Europe') is ignored when average != 'binary' (got 'weighted'). You may use labels=[pos_label] to specify a single positive class.
  warnings.warn(

2026-04-17 19:25:39,155:WARNING:C:\Users\ugrys\AppData\Roaming\Python\Python310\site-packages\sklearn\metrics\_classification.py:1561: UserWarning: Note that pos_label (set to 'Northern/Eastern Europe') is ignored when average != 'binary' (got 'weighted'). You may use labels=[pos_label] to specify a single positive class.
  warnings.warn(

2026-04-17 19:25:39,155:WARNING:C:\Users\ugrys\AppData\Roaming\Python\Python310\site-packages\sklearn\metrics\_classification.py:1509: UndefinedMetricWarning: Precision is ill-defined and being set to 0.0 in labels with no predicted samples. Use `zero_division` parameter to control this behavior.
  _warn_prf(average, modifier, f"{metric.capitalize()} is", len(result))

2026-04-17 19:25:39,155:WARNING:C:\Users\ugrys\AppData\Roaming\Python\Python310\site-packages\sklearn\metrics\_classification.py:1509: UndefinedMetricWarning: Precision is ill-defined and being set to 0.0 in labels with no predicted samples. Use `zero_division` parameter to control this behavior.
  _warn_prf(average, modifier, f"{metric.capitalize()} is", len(result))

2026-04-17 19:25:39,157:WARNING:C:\Users\ugrys\AppData\Roaming\Python\Python310\site-packages\sklearn\metrics\_classification.py:1561: UserWarning: Note that pos_label (set to 'Northern/Eastern Europe') is ignored when average != 'binary' (got 'weighted'). You may use labels=[pos_label] to specify a single positive class.
  warnings.warn(

2026-04-17 19:25:39,157:WARNING:C:\Users\ugrys\AppData\Roaming\Python\Python310\site-packages\sklearn\metrics\_classification.py:1509: UndefinedMetricWarning: Recall is ill-defined and being set to 0.0 in labels with no true samples. Use `zero_division` parameter to control this behavior.
  _warn_prf(average, modifier, f"{metric.capitalize()} is", len(result))

2026-04-17 19:25:39,160:WARNING:C:\Users\ugrys\AppData\Roaming\Python\Python310\site-packages\sklearn\metrics\_classification.py:1509: UndefinedMetricWarning: Precision is ill-defined and being set to 0.0 in labels with no predicted samples. Use `zero_division` parameter to control this behavior.
  _warn_prf(average, modifier, f"{metric.capitalize()} is", len(result))

2026-04-17 19:25:39,160:WARNING:C:\Users\ugrys\AppData\Roaming\Python\Python310\site-packages\sklearn\metrics\_classification.py:1561: UserWarning: Note that pos_label (set to 'Northern/Eastern Europe') is ignored when average != 'binary' (got 'weighted'). You may use labels=[pos_label] to specify a single positive class.
  warnings.warn(

2026-04-17 19:25:39,160:WARNING:C:\Users\ugrys\AppData\Roaming\Python\Python310\site-packages\sklearn\metrics\_classification.py:1561: UserWarning: Note that pos_label (set to 'Northern/Eastern Europe') is ignored when average != 'binary' (got 'weighted'). You may use labels=[pos_label] to specify a single positive class.
  warnings.warn(

2026-04-17 19:25:39,161:WARNING:C:\Users\ugrys\AppData\Roaming\Python\Python310\site-packages\sklearn\metrics\_classification.py:1509: UndefinedMetricWarning: Precision is ill-defined and being set to 0.0 in labels with no predicted samples. Use `zero_division` parameter to control this behavior.
  _warn_prf(average, modifier, f"{metric.capitalize()} is", len(result))

2026-04-17 19:25:39,161:WARNING:C:\Users\ugrys\AppData\Roaming\Python\Python310\site-packages\sklearn\metrics\_classification.py:1509: UndefinedMetricWarning: Precision is ill-defined and being set to 0.0 in labels with no predicted samples. Use `zero_division` parameter to control this behavior.
  _warn_prf(average, modifier, f"{metric.capitalize()} is", len(result))

2026-04-17 19:25:39,161:WARNING:C:\Users\ugrys\AppData\Roaming\Python\Python310\site-packages\sklearn\metrics\_classification.py:1561: UserWarning: Note that pos_label (set to 'Northern/Eastern Europe') is ignored when average != 'binary' (got 'weighted'). You may use labels=[pos_label] to specify a single positive class.
  warnings.warn(

2026-04-17 19:25:39,161:WARNING:C:\Users\ugrys\AppData\Roaming\Python\Python310\site-packages\sklearn\metrics\_classification.py:1509: UndefinedMetricWarning: F-score is ill-defined and being set to 0.0 in labels with no true nor predicted samples. Use `zero_division` parameter to control this behavior.
  _warn_prf(average, modifier, f"{metric.capitalize()} is", len(result))

2026-04-17 19:25:39,163:WARNING:C:\Users\ugrys\AppData\Roaming\Python\Python310\site-packages\sklearn\metrics\_classification.py:1561: UserWarning: Note that pos_label (set to 'Northern/Eastern Europe') is ignored when average != 'binary' (got 'weighted'). You may use labels=[pos_label] to specify a single positive class.
  warnings.warn(

2026-04-17 19:25:39,163:WARNING:C:\Users\ugrys\AppData\Roaming\Python\Python310\site-packages\sklearn\metrics\_classification.py:1509: UndefinedMetricWarning: Precision is ill-defined and being set to 0.0 in labels with no predicted samples. Use `zero_division` parameter to control this behavior.
  _warn_prf(average, modifier, f"{metric.capitalize()} is", len(result))

2026-04-17 19:25:39,163:WARNING:C:\Users\ugrys\AppData\Roaming\Python\Python310\site-packages\sklearn\metrics\_classification.py:1509: UndefinedMetricWarning: F-score is ill-defined and being set to 0.0 in labels with no true nor predicted samples. Use `zero_division` parameter to control this behavior.
  _warn_prf(average, modifier, f"{metric.capitalize()} is", len(result))

2026-04-17 19:25:39,166:WARNING:C:\Users\ugrys\AppData\Roaming\Python\Python310\site-packages\sklearn\metrics\_classification.py:1561: UserWarning: Note that pos_label (set to 'Northern/Eastern Europe') is ignored when average != 'binary' (got 'weighted'). You may use labels=[pos_label] to specify a single positive class.
  warnings.warn(

2026-04-17 19:25:39,166:WARNING:C:\Users\ugrys\AppData\Roaming\Python\Python310\site-packages\sklearn\metrics\_classification.py:1561: UserWarning: Note that pos_label (set to 'Northern/Eastern Europe') is ignored when average != 'binary' (got 'weighted'). You may use labels=[pos_label] to specify a single positive class.
  warnings.warn(

2026-04-17 19:25:39,167:WARNING:C:\Users\ugrys\AppData\Roaming\Python\Python310\site-packages\sklearn\metrics\_classification.py:1509: UndefinedMetricWarning: F-score is ill-defined and being set to 0.0 in labels with no true nor predicted samples. Use `zero_division` parameter to control this behavior.
  _warn_prf(average, modifier, f"{metric.capitalize()} is", len(result))

2026-04-17 19:25:39,169:WARNING:C:\Users\ugrys\AppData\Roaming\Python\Python310\site-packages\sklearn\metrics\_classification.py:1509: UndefinedMetricWarning: F-score is ill-defined and being set to 0.0 in labels with no true nor predicted samples. Use `zero_division` parameter to control this behavior.
  _warn_prf(average, modifier, f"{metric.capitalize()} is", len(result))

2026-04-17 19:25:39,194:INFO:Calculating mean and std
2026-04-17 19:25:39,196:INFO:Creating metrics dataframe
2026-04-17 19:25:39,197:INFO:Uploading results into container
2026-04-17 19:25:39,198:INFO:Uploading model into container now
2026-04-17 19:25:39,198:INFO:_master_model_container: 1
2026-04-17 19:25:39,198:INFO:_display_container: 2
2026-04-17 19:25:39,198:INFO:LogisticRegression(C=1.0, class_weight=None, dual=False, fit_intercept=True,
                   intercept_scaling=1, l1_ratio=None, max_iter=1000,
                   multi_class='auto', n_jobs=None, penalty='l2',
                   random_state=42, solver='lbfgs', tol=0.0001, verbose=0,
                   warm_start=False)
2026-04-17 19:25:39,198:INFO:create_model() successfully completed......................................
2026-04-17 19:25:39,373:INFO:SubProcess create_model() end ==================================
2026-04-17 19:25:39,373:INFO:Creating metrics dataframe
2026-04-17 19:25:39,377:INFO:Initializing Decision Tree Classifier
2026-04-17 19:25:39,377:INFO:Total runtime is 0.01989091237386068 minutes
2026-04-17 19:25:39,377:INFO:SubProcess create_model() called ==================================
2026-04-17 19:25:39,377:INFO:Initializing create_model()
2026-04-17 19:25:39,377:INFO:create_model(self=<pycaret.classification.oop.ClassificationExperiment object at 0x000002283C1AB370>, estimator=dt, fold=StratifiedKFold(n_splits=10, random_state=None, shuffle=False), round=4, cross_validation=True, predict=True, fit_kwargs={}, groups=None, refit=False, probability_threshold=None, experiment_custom_tags=None, verbose=False, system=False, add_to_model_list=True, metrics=None, display=<pycaret.internal.display.display.CommonDisplay object at 0x0000022835FCE920>, model_only=True, return_train_score=False, error_score=0.0, kwargs={})
2026-04-17 19:25:39,377:INFO:Checking exceptions
2026-04-17 19:25:39,377:INFO:Importing libraries
2026-04-17 19:25:39,377:INFO:Copying training dataset
2026-04-17 19:25:39,385:INFO:Defining folds
2026-04-17 19:25:39,387:INFO:Declaring metric variables
2026-04-17 19:25:39,387:INFO:Importing untrained model
2026-04-17 19:25:39,387:INFO:Decision Tree Classifier Imported successfully
2026-04-17 19:25:39,387:INFO:Starting cross validation
2026-04-17 19:25:39,390:INFO:Cross validating with StratifiedKFold(n_splits=10, random_state=None, shuffle=False), n_jobs=-1
2026-04-17 19:25:39,393:WARNING:C:\Users\ugrys\AppData\Roaming\Python\Python310\site-packages\sklearn\model_selection\_split.py:737: UserWarning: The least populated class in y has only 2 members, which is less than n_splits=10.
  warnings.warn(

2026-04-17 19:25:39,693:WARNING:C:\Users\ugrys\AppData\Roaming\Python\Python310\site-packages\pycaret\internal\metrics.py:204: FitFailedWarning: Metric 'make_scorer(roc_auc_score, response_method=('decision_function', 'predict_proba'), average=weighted, multi_class=ovr)' failed and error score 0.0 has been returned instead. If this is a custom metric, this usually means that the error is in the metric code. Full exception below:
Traceback (most recent call last):
  File "C:\Users\ugrys\AppData\Roaming\Python\Python310\site-packages\pycaret\internal\metrics.py", line 196, in _score
    return super()._score(
  File "C:\Users\ugrys\AppData\Roaming\Python\Python310\site-packages\sklearn\metrics\_scorer.py", line 350, in _score
    return self._sign * self._score_func(y_true, y_pred, **scoring_kwargs)
  File "C:\Users\ugrys\AppData\Roaming\Python\Python310\site-packages\pycaret\internal\metrics.py", line 144, in __call__
    return self.score_func(y_true, y_pred, **kwargs)
  File "C:\Users\ugrys\AppData\Roaming\Python\Python310\site-packages\sklearn\utils\_param_validation.py", line 213, in wrapper
    return func(*args, **kwargs)
  File "C:\Users\ugrys\AppData\Roaming\Python\Python310\site-packages\sklearn\metrics\_ranking.py", line 634, in roc_auc_score
    return _multiclass_roc_auc_score(
  File "C:\Users\ugrys\AppData\Roaming\Python\Python310\site-packages\sklearn\metrics\_ranking.py", line 751, in _multiclass_roc_auc_score
    raise ValueError(
ValueError: Number of classes in y_true not equal to the number of columns in 'y_score'

  warnings.warn(

2026-04-17 19:25:39,698:WARNING:C:\Users\ugrys\AppData\Roaming\Python\Python310\site-packages\sklearn\metrics\_classification.py:1561: UserWarning: Note that pos_label (set to 'Northern/Eastern Europe') is ignored when average != 'binary' (got 'weighted'). You may use labels=[pos_label] to specify a single positive class.
  warnings.warn(

2026-04-17 19:25:39,700:WARNING:C:\Users\ugrys\AppData\Roaming\Python\Python310\site-packages\pycaret\internal\metrics.py:204: FitFailedWarning: Metric 'make_scorer(roc_auc_score, response_method=('decision_function', 'predict_proba'), average=weighted, multi_class=ovr)' failed and error score 0.0 has been returned instead. If this is a custom metric, this usually means that the error is in the metric code. Full exception below:
Traceback (most recent call last):
  File "C:\Users\ugrys\AppData\Roaming\Python\Python310\site-packages\pycaret\internal\metrics.py", line 196, in _score
    return super()._score(
  File "C:\Users\ugrys\AppData\Roaming\Python\Python310\site-packages\sklearn\metrics\_scorer.py", line 350, in _score
    return self._sign * self._score_func(y_true, y_pred, **scoring_kwargs)
  File "C:\Users\ugrys\AppData\Roaming\Python\Python310\site-packages\pycaret\internal\metrics.py", line 144, in __call__
    return self.score_func(y_true, y_pred, **kwargs)
  File "C:\Users\ugrys\AppData\Roaming\Python\Python310\site-packages\sklearn\utils\_param_validation.py", line 213, in wrapper
    return func(*args, **kwargs)
  File "C:\Users\ugrys\AppData\Roaming\Python\Python310\site-packages\sklearn\metrics\_ranking.py", line 634, in roc_auc_score
    return _multiclass_roc_auc_score(
  File "C:\Users\ugrys\AppData\Roaming\Python\Python310\site-packages\sklearn\metrics\_ranking.py", line 751, in _multiclass_roc_auc_score
    raise ValueError(
ValueError: Number of classes in y_true not equal to the number of columns in 'y_score'

  warnings.warn(

2026-04-17 19:25:39,702:WARNING:C:\Users\ugrys\AppData\Roaming\Python\Python310\site-packages\sklearn\metrics\_classification.py:1561: UserWarning: Note that pos_label (set to 'Northern/Eastern Europe') is ignored when average != 'binary' (got 'weighted'). You may use labels=[pos_label] to specify a single positive class.
  warnings.warn(

2026-04-17 19:25:39,702:WARNING:C:\Users\ugrys\AppData\Roaming\Python\Python310\site-packages\sklearn\metrics\_classification.py:1509: UndefinedMetricWarning: Recall is ill-defined and being set to 0.0 in labels with no true samples. Use `zero_division` parameter to control this behavior.
  _warn_prf(average, modifier, f"{metric.capitalize()} is", len(result))

2026-04-17 19:25:39,707:WARNING:C:\Users\ugrys\AppData\Roaming\Python\Python310\site-packages\sklearn\metrics\_classification.py:1509: UndefinedMetricWarning: Recall is ill-defined and being set to 0.0 in labels with no true samples. Use `zero_division` parameter to control this behavior.
  _warn_prf(average, modifier, f"{metric.capitalize()} is", len(result))

2026-04-17 19:25:39,709:WARNING:C:\Users\ugrys\AppData\Roaming\Python\Python310\site-packages\sklearn\metrics\_classification.py:1561: UserWarning: Note that pos_label (set to 'Northern/Eastern Europe') is ignored when average != 'binary' (got 'weighted'). You may use labels=[pos_label] to specify a single positive class.
  warnings.warn(

2026-04-17 19:25:39,714:WARNING:C:\Users\ugrys\AppData\Roaming\Python\Python310\site-packages\sklearn\metrics\_classification.py:1561: UserWarning: Note that pos_label (set to 'Northern/Eastern Europe') is ignored when average != 'binary' (got 'weighted'). You may use labels=[pos_label] to specify a single positive class.
  warnings.warn(

2026-04-17 19:25:39,715:WARNING:C:\Users\ugrys\AppData\Roaming\Python\Python310\site-packages\sklearn\metrics\_classification.py:1509: UndefinedMetricWarning: Precision is ill-defined and being set to 0.0 in labels with no predicted samples. Use `zero_division` parameter to control this behavior.
  _warn_prf(average, modifier, f"{metric.capitalize()} is", len(result))

2026-04-17 19:25:39,715:WARNING:C:\Users\ugrys\AppData\Roaming\Python\Python310\site-packages\sklearn\metrics\_classification.py:1509: UndefinedMetricWarning: Precision is ill-defined and being set to 0.0 in labels with no predicted samples. Use `zero_division` parameter to control this behavior.
  _warn_prf(average, modifier, f"{metric.capitalize()} is", len(result))

2026-04-17 19:25:39,717:WARNING:C:\Users\ugrys\AppData\Roaming\Python\Python310\site-packages\pycaret\internal\metrics.py:204: FitFailedWarning: Metric 'make_scorer(roc_auc_score, response_method=('decision_function', 'predict_proba'), average=weighted, multi_class=ovr)' failed and error score 0.0 has been returned instead. If this is a custom metric, this usually means that the error is in the metric code. Full exception below:
Traceback (most recent call last):
  File "C:\Users\ugrys\AppData\Roaming\Python\Python310\site-packages\pycaret\internal\metrics.py", line 196, in _score
    return super()._score(
  File "C:\Users\ugrys\AppData\Roaming\Python\Python310\site-packages\sklearn\metrics\_scorer.py", line 350, in _score
    return self._sign * self._score_func(y_true, y_pred, **scoring_kwargs)
  File "C:\Users\ugrys\AppData\Roaming\Python\Python310\site-packages\pycaret\internal\metrics.py", line 144, in __call__
    return self.score_func(y_true, y_pred, **kwargs)
  File "C:\Users\ugrys\AppData\Roaming\Python\Python310\site-packages\sklearn\utils\_param_validation.py", line 213, in wrapper
    return func(*args, **kwargs)
  File "C:\Users\ugrys\AppData\Roaming\Python\Python310\site-packages\sklearn\metrics\_ranking.py", line 634, in roc_auc_score
    return _multiclass_roc_auc_score(
  File "C:\Users\ugrys\AppData\Roaming\Python\Python310\site-packages\sklearn\metrics\_ranking.py", line 751, in _multiclass_roc_auc_score
    raise ValueError(
ValueError: Number of classes in y_true not equal to the number of columns in 'y_score'

  warnings.warn(

2026-04-17 19:25:39,719:WARNING:C:\Users\ugrys\AppData\Roaming\Python\Python310\site-packages\sklearn\metrics\_classification.py:1561: UserWarning: Note that pos_label (set to 'Northern/Eastern Europe') is ignored when average != 'binary' (got 'weighted'). You may use labels=[pos_label] to specify a single positive class.
  warnings.warn(

2026-04-17 19:25:39,717:WARNING:C:\Users\ugrys\AppData\Roaming\Python\Python310\site-packages\pycaret\internal\metrics.py:204: FitFailedWarning: Metric 'make_scorer(roc_auc_score, response_method=('decision_function', 'predict_proba'), average=weighted, multi_class=ovr)' failed and error score 0.0 has been returned instead. If this is a custom metric, this usually means that the error is in the metric code. Full exception below:
Traceback (most recent call last):
  File "C:\Users\ugrys\AppData\Roaming\Python\Python310\site-packages\pycaret\internal\metrics.py", line 196, in _score
    return super()._score(
  File "C:\Users\ugrys\AppData\Roaming\Python\Python310\site-packages\sklearn\metrics\_scorer.py", line 350, in _score
    return self._sign * self._score_func(y_true, y_pred, **scoring_kwargs)
  File "C:\Users\ugrys\AppData\Roaming\Python\Python310\site-packages\pycaret\internal\metrics.py", line 144, in __call__
    return self.score_func(y_true, y_pred, **kwargs)
  File "C:\Users\ugrys\AppData\Roaming\Python\Python310\site-packages\sklearn\utils\_param_validation.py", line 213, in wrapper
    return func(*args, **kwargs)
  File "C:\Users\ugrys\AppData\Roaming\Python\Python310\site-packages\sklearn\metrics\_ranking.py", line 634, in roc_auc_score
    return _multiclass_roc_auc_score(
  File "C:\Users\ugrys\AppData\Roaming\Python\Python310\site-packages\sklearn\metrics\_ranking.py", line 751, in _multiclass_roc_auc_score
    raise ValueError(
ValueError: Number of classes in y_true not equal to the number of columns in 'y_score'

  warnings.warn(

2026-04-17 19:25:39,721:WARNING:C:\Users\ugrys\AppData\Roaming\Python\Python310\site-packages\sklearn\metrics\_classification.py:1561: UserWarning: Note that pos_label (set to 'Northern/Eastern Europe') is ignored when average != 'binary' (got 'weighted'). You may use labels=[pos_label] to specify a single positive class.
  warnings.warn(

2026-04-17 19:25:39,721:WARNING:C:\Users\ugrys\AppData\Roaming\Python\Python310\site-packages\sklearn\metrics\_classification.py:1561: UserWarning: Note that pos_label (set to 'Northern/Eastern Europe') is ignored when average != 'binary' (got 'weighted'). You may use labels=[pos_label] to specify a single positive class.
  warnings.warn(

2026-04-17 19:25:39,724:WARNING:C:\Users\ugrys\AppData\Roaming\Python\Python310\site-packages\sklearn\metrics\_classification.py:1561: UserWarning: Note that pos_label (set to 'Northern/Eastern Europe') is ignored when average != 'binary' (got 'weighted'). You may use labels=[pos_label] to specify a single positive class.
  warnings.warn(

2026-04-17 19:25:39,725:WARNING:C:\Users\ugrys\AppData\Roaming\Python\Python310\site-packages\pycaret\internal\metrics.py:204: FitFailedWarning: Metric 'make_scorer(roc_auc_score, response_method=('decision_function', 'predict_proba'), average=weighted, multi_class=ovr)' failed and error score 0.0 has been returned instead. If this is a custom metric, this usually means that the error is in the metric code. Full exception below:
Traceback (most recent call last):
  File "C:\Users\ugrys\AppData\Roaming\Python\Python310\site-packages\pycaret\internal\metrics.py", line 196, in _score
    return super()._score(
  File "C:\Users\ugrys\AppData\Roaming\Python\Python310\site-packages\sklearn\metrics\_scorer.py", line 350, in _score
    return self._sign * self._score_func(y_true, y_pred, **scoring_kwargs)
  File "C:\Users\ugrys\AppData\Roaming\Python\Python310\site-packages\pycaret\internal\metrics.py", line 144, in __call__
    return self.score_func(y_true, y_pred, **kwargs)
  File "C:\Users\ugrys\AppData\Roaming\Python\Python310\site-packages\sklearn\utils\_param_validation.py", line 213, in wrapper
    return func(*args, **kwargs)
  File "C:\Users\ugrys\AppData\Roaming\Python\Python310\site-packages\sklearn\metrics\_ranking.py", line 634, in roc_auc_score
    return _multiclass_roc_auc_score(
  File "C:\Users\ugrys\AppData\Roaming\Python\Python310\site-packages\sklearn\metrics\_ranking.py", line 751, in _multiclass_roc_auc_score
    raise ValueError(
ValueError: Number of classes in y_true not equal to the number of columns in 'y_score'

  warnings.warn(

2026-04-17 19:25:39,725:WARNING:C:\Users\ugrys\AppData\Roaming\Python\Python310\site-packages\sklearn\metrics\_classification.py:1509: UndefinedMetricWarning: Recall is ill-defined and being set to 0.0 in labels with no true samples. Use `zero_division` parameter to control this behavior.
  _warn_prf(average, modifier, f"{metric.capitalize()} is", len(result))

2026-04-17 19:25:39,727:WARNING:C:\Users\ugrys\AppData\Roaming\Python\Python310\site-packages\sklearn\metrics\_classification.py:1509: UndefinedMetricWarning: F-score is ill-defined and being set to 0.0 in labels with no true nor predicted samples. Use `zero_division` parameter to control this behavior.
  _warn_prf(average, modifier, f"{metric.capitalize()} is", len(result))

2026-04-17 19:25:39,727:WARNING:C:\Users\ugrys\AppData\Roaming\Python\Python310\site-packages\pycaret\internal\metrics.py:204: FitFailedWarning: Metric 'make_scorer(roc_auc_score, response_method=('decision_function', 'predict_proba'), average=weighted, multi_class=ovr)' failed and error score 0.0 has been returned instead. If this is a custom metric, this usually means that the error is in the metric code. Full exception below:
Traceback (most recent call last):
  File "C:\Users\ugrys\AppData\Roaming\Python\Python310\site-packages\pycaret\internal\metrics.py", line 196, in _score
    return super()._score(
  File "C:\Users\ugrys\AppData\Roaming\Python\Python310\site-packages\sklearn\metrics\_scorer.py", line 350, in _score
    return self._sign * self._score_func(y_true, y_pred, **scoring_kwargs)
  File "C:\Users\ugrys\AppData\Roaming\Python\Python310\site-packages\pycaret\internal\metrics.py", line 144, in __call__
    return self.score_func(y_true, y_pred, **kwargs)
  File "C:\Users\ugrys\AppData\Roaming\Python\Python310\site-packages\sklearn\utils\_param_validation.py", line 213, in wrapper
    return func(*args, **kwargs)
  File "C:\Users\ugrys\AppData\Roaming\Python\Python310\site-packages\sklearn\metrics\_ranking.py", line 634, in roc_auc_score
    return _multiclass_roc_auc_score(
  File "C:\Users\ugrys\AppData\Roaming\Python\Python310\site-packages\sklearn\metrics\_ranking.py", line 751, in _multiclass_roc_auc_score
    raise ValueError(
ValueError: Number of classes in y_true not equal to the number of columns in 'y_score'

  warnings.warn(

2026-04-17 19:25:39,729:WARNING:C:\Users\ugrys\AppData\Roaming\Python\Python310\site-packages\sklearn\metrics\_classification.py:1509: UndefinedMetricWarning: F-score is ill-defined and being set to 0.0 in labels with no true nor predicted samples. Use `zero_division` parameter to control this behavior.
  _warn_prf(average, modifier, f"{metric.capitalize()} is", len(result))

2026-04-17 19:25:39,729:WARNING:C:\Users\ugrys\AppData\Roaming\Python\Python310\site-packages\sklearn\metrics\_classification.py:1509: UndefinedMetricWarning: Recall is ill-defined and being set to 0.0 in labels with no true samples. Use `zero_division` parameter to control this behavior.
  _warn_prf(average, modifier, f"{metric.capitalize()} is", len(result))

2026-04-17 19:25:39,729:WARNING:C:\Users\ugrys\AppData\Roaming\Python\Python310\site-packages\pycaret\internal\metrics.py:204: FitFailedWarning: Metric 'make_scorer(roc_auc_score, response_method=('decision_function', 'predict_proba'), average=weighted, multi_class=ovr)' failed and error score 0.0 has been returned instead. If this is a custom metric, this usually means that the error is in the metric code. Full exception below:
Traceback (most recent call last):
  File "C:\Users\ugrys\AppData\Roaming\Python\Python310\site-packages\pycaret\internal\metrics.py", line 196, in _score
    return super()._score(
  File "C:\Users\ugrys\AppData\Roaming\Python\Python310\site-packages\sklearn\metrics\_scorer.py", line 350, in _score
    return self._sign * self._score_func(y_true, y_pred, **scoring_kwargs)
  File "C:\Users\ugrys\AppData\Roaming\Python\Python310\site-packages\pycaret\internal\metrics.py", line 144, in __call__
    return self.score_func(y_true, y_pred, **kwargs)
  File "C:\Users\ugrys\AppData\Roaming\Python\Python310\site-packages\sklearn\utils\_param_validation.py", line 213, in wrapper
    return func(*args, **kwargs)
  File "C:\Users\ugrys\AppData\Roaming\Python\Python310\site-packages\sklearn\metrics\_ranking.py", line 634, in roc_auc_score
    return _multiclass_roc_auc_score(
  File "C:\Users\ugrys\AppData\Roaming\Python\Python310\site-packages\sklearn\metrics\_ranking.py", line 751, in _multiclass_roc_auc_score
    raise ValueError(
ValueError: Number of classes in y_true not equal to the number of columns in 'y_score'

  warnings.warn(

2026-04-17 19:25:39,731:WARNING:C:\Users\ugrys\AppData\Roaming\Python\Python310\site-packages\sklearn\metrics\_classification.py:1561: UserWarning: Note that pos_label (set to 'Northern/Eastern Europe') is ignored when average != 'binary' (got 'weighted'). You may use labels=[pos_label] to specify a single positive class.
  warnings.warn(

2026-04-17 19:25:39,731:WARNING:C:\Users\ugrys\AppData\Roaming\Python\Python310\site-packages\sklearn\metrics\_classification.py:1561: UserWarning: Note that pos_label (set to 'Northern/Eastern Europe') is ignored when average != 'binary' (got 'weighted'). You may use labels=[pos_label] to specify a single positive class.
  warnings.warn(

2026-04-17 19:25:39,731:WARNING:C:\Users\ugrys\AppData\Roaming\Python\Python310\site-packages\sklearn\metrics\_classification.py:1561: UserWarning: Note that pos_label (set to 'Northern/Eastern Europe') is ignored when average != 'binary' (got 'weighted'). You may use labels=[pos_label] to specify a single positive class.
  warnings.warn(

2026-04-17 19:25:39,733:WARNING:C:\Users\ugrys\AppData\Roaming\Python\Python310\site-packages\sklearn\metrics\_classification.py:1561: UserWarning: Note that pos_label (set to 'Northern/Eastern Europe') is ignored when average != 'binary' (got 'weighted'). You may use labels=[pos_label] to specify a single positive class.
  warnings.warn(

2026-04-17 19:25:39,735:WARNING:C:\Users\ugrys\AppData\Roaming\Python\Python310\site-packages\sklearn\metrics\_classification.py:1561: UserWarning: Note that pos_label (set to 'Northern/Eastern Europe') is ignored when average != 'binary' (got 'weighted'). You may use labels=[pos_label] to specify a single positive class.
  warnings.warn(

2026-04-17 19:25:39,735:WARNING:C:\Users\ugrys\AppData\Roaming\Python\Python310\site-packages\sklearn\metrics\_classification.py:1509: UndefinedMetricWarning: Recall is ill-defined and being set to 0.0 in labels with no true samples. Use `zero_division` parameter to control this behavior.
  _warn_prf(average, modifier, f"{metric.capitalize()} is", len(result))

2026-04-17 19:25:39,735:WARNING:C:\Users\ugrys\AppData\Roaming\Python\Python310\site-packages\sklearn\metrics\_classification.py:1509: UndefinedMetricWarning: Precision is ill-defined and being set to 0.0 in labels with no predicted samples. Use `zero_division` parameter to control this behavior.
  _warn_prf(average, modifier, f"{metric.capitalize()} is", len(result))

2026-04-17 19:25:39,737:WARNING:C:\Users\ugrys\AppData\Roaming\Python\Python310\site-packages\pycaret\internal\metrics.py:204: FitFailedWarning: Metric 'make_scorer(roc_auc_score, response_method=('decision_function', 'predict_proba'), average=weighted, multi_class=ovr)' failed and error score 0.0 has been returned instead. If this is a custom metric, this usually means that the error is in the metric code. Full exception below:
Traceback (most recent call last):
  File "C:\Users\ugrys\AppData\Roaming\Python\Python310\site-packages\pycaret\internal\metrics.py", line 196, in _score
    return super()._score(
  File "C:\Users\ugrys\AppData\Roaming\Python\Python310\site-packages\sklearn\metrics\_scorer.py", line 350, in _score
    return self._sign * self._score_func(y_true, y_pred, **scoring_kwargs)
  File "C:\Users\ugrys\AppData\Roaming\Python\Python310\site-packages\pycaret\internal\metrics.py", line 144, in __call__
    return self.score_func(y_true, y_pred, **kwargs)
  File "C:\Users\ugrys\AppData\Roaming\Python\Python310\site-packages\sklearn\utils\_param_validation.py", line 213, in wrapper
    return func(*args, **kwargs)
  File "C:\Users\ugrys\AppData\Roaming\Python\Python310\site-packages\sklearn\metrics\_ranking.py", line 634, in roc_auc_score
    return _multiclass_roc_auc_score(
  File "C:\Users\ugrys\AppData\Roaming\Python\Python310\site-packages\sklearn\metrics\_ranking.py", line 751, in _multiclass_roc_auc_score
    raise ValueError(
ValueError: Number of classes in y_true not equal to the number of columns in 'y_score'

  warnings.warn(

2026-04-17 19:25:39,737:WARNING:C:\Users\ugrys\AppData\Roaming\Python\Python310\site-packages\sklearn\metrics\_classification.py:1509: UndefinedMetricWarning: Precision is ill-defined and being set to 0.0 in labels with no predicted samples. Use `zero_division` parameter to control this behavior.
  _warn_prf(average, modifier, f"{metric.capitalize()} is", len(result))

2026-04-17 19:25:39,737:WARNING:C:\Users\ugrys\AppData\Roaming\Python\Python310\site-packages\sklearn\metrics\_classification.py:1509: UndefinedMetricWarning: Recall is ill-defined and being set to 0.0 in labels with no true samples. Use `zero_division` parameter to control this behavior.
  _warn_prf(average, modifier, f"{metric.capitalize()} is", len(result))

2026-04-17 19:25:39,739:WARNING:C:\Users\ugrys\AppData\Roaming\Python\Python310\site-packages\sklearn\metrics\_classification.py:1561: UserWarning: Note that pos_label (set to 'Northern/Eastern Europe') is ignored when average != 'binary' (got 'weighted'). You may use labels=[pos_label] to specify a single positive class.
  warnings.warn(

2026-04-17 19:25:39,739:WARNING:C:\Users\ugrys\AppData\Roaming\Python\Python310\site-packages\sklearn\metrics\_classification.py:1561: UserWarning: Note that pos_label (set to 'Northern/Eastern Europe') is ignored when average != 'binary' (got 'weighted'). You may use labels=[pos_label] to specify a single positive class.
  warnings.warn(

2026-04-17 19:25:39,739:WARNING:C:\Users\ugrys\AppData\Roaming\Python\Python310\site-packages\sklearn\metrics\_classification.py:1509: UndefinedMetricWarning: Recall is ill-defined and being set to 0.0 in labels with no true samples. Use `zero_division` parameter to control this behavior.
  _warn_prf(average, modifier, f"{metric.capitalize()} is", len(result))

2026-04-17 19:25:39,740:WARNING:C:\Users\ugrys\AppData\Roaming\Python\Python310\site-packages\sklearn\metrics\_classification.py:1509: UndefinedMetricWarning: Precision is ill-defined and being set to 0.0 in labels with no predicted samples. Use `zero_division` parameter to control this behavior.
  _warn_prf(average, modifier, f"{metric.capitalize()} is", len(result))

2026-04-17 19:25:39,740:WARNING:C:\Users\ugrys\AppData\Roaming\Python\Python310\site-packages\sklearn\metrics\_classification.py:1561: UserWarning: Note that pos_label (set to 'Northern/Eastern Europe') is ignored when average != 'binary' (got 'weighted'). You may use labels=[pos_label] to specify a single positive class.
  warnings.warn(

2026-04-17 19:25:39,740:WARNING:C:\Users\ugrys\AppData\Roaming\Python\Python310\site-packages\sklearn\metrics\_classification.py:1561: UserWarning: Note that pos_label (set to 'Northern/Eastern Europe') is ignored when average != 'binary' (got 'weighted'). You may use labels=[pos_label] to specify a single positive class.
  warnings.warn(

2026-04-17 19:25:39,742:WARNING:C:\Users\ugrys\AppData\Roaming\Python\Python310\site-packages\sklearn\metrics\_classification.py:1561: UserWarning: Note that pos_label (set to 'Northern/Eastern Europe') is ignored when average != 'binary' (got 'weighted'). You may use labels=[pos_label] to specify a single positive class.
  warnings.warn(

2026-04-17 19:25:39,742:WARNING:C:\Users\ugrys\AppData\Roaming\Python\Python310\site-packages\sklearn\metrics\_classification.py:1561: UserWarning: Note that pos_label (set to 'Northern/Eastern Europe') is ignored when average != 'binary' (got 'weighted'). You may use labels=[pos_label] to specify a single positive class.
  warnings.warn(

2026-04-17 19:25:39,742:WARNING:C:\Users\ugrys\AppData\Roaming\Python\Python310\site-packages\sklearn\metrics\_classification.py:1561: UserWarning: Note that pos_label (set to 'Northern/Eastern Europe') is ignored when average != 'binary' (got 'weighted'). You may use labels=[pos_label] to specify a single positive class.
  warnings.warn(

2026-04-17 19:25:39,742:WARNING:C:\Users\ugrys\AppData\Roaming\Python\Python310\site-packages\sklearn\metrics\_classification.py:1509: UndefinedMetricWarning: F-score is ill-defined and being set to 0.0 in labels with no true nor predicted samples. Use `zero_division` parameter to control this behavior.
  _warn_prf(average, modifier, f"{metric.capitalize()} is", len(result))

2026-04-17 19:25:39,744:WARNING:C:\Users\ugrys\AppData\Roaming\Python\Python310\site-packages\sklearn\metrics\_classification.py:1509: UndefinedMetricWarning: F-score is ill-defined and being set to 0.0 in labels with no true nor predicted samples. Use `zero_division` parameter to control this behavior.
  _warn_prf(average, modifier, f"{metric.capitalize()} is", len(result))

2026-04-17 19:25:39,744:WARNING:C:\Users\ugrys\AppData\Roaming\Python\Python310\site-packages\sklearn\metrics\_classification.py:1561: UserWarning: Note that pos_label (set to 'Northern/Eastern Europe') is ignored when average != 'binary' (got 'weighted'). You may use labels=[pos_label] to specify a single positive class.
  warnings.warn(

2026-04-17 19:25:39,744:WARNING:C:\Users\ugrys\AppData\Roaming\Python\Python310\site-packages\sklearn\metrics\_classification.py:1509: UndefinedMetricWarning: Precision is ill-defined and being set to 0.0 in labels with no predicted samples. Use `zero_division` parameter to control this behavior.
  _warn_prf(average, modifier, f"{metric.capitalize()} is", len(result))

2026-04-17 19:25:39,744:WARNING:C:\Users\ugrys\AppData\Roaming\Python\Python310\site-packages\sklearn\metrics\_classification.py:1561: UserWarning: Note that pos_label (set to 'Northern/Eastern Europe') is ignored when average != 'binary' (got 'weighted'). You may use labels=[pos_label] to specify a single positive class.
  warnings.warn(

2026-04-17 19:25:39,746:WARNING:C:\Users\ugrys\AppData\Roaming\Python\Python310\site-packages\sklearn\metrics\_classification.py:1509: UndefinedMetricWarning: Recall is ill-defined and being set to 0.0 in labels with no true samples. Use `zero_division` parameter to control this behavior.
  _warn_prf(average, modifier, f"{metric.capitalize()} is", len(result))

2026-04-17 19:25:39,746:WARNING:C:\Users\ugrys\AppData\Roaming\Python\Python310\site-packages\sklearn\metrics\_classification.py:1509: UndefinedMetricWarning: Precision is ill-defined and being set to 0.0 in labels with no predicted samples. Use `zero_division` parameter to control this behavior.
  _warn_prf(average, modifier, f"{metric.capitalize()} is", len(result))

2026-04-17 19:25:39,748:WARNING:C:\Users\ugrys\AppData\Roaming\Python\Python310\site-packages\sklearn\metrics\_classification.py:1561: UserWarning: Note that pos_label (set to 'Northern/Eastern Europe') is ignored when average != 'binary' (got 'weighted'). You may use labels=[pos_label] to specify a single positive class.
  warnings.warn(

2026-04-17 19:25:39,748:WARNING:C:\Users\ugrys\AppData\Roaming\Python\Python310\site-packages\sklearn\metrics\_classification.py:1561: UserWarning: Note that pos_label (set to 'Northern/Eastern Europe') is ignored when average != 'binary' (got 'weighted'). You may use labels=[pos_label] to specify a single positive class.
  warnings.warn(

2026-04-17 19:25:39,748:WARNING:C:\Users\ugrys\AppData\Roaming\Python\Python310\site-packages\sklearn\metrics\_classification.py:1509: UndefinedMetricWarning: Precision is ill-defined and being set to 0.0 in labels with no predicted samples. Use `zero_division` parameter to control this behavior.
  _warn_prf(average, modifier, f"{metric.capitalize()} is", len(result))

2026-04-17 19:25:39,748:WARNING:C:\Users\ugrys\AppData\Roaming\Python\Python310\site-packages\sklearn\metrics\_classification.py:1561: UserWarning: Note that pos_label (set to 'Northern/Eastern Europe') is ignored when average != 'binary' (got 'weighted'). You may use labels=[pos_label] to specify a single positive class.
  warnings.warn(

2026-04-17 19:25:39,750:WARNING:C:\Users\ugrys\AppData\Roaming\Python\Python310\site-packages\sklearn\metrics\_classification.py:1509: UndefinedMetricWarning: F-score is ill-defined and being set to 0.0 in labels with no true nor predicted samples. Use `zero_division` parameter to control this behavior.
  _warn_prf(average, modifier, f"{metric.capitalize()} is", len(result))

2026-04-17 19:25:39,750:WARNING:C:\Users\ugrys\AppData\Roaming\Python\Python310\site-packages\sklearn\metrics\_classification.py:1561: UserWarning: Note that pos_label (set to 'Northern/Eastern Europe') is ignored when average != 'binary' (got 'weighted'). You may use labels=[pos_label] to specify a single positive class.
  warnings.warn(

2026-04-17 19:25:39,753:WARNING:C:\Users\ugrys\AppData\Roaming\Python\Python310\site-packages\sklearn\metrics\_classification.py:1509: UndefinedMetricWarning: F-score is ill-defined and being set to 0.0 in labels with no true nor predicted samples. Use `zero_division` parameter to control this behavior.
  _warn_prf(average, modifier, f"{metric.capitalize()} is", len(result))

2026-04-17 19:25:39,753:WARNING:C:\Users\ugrys\AppData\Roaming\Python\Python310\site-packages\sklearn\metrics\_classification.py:1509: UndefinedMetricWarning: F-score is ill-defined and being set to 0.0 in labels with no true nor predicted samples. Use `zero_division` parameter to control this behavior.
  _warn_prf(average, modifier, f"{metric.capitalize()} is", len(result))

2026-04-17 19:25:39,753:WARNING:C:\Users\ugrys\AppData\Roaming\Python\Python310\site-packages\sklearn\metrics\_classification.py:1561: UserWarning: Note that pos_label (set to 'Northern/Eastern Europe') is ignored when average != 'binary' (got 'weighted'). You may use labels=[pos_label] to specify a single positive class.
  warnings.warn(

2026-04-17 19:25:39,755:WARNING:C:\Users\ugrys\AppData\Roaming\Python\Python310\site-packages\sklearn\metrics\_classification.py:1509: UndefinedMetricWarning: Precision is ill-defined and being set to 0.0 in labels with no predicted samples. Use `zero_division` parameter to control this behavior.
  _warn_prf(average, modifier, f"{metric.capitalize()} is", len(result))

2026-04-17 19:25:39,755:WARNING:C:\Users\ugrys\AppData\Roaming\Python\Python310\site-packages\sklearn\metrics\_classification.py:1561: UserWarning: Note that pos_label (set to 'Northern/Eastern Europe') is ignored when average != 'binary' (got 'weighted'). You may use labels=[pos_label] to specify a single positive class.
  warnings.warn(

2026-04-17 19:25:39,757:WARNING:C:\Users\ugrys\AppData\Roaming\Python\Python310\site-packages\sklearn\metrics\_classification.py:1509: UndefinedMetricWarning: Precision is ill-defined and being set to 0.0 in labels with no predicted samples. Use `zero_division` parameter to control this behavior.
  _warn_prf(average, modifier, f"{metric.capitalize()} is", len(result))

2026-04-17 19:25:39,757:WARNING:C:\Users\ugrys\AppData\Roaming\Python\Python310\site-packages\sklearn\metrics\_classification.py:1561: UserWarning: Note that pos_label (set to 'Northern/Eastern Europe') is ignored when average != 'binary' (got 'weighted'). You may use labels=[pos_label] to specify a single positive class.
  warnings.warn(

2026-04-17 19:25:39,759:WARNING:C:\Users\ugrys\AppData\Roaming\Python\Python310\site-packages\sklearn\metrics\_classification.py:1509: UndefinedMetricWarning: F-score is ill-defined and being set to 0.0 in labels with no true nor predicted samples. Use `zero_division` parameter to control this behavior.
  _warn_prf(average, modifier, f"{metric.capitalize()} is", len(result))

2026-04-17 19:25:39,759:WARNING:C:\Users\ugrys\AppData\Roaming\Python\Python310\site-packages\sklearn\metrics\_classification.py:1561: UserWarning: Note that pos_label (set to 'Northern/Eastern Europe') is ignored when average != 'binary' (got 'weighted'). You may use labels=[pos_label] to specify a single positive class.
  warnings.warn(

2026-04-17 19:25:39,769:INFO:Calculating mean and std
2026-04-17 19:25:39,770:INFO:Creating metrics dataframe
2026-04-17 19:25:39,770:INFO:Uploading results into container
2026-04-17 19:25:39,770:INFO:Uploading model into container now
2026-04-17 19:25:39,773:INFO:_master_model_container: 2
2026-04-17 19:25:39,773:INFO:_display_container: 2
2026-04-17 19:25:39,773:INFO:DecisionTreeClassifier(ccp_alpha=0.0, class_weight=None, criterion='gini',
                       max_depth=None, max_features=None, max_leaf_nodes=None,
                       min_impurity_decrease=0.0, min_samples_leaf=1,
                       min_samples_split=2, min_weight_fraction_leaf=0.0,
                       monotonic_cst=None, random_state=42, splitter='best')
2026-04-17 19:25:39,773:INFO:create_model() successfully completed......................................
2026-04-17 19:25:39,936:INFO:SubProcess create_model() end ==================================
2026-04-17 19:25:39,936:INFO:Creating metrics dataframe
2026-04-17 19:25:39,947:INFO:Initializing Random Forest Classifier
2026-04-17 19:25:39,947:INFO:Total runtime is 0.02939811150232951 minutes
2026-04-17 19:25:39,949:INFO:SubProcess create_model() called ==================================
2026-04-17 19:25:39,949:INFO:Initializing create_model()
2026-04-17 19:25:39,949:INFO:create_model(self=<pycaret.classification.oop.ClassificationExperiment object at 0x000002283C1AB370>, estimator=rf, fold=StratifiedKFold(n_splits=10, random_state=None, shuffle=False), round=4, cross_validation=True, predict=True, fit_kwargs={}, groups=None, refit=False, probability_threshold=None, experiment_custom_tags=None, verbose=False, system=False, add_to_model_list=True, metrics=None, display=<pycaret.internal.display.display.CommonDisplay object at 0x0000022835FCE920>, model_only=True, return_train_score=False, error_score=0.0, kwargs={})
2026-04-17 19:25:39,949:INFO:Checking exceptions
2026-04-17 19:25:39,949:INFO:Importing libraries
2026-04-17 19:25:39,949:INFO:Copying training dataset
2026-04-17 19:25:39,963:INFO:Defining folds
2026-04-17 19:25:39,963:INFO:Declaring metric variables
2026-04-17 19:25:39,965:INFO:Importing untrained model
2026-04-17 19:25:39,965:INFO:Random Forest Classifier Imported successfully
2026-04-17 19:25:39,965:INFO:Starting cross validation
2026-04-17 19:25:39,965:INFO:Cross validating with StratifiedKFold(n_splits=10, random_state=None, shuffle=False), n_jobs=-1
2026-04-17 19:25:39,973:WARNING:C:\Users\ugrys\AppData\Roaming\Python\Python310\site-packages\sklearn\model_selection\_split.py:737: UserWarning: The least populated class in y has only 2 members, which is less than n_splits=10.
  warnings.warn(

2026-04-17 19:25:40,854:WARNING:C:\Users\ugrys\AppData\Roaming\Python\Python310\site-packages\pycaret\internal\metrics.py:204: FitFailedWarning: Metric 'make_scorer(roc_auc_score, response_method=('decision_function', 'predict_proba'), average=weighted, multi_class=ovr)' failed and error score 0.0 has been returned instead. If this is a custom metric, this usually means that the error is in the metric code. Full exception below:
Traceback (most recent call last):
  File "C:\Users\ugrys\AppData\Roaming\Python\Python310\site-packages\pycaret\internal\metrics.py", line 196, in _score
    return super()._score(
  File "C:\Users\ugrys\AppData\Roaming\Python\Python310\site-packages\sklearn\metrics\_scorer.py", line 350, in _score
    return self._sign * self._score_func(y_true, y_pred, **scoring_kwargs)
  File "C:\Users\ugrys\AppData\Roaming\Python\Python310\site-packages\pycaret\internal\metrics.py", line 144, in __call__
    return self.score_func(y_true, y_pred, **kwargs)
  File "C:\Users\ugrys\AppData\Roaming\Python\Python310\site-packages\sklearn\utils\_param_validation.py", line 213, in wrapper
    return func(*args, **kwargs)
  File "C:\Users\ugrys\AppData\Roaming\Python\Python310\site-packages\sklearn\metrics\_ranking.py", line 634, in roc_auc_score
    return _multiclass_roc_auc_score(
  File "C:\Users\ugrys\AppData\Roaming\Python\Python310\site-packages\sklearn\metrics\_ranking.py", line 751, in _multiclass_roc_auc_score
    raise ValueError(
ValueError: Number of classes in y_true not equal to the number of columns in 'y_score'

  warnings.warn(

2026-04-17 19:25:40,854:WARNING:C:\Users\ugrys\AppData\Roaming\Python\Python310\site-packages\pycaret\internal\metrics.py:204: FitFailedWarning: Metric 'make_scorer(roc_auc_score, response_method=('decision_function', 'predict_proba'), average=weighted, multi_class=ovr)' failed and error score 0.0 has been returned instead. If this is a custom metric, this usually means that the error is in the metric code. Full exception below:
Traceback (most recent call last):
  File "C:\Users\ugrys\AppData\Roaming\Python\Python310\site-packages\pycaret\internal\metrics.py", line 196, in _score
    return super()._score(
  File "C:\Users\ugrys\AppData\Roaming\Python\Python310\site-packages\sklearn\metrics\_scorer.py", line 350, in _score
    return self._sign * self._score_func(y_true, y_pred, **scoring_kwargs)
  File "C:\Users\ugrys\AppData\Roaming\Python\Python310\site-packages\pycaret\internal\metrics.py", line 144, in __call__
    return self.score_func(y_true, y_pred, **kwargs)
  File "C:\Users\ugrys\AppData\Roaming\Python\Python310\site-packages\sklearn\utils\_param_validation.py", line 213, in wrapper
    return func(*args, **kwargs)
  File "C:\Users\ugrys\AppData\Roaming\Python\Python310\site-packages\sklearn\metrics\_ranking.py", line 634, in roc_auc_score
    return _multiclass_roc_auc_score(
  File "C:\Users\ugrys\AppData\Roaming\Python\Python310\site-packages\sklearn\metrics\_ranking.py", line 751, in _multiclass_roc_auc_score
    raise ValueError(
ValueError: Number of classes in y_true not equal to the number of columns in 'y_score'

  warnings.warn(

2026-04-17 19:25:40,857:WARNING:C:\Users\ugrys\AppData\Roaming\Python\Python310\site-packages\pycaret\internal\metrics.py:204: FitFailedWarning: Metric 'make_scorer(roc_auc_score, response_method=('decision_function', 'predict_proba'), average=weighted, multi_class=ovr)' failed and error score 0.0 has been returned instead. If this is a custom metric, this usually means that the error is in the metric code. Full exception below:
Traceback (most recent call last):
  File "C:\Users\ugrys\AppData\Roaming\Python\Python310\site-packages\pycaret\internal\metrics.py", line 196, in _score
    return super()._score(
  File "C:\Users\ugrys\AppData\Roaming\Python\Python310\site-packages\sklearn\metrics\_scorer.py", line 350, in _score
    return self._sign * self._score_func(y_true, y_pred, **scoring_kwargs)
  File "C:\Users\ugrys\AppData\Roaming\Python\Python310\site-packages\pycaret\internal\metrics.py", line 144, in __call__
    return self.score_func(y_true, y_pred, **kwargs)
  File "C:\Users\ugrys\AppData\Roaming\Python\Python310\site-packages\sklearn\utils\_param_validation.py", line 213, in wrapper
    return func(*args, **kwargs)
  File "C:\Users\ugrys\AppData\Roaming\Python\Python310\site-packages\sklearn\metrics\_ranking.py", line 634, in roc_auc_score
    return _multiclass_roc_auc_score(
  File "C:\Users\ugrys\AppData\Roaming\Python\Python310\site-packages\sklearn\metrics\_ranking.py", line 751, in _multiclass_roc_auc_score
    raise ValueError(
ValueError: Number of classes in y_true not equal to the number of columns in 'y_score'

  warnings.warn(

2026-04-17 19:25:40,859:WARNING:C:\Users\ugrys\AppData\Roaming\Python\Python310\site-packages\sklearn\metrics\_classification.py:1561: UserWarning: Note that pos_label (set to 'Northern/Eastern Europe') is ignored when average != 'binary' (got 'weighted'). You may use labels=[pos_label] to specify a single positive class.
  warnings.warn(

2026-04-17 19:25:40,859:WARNING:C:\Users\ugrys\AppData\Roaming\Python\Python310\site-packages\sklearn\metrics\_classification.py:1561: UserWarning: Note that pos_label (set to 'Northern/Eastern Europe') is ignored when average != 'binary' (got 'weighted'). You may use labels=[pos_label] to specify a single positive class.
  warnings.warn(

 metric, this usually means that the error is in the metric code. Full exception below:
Traceback (most recent call last):
  File "C:\Users\ugrys\AppData\Roaming\Python\Python310\site-packages\pycaret\internal\metrics.py", line 196, in _score
    return super()._score(
  File "C:\Users\ugrys\AppData\Roaming\Python\Python310\site-packages\sklearn\metrics\_scorer.py", line 350, in _score
    return self._sign * self._score_func(y_true, y_pred, **scoring_kwargs)
  File "C:\Users\ugrys\AppData\Roaming\Python\Python310\site-packages\pycaret\internal\metrics.py", line 144, in __call__
    return self.score_func(y_true, y_pred, **kwargs)
  File "C:\Users\ugrys\AppData\Roaming\Python\Python310\site-packages\sklearn\utils\_param_validation.py", line 213, in wrapper
    return func(*args, **kwargs)
  File "C:\Users\ugrys\AppData\Roaming\Python\Python310\site-packages\sklearn\metrics\_ranking.py", line 634, in roc_auc_score
    return _multiclass_roc_auc_score(
  File "C:\Users\ugrys\AppData\Roaming\Python\Python310\site-packages\sklearn\metrics\_ranking.py", line 751, in _multiclass_roc_auc_score
    raise ValueError(
ValueError: Number of classes in y_true not equal to the number of columns in 'y_score'

  warnings.warn(

2026-04-17 19:25:40,859:WARNING:C:\Users\ugrys\AppData\Roaming\Python\Python310\site-packages\sklearn\metrics\_classification.py:1561: UserWarning: Note that pos_label (set to 'Northern/Eastern Europe') is ignored when average != 'binary' (got 'weighted'). You may use labels=[pos_label] to specify a single positive class.
  warnings.warn(

2026-04-17 19:25:40,861:WARNING:C:\Users\ugrys\AppData\Roaming\Python\Python310\site-packages\sklearn\metrics\_classification.py:1509: UndefinedMetricWarning: Recall is ill-defined and being set to 0.0 in labels with no true samples. Use `zero_division` parameter to control this behavior.
  _warn_prf(average, modifier, f"{metric.capitalize()} is", len(result))

2026-04-17 19:25:40,863:WARNING:C:\Users\ugrys\AppData\Roaming\Python\Python310\site-packages\sklearn\metrics\_classification.py:1509: UndefinedMetricWarning: Recall is ill-defined and being set to 0.0 in labels with no true samples. Use `zero_division` parameter to control this behavior.
  _warn_prf(average, modifier, f"{metric.capitalize()} is", len(result))

2026-04-17 19:25:40,863:WARNING:C:\Users\ugrys\AppData\Roaming\Python\Python310\site-packages\sklearn\metrics\_classification.py:1561: UserWarning: Note that pos_label (set to 'Northern/Eastern Europe') is ignored when average != 'binary' (got 'weighted'). You may use labels=[pos_label] to specify a single positive class.
  warnings.warn(

2026-04-17 19:25:40,863:WARNING:C:\Users\ugrys\AppData\Roaming\Python\Python310\site-packages\pycaret\internal\metrics.py:204: FitFailedWarning: Metric 'make_scorer(roc_auc_score, response_method=('decision_function', 'predict_proba'), average=weighted, multi_class=ovr)' failed and error score 0.0 has been returned instead. If this is a custom metric, this usually means that the error is in the metric code. Full exception below:
Traceback (most recent call last):
  File "C:\Users\ugrys\AppData\Roaming\Python\Python310\site-packages\pycaret\internal\metrics.py", line 196, in _score
    return super()._score(
  File "C:\Users\ugrys\AppData\Roaming\Python\Python310\site-packages\sklearn\metrics\_scorer.py", line 350, in _score
    return self._sign * self._score_func(y_true, y_pred, **scoring_kwargs)
  File "C:\Users\ugrys\AppData\Roaming\Python\Python310\site-packages\pycaret\internal\metrics.py", line 144, in __call__
    return self.score_func(y_true, y_pred, **kwargs)
  File "C:\Users\ugrys\AppData\Roaming\Python\Python310\site-packages\sklearn\utils\_param_validation.py", line 213, in wrapper
    return func(*args, **kwargs)
  File "C:\Users\ugrys\AppData\Roaming\Python\Python310\site-packages\sklearn\metrics\_ranking.py", line 634, in roc_auc_score
    return _multiclass_roc_auc_score(
  File "C:\Users\ugrys\AppData\Roaming\Python\Python310\site-packages\sklearn\metrics\_ranking.py", line 751, in _multiclass_roc_auc_score
    raise ValueError(
ValueError: Number of classes in y_true not equal to the number of columns in 'y_score'

  warnings.warn(

2026-04-17 19:25:40,863:WARNING:C:\Users\ugrys\AppData\Roaming\Python\Python310\site-packages\sklearn\metrics\_classification.py:1509: UndefinedMetricWarning: Recall is ill-defined and being set to 0.0 in labels with no true samples. Use `zero_division` parameter to control this behavior.
  _warn_prf(average, modifier, f"{metric.capitalize()} is", len(result))

2026-04-17 19:25:40,865:WARNING:C:\Users\ugrys\AppData\Roaming\Python\Python310\site-packages\sklearn\metrics\_classification.py:1561: UserWarning: Note that pos_label (set to 'Northern/Eastern Europe') is ignored when average != 'binary' (got 'weighted'). You may use labels=[pos_label] to specify a single positive class.
  warnings.warn(

2026-04-17 19:25:40,865:WARNING:C:\Users\ugrys\AppData\Roaming\Python\Python310\site-packages\sklearn\metrics\_classification.py:1509: UndefinedMetricWarning: Recall is ill-defined and being set to 0.0 in labels with no true samples. Use `zero_division` parameter to control this behavior.
  _warn_prf(average, modifier, f"{metric.capitalize()} is", len(result))

2026-04-17 19:25:40,866:WARNING:C:\Users\ugrys\AppData\Roaming\Python\Python310\site-packages\sklearn\metrics\_classification.py:1561: UserWarning: Note that pos_label (set to 'Northern/Eastern Europe') is ignored when average != 'binary' (got 'weighted'). You may use labels=[pos_label] to specify a single positive class.
  warnings.warn(

2026-04-17 19:25:40,867:WARNING:C:\Users\ugrys\AppData\Roaming\Python\Python310\site-packages\sklearn\metrics\_classification.py:1561: UserWarning: Note that pos_label (set to 'Northern/Eastern Europe') is ignored when average != 'binary' (got 'weighted'). You may use labels=[pos_label] to specify a single positive class.
  warnings.warn(

2026-04-17 19:25:40,867:WARNING:C:\Users\ugrys\AppData\Roaming\Python\Python310\site-packages\sklearn\metrics\_classification.py:1561: UserWarning: Note that pos_label (set to 'Northern/Eastern Europe') is ignored when average != 'binary' (got 'weighted'). You may use labels=[pos_label] to specify a single positive class.
  warnings.warn(

2026-04-17 19:25:40,867:WARNING:C:\Users\ugrys\AppData\Roaming\Python\Python310\site-packages\sklearn\metrics\_classification.py:1509: UndefinedMetricWarning: Precision is ill-defined and being set to 0.0 in labels with no predicted samples. Use `zero_division` parameter to control this behavior.
  _warn_prf(average, modifier, f"{metric.capitalize()} is", len(result))

2026-04-17 19:25:40,869:WARNING:C:\Users\ugrys\AppData\Roaming\Python\Python310\site-packages\sklearn\metrics\_classification.py:1509: UndefinedMetricWarning: Precision is ill-defined and being set to 0.0 in labels with no predicted samples. Use `zero_division` parameter to control this behavior.
  _warn_prf(average, modifier, f"{metric.capitalize()} is", len(result))

2026-04-17 19:25:40,871:WARNING:C:\Users\ugrys\AppData\Roaming\Python\Python310\site-packages\sklearn\metrics\_classification.py:1561: UserWarning: Note that pos_label (set to 'Northern/Eastern Europe') is ignored when average != 'binary' (got 'weighted'). You may use labels=[pos_label] to specify a single positive class.
  warnings.warn(

2026-04-17 19:25:40,871:WARNING:C:\Users\ugrys\AppData\Roaming\Python\Python310\site-packages\sklearn\metrics\_classification.py:1509: UndefinedMetricWarning: Recall is ill-defined and being set to 0.0 in labels with no true samples. Use `zero_division` parameter to control this behavior.
  _warn_prf(average, modifier, f"{metric.capitalize()} is", len(result))

2026-04-17 19:25:40,871:WARNING:C:\Users\ugrys\AppData\Roaming\Python\Python310\site-packages\pycaret\internal\metrics.py:204: FitFailedWarning: Metric 'make_scorer(roc_auc_score, response_method=('decision_function', 'predict_proba'), average=weighted, multi_class=ovr)' failed and error score 0.0 has been returned instead. If this is a custom metric, this usually means that the error is in the metric code. Full exception below:
Traceback (most recent call last):
  File "C:\Users\ugrys\AppData\Roaming\Python\Python310\site-packages\pycaret\internal\metrics.py", line 196, in _score
    return super()._score(
  File "C:\Users\ugrys\AppData\Roaming\Python\Python310\site-packages\sklearn\metrics\_scorer.py", line 350, in _score
    return self._sign * self._score_func(y_true, y_pred, **scoring_kwargs)
  File "C:\Users\ugrys\AppData\Roaming\Python\Python310\site-packages\pycaret\internal\metrics.py", line 144, in __call__
    return self.score_func(y_true, y_pred, **kwargs)
  File "C:\Users\ugrys\AppData\Roaming\Python\Python310\site-packages\sklearn\utils\_param_validation.py", line 213, in wrapper
    return func(*args, **kwargs)
  File "C:\Users\ugrys\AppData\Roaming\Python\Python310\site-packages\sklearn\metrics\_ranking.py", line 634, in roc_auc_score
    return _multiclass_roc_auc_score(
  File "C:\Users\ugrys\AppData\Roaming\Python\Python310\site-packages\sklearn\metrics\_ranking.py", line 751, in _multiclass_roc_auc_score
    raise ValueError(
ValueError: Number of classes in y_true not equal to the number of columns in 'y_score'

  warnings.warn(

2026-04-17 19:25:40,873:WARNING:C:\Users\ugrys\AppData\Roaming\Python\Python310\site-packages\sklearn\metrics\_classification.py:1509: UndefinedMetricWarning: Precision is ill-defined and being set to 0.0 in labels with no predicted samples. Use `zero_division` parameter to control this behavior.
  _warn_prf(average, modifier, f"{metric.capitalize()} is", len(result))

2026-04-17 19:25:40,875:WARNING:C:\Users\ugrys\AppData\Roaming\Python\Python310\site-packages\sklearn\metrics\_classification.py:1561: UserWarning: Note that pos_label (set to 'Northern/Eastern Europe') is ignored when average != 'binary' (got 'weighted'). You may use labels=[pos_label] to specify a single positive class.
  warnings.warn(

2026-04-17 19:25:40,875:WARNING:C:\Users\ugrys\AppData\Roaming\Python\Python310\site-packages\sklearn\metrics\_classification.py:1561: UserWarning: Note that pos_label (set to 'Northern/Eastern Europe') is ignored when average != 'binary' (got 'weighted'). You may use labels=[pos_label] to specify a single positive class.
  warnings.warn(

2026-04-17 19:25:40,877:WARNING:C:\Users\ugrys\AppData\Roaming\Python\Python310\site-packages\sklearn\metrics\_classification.py:1561: UserWarning: Note that pos_label (set to 'Northern/Eastern Europe') is ignored when average != 'binary' (got 'weighted'). You may use labels=[pos_label] to specify a single positive class.
  warnings.warn(

2026-04-17 19:25:40,877:WARNING:C:\Users\ugrys\AppData\Roaming\Python\Python310\site-packages\sklearn\metrics\_classification.py:1509: UndefinedMetricWarning: Precision is ill-defined and being set to 0.0 in labels with no predicted samples. Use `zero_division` parameter to control this behavior.
  _warn_prf(average, modifier, f"{metric.capitalize()} is", len(result))

2026-04-17 19:25:40,877:WARNING:C:\Users\ugrys\AppData\Roaming\Python\Python310\site-packages\sklearn\metrics\_classification.py:1509: UndefinedMetricWarning: F-score is ill-defined and being set to 0.0 in labels with no true nor predicted samples. Use `zero_division` parameter to control this behavior.
  _warn_prf(average, modifier, f"{metric.capitalize()} is", len(result))

2026-04-17 19:25:40,877:WARNING:C:\Users\ugrys\AppData\Roaming\Python\Python310\site-packages\sklearn\metrics\_classification.py:1561: UserWarning: Note that pos_label (set to 'Northern/Eastern Europe') is ignored when average != 'binary' (got 'weighted'). You may use labels=[pos_label] to specify a single positive class.
  warnings.warn(

2026-04-17 19:25:40,875:WARNING:C:\Users\ugrys\AppData\Roaming\Python\Python310\site-packages\sklearn\metrics\_classification.py:1561: UserWarning: Note that pos_label (set to 'Northern/Eastern Europe') is ignored when average != 'binary' (got 'weighted'). You may use labels=[pos_label] to specify a single positive class.
  warnings.warn(

2026-04-17 19:25:40,880:WARNING:C:\Users\ugrys\AppData\Roaming\Python\Python310\site-packages\sklearn\metrics\_classification.py:1561: UserWarning: Note that pos_label (set to 'Northern/Eastern Europe') is ignored when average != 'binary' (got 'weighted'). You may use labels=[pos_label] to specify a single positive class.
  warnings.warn(

2026-04-17 19:25:40,880:WARNING:C:\Users\ugrys\AppData\Roaming\Python\Python310\site-packages\sklearn\metrics\_classification.py:1509: UndefinedMetricWarning: F-score is ill-defined and being set to 0.0 in labels with no true nor predicted samples. Use `zero_division` parameter to control this behavior.
  _warn_prf(average, modifier, f"{metric.capitalize()} is", len(result))

2026-04-17 19:25:40,880:WARNING:C:\Users\ugrys\AppData\Roaming\Python\Python310\site-packages\sklearn\metrics\_classification.py:1509: UndefinedMetricWarning: F-score is ill-defined and being set to 0.0 in labels with no true nor predicted samples. Use `zero_division` parameter to control this behavior.
  _warn_prf(average, modifier, f"{metric.capitalize()} is", len(result))

2026-04-17 19:25:40,880:WARNING:C:\Users\ugrys\AppData\Roaming\Python\Python310\site-packages\sklearn\metrics\_classification.py:1561: UserWarning: Note that pos_label (set to 'Northern/Eastern Europe') is ignored when average != 'binary' (got 'weighted'). You may use labels=[pos_label] to specify a single positive class.
  warnings.warn(

2026-04-17 19:25:40,882:WARNING:C:\Users\ugrys\AppData\Roaming\Python\Python310\site-packages\sklearn\metrics\_classification.py:1509: UndefinedMetricWarning: F-score is ill-defined and being set to 0.0 in labels with no true nor predicted samples. Use `zero_division` parameter to control this behavior.
  _warn_prf(average, modifier, f"{metric.capitalize()} is", len(result))

2026-04-17 19:25:40,882:WARNING:C:\Users\ugrys\AppData\Roaming\Python\Python310\site-packages\sklearn\metrics\_classification.py:1561: UserWarning: Note that pos_label (set to 'Northern/Eastern Europe') is ignored when average != 'binary' (got 'weighted'). You may use labels=[pos_label] to specify a single positive class.
  warnings.warn(

2026-04-17 19:25:40,882:WARNING:C:\Users\ugrys\AppData\Roaming\Python\Python310\site-packages\sklearn\metrics\_classification.py:1509: UndefinedMetricWarning: Recall is ill-defined and being set to 0.0 in labels with no true samples. Use `zero_division` parameter to control this behavior.
  _warn_prf(average, modifier, f"{metric.capitalize()} is", len(result))

2026-04-17 19:25:40,884:WARNING:C:\Users\ugrys\AppData\Roaming\Python\Python310\site-packages\sklearn\metrics\_classification.py:1509: UndefinedMetricWarning: Precision is ill-defined and being set to 0.0 in labels with no predicted samples. Use `zero_division` parameter to control this behavior.
  _warn_prf(average, modifier, f"{metric.capitalize()} is", len(result))

2026-04-17 19:25:40,887:WARNING:C:\Users\ugrys\AppData\Roaming\Python\Python310\site-packages\sklearn\metrics\_classification.py:1561: UserWarning: Note that pos_label (set to 'Northern/Eastern Europe') is ignored when average != 'binary' (got 'weighted'). You may use labels=[pos_label] to specify a single positive class.
  warnings.warn(

2026-04-17 19:25:40,887:WARNING:C:\Users\ugrys\AppData\Roaming\Python\Python310\site-packages\sklearn\metrics\_classification.py:1509: UndefinedMetricWarning: Precision is ill-defined and being set to 0.0 in labels with no predicted samples. Use `zero_division` parameter to control this behavior.
  _warn_prf(average, modifier, f"{metric.capitalize()} is", len(result))

2026-04-17 19:25:40,887:WARNING:C:\Users\ugrys\AppData\Roaming\Python\Python310\site-packages\sklearn\metrics\_classification.py:1561: UserWarning: Note that pos_label (set to 'Northern/Eastern Europe') is ignored when average != 'binary' (got 'weighted'). You may use labels=[pos_label] to specify a single positive class.
  warnings.warn(

2026-04-17 19:25:40,887:WARNING:C:\Users\ugrys\AppData\Roaming\Python\Python310\site-packages\pycaret\internal\metrics.py:204: FitFailedWarning: Metric 'make_scorer(roc_auc_score, response_method=('decision_function', 'predict_proba'), average=weighted, multi_class=ovr)' failed and error score 0.0 has been returned instead. If this is a custom metric, this usually means that the error is in the metric code. Full exception below:
Traceback (most recent call last):
  File "C:\Users\ugrys\AppData\Roaming\Python\Python310\site-packages\pycaret\internal\metrics.py", line 196, in _score
    return super()._score(
  File "C:\Users\ugrys\AppData\Roaming\Python\Python310\site-packages\sklearn\metrics\_scorer.py", line 350, in _score
    return self._sign * self._score_func(y_true, y_pred, **scoring_kwargs)
  File "C:\Users\ugrys\AppData\Roaming\Python\Python310\site-packages\pycaret\internal\metrics.py", line 144, in __call__
    return self.score_func(y_true, y_pred, **kwargs)
  File "C:\Users\ugrys\AppData\Roaming\Python\Python310\site-packages\sklearn\utils\_param_validation.py", line 213, in wrapper
    return func(*args, **kwargs)
  File "C:\Users\ugrys\AppData\Roaming\Python\Python310\site-packages\sklearn\metrics\_ranking.py", line 634, in roc_auc_score
    return _multiclass_roc_auc_score(
  File "C:\Users\ugrys\AppData\Roaming\Python\Python310\site-packages\sklearn\metrics\_ranking.py", line 751, in _multiclass_roc_auc_score
    raise ValueError(
ValueError: Number of classes in y_true not equal to the number of columns in 'y_score'

  warnings.warn(

2026-04-17 19:25:40,890:WARNING:C:\Users\ugrys\AppData\Roaming\Python\Python310\site-packages\sklearn\metrics\_classification.py:1561: UserWarning: Note that pos_label (set to 'Northern/Eastern Europe') is ignored when average != 'binary' (got 'weighted'). You may use labels=[pos_label] to specify a single positive class.
  warnings.warn(

2026-04-17 19:25:40,892:WARNING:C:\Users\ugrys\AppData\Roaming\Python\Python310\site-packages\sklearn\metrics\_classification.py:1509: UndefinedMetricWarning: Precision is ill-defined and being set to 0.0 in labels with no predicted samples. Use `zero_division` parameter to control this behavior.
  _warn_prf(average, modifier, f"{metric.capitalize()} is", len(result))

2026-04-17 19:25:40,892:WARNING:C:\Users\ugrys\AppData\Roaming\Python\Python310\site-packages\sklearn\metrics\_classification.py:1509: UndefinedMetricWarning: F-score is ill-defined and being set to 0.0 in labels with no true nor predicted samples. Use `zero_division` parameter to control this behavior.
  _warn_prf(average, modifier, f"{metric.capitalize()} is", len(result))

2026-04-17 19:25:40,892:WARNING:C:\Users\ugrys\AppData\Roaming\Python\Python310\site-packages\sklearn\metrics\_classification.py:1561: UserWarning: Note that pos_label (set to 'Northern/Eastern Europe') is ignored when average != 'binary' (got 'weighted'). You may use labels=[pos_label] to specify a single positive class.
  warnings.warn(

2026-04-17 19:25:40,894:WARNING:C:\Users\ugrys\AppData\Roaming\Python\Python310\site-packages\sklearn\metrics\_classification.py:1509: UndefinedMetricWarning: Recall is ill-defined and being set to 0.0 in labels with no true samples. Use `zero_division` parameter to control this behavior.
  _warn_prf(average, modifier, f"{metric.capitalize()} is", len(result))

2026-04-17 19:25:40,895:WARNING:C:\Users\ugrys\AppData\Roaming\Python\Python310\site-packages\sklearn\metrics\_classification.py:1561: UserWarning: Note that pos_label (set to 'Northern/Eastern Europe') is ignored when average != 'binary' (got 'weighted'). You may use labels=[pos_label] to specify a single positive class.
  warnings.warn(

2026-04-17 19:25:40,897:WARNING:C:\Users\ugrys\AppData\Roaming\Python\Python310\site-packages\sklearn\metrics\_classification.py:1561: UserWarning: Note that pos_label (set to 'Northern/Eastern Europe') is ignored when average != 'binary' (got 'weighted'). You may use labels=[pos_label] to specify a single positive class.
  warnings.warn(

c.capitalize()} is", len(result))

2026-04-17 19:25:40,899:WARNING:C:\Users\ugrys\AppData\Roaming\Python\Python310\site-packages\sklearn\metrics\_classification.py:1509: UndefinedMetricWarning: Precision is ill-defined and being set to 0.0 in labels with no predicted samples. Use `zero_division` parameter to control this behavior.
  _warn_prf(average, modifier, f"{metric.capitalize()} is", len(result))

2026-04-17 19:25:40,901:WARNING:C:\Users\ugrys\AppData\Roaming\Python\Python310\site-packages\sklearn\metrics\_classification.py:1561: UserWarning: Note that pos_label (set to 'Northern/Eastern Europe') is ignored when average != 'binary' (got 'weighted'). You may use labels=[pos_label] to specify a single positive class.
  warnings.warn(

2026-04-17 19:25:40,903:WARNING:C:\Users\ugrys\AppData\Roaming\Python\Python310\site-packages\sklearn\metrics\_classification.py:1509: UndefinedMetricWarning: F-score is ill-defined and being set to 0.0 in labels with no true nor predicted samples. Use `zero_division` parameter to control this behavior.
  _warn_prf(average, modifier, f"{metric.capitalize()} is", len(result))

2026-04-17 19:25:40,924:WARNING:C:\Users\ugrys\AppData\Roaming\Python\Python310\site-packages\pycaret\internal\metrics.py:204: FitFailedWarning: Metric 'make_scorer(roc_auc_score, response_method=('decision_function', 'predict_proba'), average=weighted, multi_class=ovr)' failed and error score 0.0 has been returned instead. If this is a custom metric, this usually means that the error is in the metric code. Full exception below:
Traceback (most recent call last):
  File "C:\Users\ugrys\AppData\Roaming\Python\Python310\site-packages\pycaret\internal\metrics.py", line 196, in _score
    return super()._score(
  File "C:\Users\ugrys\AppData\Roaming\Python\Python310\site-packages\sklearn\metrics\_scorer.py", line 350, in _score
    return self._sign * self._score_func(y_true, y_pred, **scoring_kwargs)
  File "C:\Users\ugrys\AppData\Roaming\Python\Python310\site-packages\pycaret\internal\metrics.py", line 144, in __call__
    return self.score_func(y_true, y_pred, **kwargs)
  File "C:\Users\ugrys\AppData\Roaming\Python\Python310\site-packages\sklearn\utils\_param_validation.py", line 213, in wrapper
    return func(*args, **kwargs)
  File "C:\Users\ugrys\AppData\Roaming\Python\Python310\site-packages\sklearn\metrics\_ranking.py", line 634, in roc_auc_score
    return _multiclass_roc_auc_score(
  File "C:\Users\ugrys\AppData\Roaming\Python\Python310\site-packages\sklearn\metrics\_ranking.py", line 751, in _multiclass_roc_auc_score
    raise ValueError(
ValueError: Number of classes in y_true not equal to the number of columns in 'y_score'

  warnings.warn(

2026-04-17 19:25:40,926:WARNING:C:\Users\ugrys\AppData\Roaming\Python\Python310\site-packages\sklearn\metrics\_classification.py:1561: UserWarning: Note that pos_label (set to 'Northern/Eastern Europe') is ignored when average != 'binary' (got 'weighted'). You may use labels=[pos_label] to specify a single positive class.
  warnings.warn(

2026-04-17 19:25:40,926:WARNING:C:\Users\ugrys\AppData\Roaming\Python\Python310\site-packages\sklearn\metrics\_classification.py:1509: UndefinedMetricWarning: Recall is ill-defined and being set to 0.0 in labels with no true samples. Use `zero_division` parameter to control this behavior.
  _warn_prf(average, modifier, f"{metric.capitalize()} is", len(result))

2026-04-17 19:25:40,929:WARNING:C:\Users\ugrys\AppData\Roaming\Python\Python310\site-packages\sklearn\metrics\_classification.py:1561: UserWarning: Note that pos_label (set to 'Northern/Eastern Europe') is ignored when average != 'binary' (got 'weighted'). You may use labels=[pos_label] to specify a single positive class.
  warnings.warn(

2026-04-17 19:25:40,929:WARNING:C:\Users\ugrys\AppData\Roaming\Python\Python310\site-packages\sklearn\metrics\_classification.py:1561: UserWarning: Note that pos_label (set to 'Northern/Eastern Europe') is ignored when average != 'binary' (got 'weighted'). You may use labels=[pos_label] to specify a single positive class.
  warnings.warn(

2026-04-17 19:25:40,931:WARNING:C:\Users\ugrys\AppData\Roaming\Python\Python310\site-packages\sklearn\metrics\_classification.py:1509: UndefinedMetricWarning: Precision is ill-defined and being set to 0.0 in labels with no predicted samples. Use `zero_division` parameter to control this behavior.
  _warn_prf(average, modifier, f"{metric.capitalize()} is", len(result))

2026-04-17 19:25:40,932:WARNING:C:\Users\ugrys\AppData\Roaming\Python\Python310\site-packages\sklearn\metrics\_classification.py:1561: UserWarning: Note that pos_label (set to 'Northern/Eastern Europe') is ignored when average != 'binary' (got 'weighted'). You may use labels=[pos_label] to specify a single positive class.
  warnings.warn(

2026-04-17 19:25:40,932:WARNING:C:\Users\ugrys\AppData\Roaming\Python\Python310\site-packages\sklearn\metrics\_classification.py:1561: UserWarning: Note that pos_label (set to 'Northern/Eastern Europe') is ignored when average != 'binary' (got 'weighted'). You may use labels=[pos_label] to specify a single positive class.
  warnings.warn(

2026-04-17 19:25:40,934:WARNING:C:\Users\ugrys\AppData\Roaming\Python\Python310\site-packages\sklearn\metrics\_classification.py:1509: UndefinedMetricWarning: F-score is ill-defined and being set to 0.0 in labels with no true nor predicted samples. Use `zero_division` parameter to control this behavior.
  _warn_prf(average, modifier, f"{metric.capitalize()} is", len(result))

2026-04-17 19:25:40,934:WARNING:C:\Users\ugrys\AppData\Roaming\Python\Python310\site-packages\sklearn\metrics\_classification.py:1509: UndefinedMetricWarning: Precision is ill-defined and being set to 0.0 in labels with no predicted samples. Use `zero_division` parameter to control this behavior.
  _warn_prf(average, modifier, f"{metric.capitalize()} is", len(result))

2026-04-17 19:25:40,936:WARNING:C:\Users\ugrys\AppData\Roaming\Python\Python310\site-packages\sklearn\metrics\_classification.py:1561: UserWarning: Note that pos_label (set to 'Northern/Eastern Europe') is ignored when average != 'binary' (got 'weighted'). You may use labels=[pos_label] to specify a single positive class.
  warnings.warn(

2026-04-17 19:25:40,953:INFO:Calculating mean and std
2026-04-17 19:25:40,953:INFO:Creating metrics dataframe
2026-04-17 19:25:40,953:INFO:Uploading results into container
2026-04-17 19:25:40,957:INFO:Uploading model into container now
2026-04-17 19:25:40,957:INFO:_master_model_container: 3
2026-04-17 19:25:40,957:INFO:_display_container: 2
2026-04-17 19:25:40,957:INFO:RandomForestClassifier(bootstrap=True, ccp_alpha=0.0, class_weight=None,
                       criterion='gini', max_depth=None, max_features='sqrt',
                       max_leaf_nodes=None, max_samples=None,
                       min_impurity_decrease=0.0, min_samples_leaf=1,
                       min_samples_split=2, min_weight_fraction_leaf=0.0,
                       monotonic_cst=None, n_estimators=100, n_jobs=-1,
                       oob_score=False, random_state=42, verbose=0,
                       warm_start=False)
2026-04-17 19:25:40,957:INFO:create_model() successfully completed......................................
2026-04-17 19:25:41,112:INFO:SubProcess create_model() end ==================================
2026-04-17 19:25:41,112:INFO:Creating metrics dataframe
2026-04-17 19:25:41,112:INFO:Initializing K Neighbors Classifier
2026-04-17 19:25:41,112:INFO:Total runtime is 0.04880593617757162 minutes
2026-04-17 19:25:41,112:INFO:SubProcess create_model() called ==================================
2026-04-17 19:25:41,112:INFO:Initializing create_model()
2026-04-17 19:25:41,112:INFO:create_model(self=<pycaret.classification.oop.ClassificationExperiment object at 0x000002283C1AB370>, estimator=knn, fold=StratifiedKFold(n_splits=10, random_state=None, shuffle=False), round=4, cross_validation=True, predict=True, fit_kwargs={}, groups=None, refit=False, probability_threshold=None, experiment_custom_tags=None, verbose=False, system=False, add_to_model_list=True, metrics=None, display=<pycaret.internal.display.display.CommonDisplay object at 0x0000022835FCE920>, model_only=True, return_train_score=False, error_score=0.0, kwargs={})
2026-04-17 19:25:41,115:INFO:Checking exceptions
2026-04-17 19:25:41,115:INFO:Importing libraries
2026-04-17 19:25:41,115:INFO:Copying training dataset
2026-04-17 19:25:41,120:INFO:Defining folds
2026-04-17 19:25:41,120:INFO:Declaring metric variables
2026-04-17 19:25:41,120:INFO:Importing untrained model
2026-04-17 19:25:41,120:INFO:K Neighbors Classifier Imported successfully
2026-04-17 19:25:41,120:INFO:Starting cross validation
2026-04-17 19:25:41,120:INFO:Cross validating with StratifiedKFold(n_splits=10, random_state=None, shuffle=False), n_jobs=-1
2026-04-17 19:25:41,124:WARNING:C:\Users\ugrys\AppData\Roaming\Python\Python310\site-packages\sklearn\model_selection\_split.py:737: UserWarning: The least populated class in y has only 2 members, which is less than n_splits=10.
  warnings.warn(

2026-04-17 19:25:41,436:WARNING:C:\Users\ugrys\AppData\Roaming\Python\Python310\site-packages\pycaret\internal\metrics.py:204: FitFailedWarning: Metric 'make_scorer(roc_auc_score, response_method=('decision_function', 'predict_proba'), average=weighted, multi_class=ovr)' failed and error score 0.0 has been returned instead. If this is a custom metric, this usually means that the error is in the metric code. Full exception below:
Traceback (most recent call last):
  File "C:\Users\ugrys\AppData\Roaming\Python\Python310\site-packages\pycaret\internal\metrics.py", line 196, in _score
    return super()._score(
  File "C:\Users\ugrys\AppData\Roaming\Python\Python310\site-packages\sklearn\metrics\_scorer.py", line 350, in _score
    return self._sign * self._score_func(y_true, y_pred, **scoring_kwargs)
  File "C:\Users\ugrys\AppData\Roaming\Python\Python310\site-packages\pycaret\internal\metrics.py", line 144, in __call__
    return self.score_func(y_true, y_pred, **kwargs)
  File "C:\Users\ugrys\AppData\Roaming\Python\Python310\site-packages\sklearn\utils\_param_validation.py", line 213, in wrapper
    return func(*args, **kwargs)
  File "C:\Users\ugrys\AppData\Roaming\Python\Python310\site-packages\sklearn\metrics\_ranking.py", line 634, in roc_auc_score
    return _multiclass_roc_auc_score(
  File "C:\Users\ugrys\AppData\Roaming\Python\Python310\site-packages\sklearn\metrics\_ranking.py", line 751, in _multiclass_roc_auc_score
    raise ValueError(
ValueError: Number of classes in y_true not equal to the number of columns in 'y_score'

  warnings.warn(

2026-04-17 19:25:41,437:WARNING:C:\Users\ugrys\AppData\Roaming\Python\Python310\site-packages\pycaret\internal\metrics.py:204: FitFailedWarning: Metric 'make_scorer(roc_auc_score, response_method=('decision_function', 'predict_proba'), average=weighted, multi_class=ovr)' failed and error score 0.0 has been returned instead. If this is a custom metric, this usually means that the error is in the metric code. Full exception below:
Traceback (most recent call last):
  File "C:\Users\ugrys\AppData\Roaming\Python\Python310\site-packages\pycaret\internal\metrics.py", line 196, in _score
    return super()._score(
  File "C:\Users\ugrys\AppData\Roaming\Python\Python310\site-packages\sklearn\metrics\_scorer.py", line 350, in _score
    return self._sign * self._score_func(y_true, y_pred, **scoring_kwargs)
  File "C:\Users\ugrys\AppData\Roaming\Python\Python310\site-packages\pycaret\internal\metrics.py", line 144, in __call__
    return self.score_func(y_true, y_pred, **kwargs)
  File "C:\Users\ugrys\AppData\Roaming\Python\Python310\site-packages\sklearn\utils\_param_validation.py", line 213, in wrapper
    return func(*args, **kwargs)
  File "C:\Users\ugrys\AppData\Roaming\Python\Python310\site-packages\sklearn\metrics\_ranking.py", line 634, in roc_auc_score
    return _multiclass_roc_auc_score(
  File "C:\Users\ugrys\AppData\Roaming\Python\Python310\site-packages\sklearn\metrics\_ranking.py", line 751, in _multiclass_roc_auc_score
    raise ValueError(
ValueError: Number of classes in y_true not equal to the number of columns in 'y_score'

  warnings.warn(

2026-04-17 19:25:41,437:WARNING:C:\Users\ugrys\AppData\Roaming\Python\Python310\site-packages\pycaret\internal\metrics.py:204: FitFailedWarning: Metric 'make_scorer(roc_auc_score, response_method=('decision_function', 'predict_proba'), average=weighted, multi_class=ovr)' failed and error score 0.0 has been returned instead. If this is a custom metric, this usually means that the error is in the metric code. Full exception below:
Traceback (most recent call last):
  File "C:\Users\ugrys\AppData\Roaming\Python\Python310\site-packages\pycaret\internal\metrics.py", line 196, in _score
    return super()._score(
  File "C:\Users\ugrys\AppData\Roaming\Python\Python310\site-packages\sklearn\metrics\_scorer.py", line 350, in _score
    return self._sign * self._score_func(y_true, y_pred, **scoring_kwargs)
  File "C:\Users\ugrys\AppData\Roaming\Python\Python310\site-packages\pycaret\internal\metrics.py", line 144, in __call__
    return self.score_func(y_true, y_pred, **kwargs)
  File "C:\Users\ugrys\AppData\Roaming\Python\Python310\site-packages\sklearn\utils\_param_validation.py", line 213, in wrapper
    return func(*args, **kwargs)
  File "C:\Users\ugrys\AppData\Roaming\Python\Python310\site-packages\sklearn\metrics\_ranking.py", line 634, in roc_auc_score
    return _multiclass_roc_auc_score(
  File "C:\Users\ugrys\AppData\Roaming\Python\Python310\site-packages\sklearn\metrics\_ranking.py", line 751, in _multiclass_roc_auc_score
    raise ValueError(
ValueError: Number of classes in y_true not equal to the number of columns in 'y_score'

  warnings.warn(

2026-04-17 19:25:41,437:WARNING:C:\Users\ugrys\AppData\Roaming\Python\Python310\site-packages\pycaret\internal\metrics.py:204: FitFailedWarning: Metric 'make_scorer(roc_auc_score, response_method=('decision_function', 'predict_proba'), average=weighted, multi_class=ovr)' failed and error score 0.0 has been returned instead. If this is a custom metric, this usually means that the error is in the metric code. Full exception below:
Traceback (most recent call last):
  File "C:\Users\ugrys\AppData\Roaming\Python\Python310\site-packages\pycaret\internal\metrics.py", line 196, in _score
    return super()._score(
  File "C:\Users\ugrys\AppData\Roaming\Python\Python310\site-packages\sklearn\metrics\_scorer.py", line 350, in _score
    return self._sign * self._score_func(y_true, y_pred, **scoring_kwargs)
  File "C:\Users\ugrys\AppData\Roaming\Python\Python310\site-packages\pycaret\internal\metrics.py", line 144, in __call__
    return self.score_func(y_true, y_pred, **kwargs)
  File "C:\Users\ugrys\AppData\Roaming\Python\Python310\site-packages\sklearn\utils\_param_validation.py", line 213, in wrapper
    return func(*args, **kwargs)
  File "C:\Users\ugrys\AppData\Roaming\Python\Python310\site-packages\sklearn\metrics\_ranking.py", line 634, in roc_auc_score
    return _multiclass_roc_auc_score(
  File "C:\Users\ugrys\AppData\Roaming\Python\Python310\site-packages\sklearn\metrics\_ranking.py", line 751, in _multiclass_roc_auc_score
    raise ValueError(
ValueError: Number of classes in y_true not equal to the number of columns in 'y_score'

  warnings.warn(

2026-04-17 19:25:41,437:WARNING:C:\Users\ugrys\AppData\Roaming\Python\Python310\site-packages\sklearn\metrics\_classification.py:1561: UserWarning: Note that pos_label (set to 'Northern/Eastern Europe') is ignored when average != 'binary' (got 'weighted'). You may use labels=[pos_label] to specify a single positive class.
  warnings.warn(

2026-04-17 19:25:41,443:WARNING:C:\Users\ugrys\AppData\Roaming\Python\Python310\site-packages\sklearn\metrics\_classification.py:1561: UserWarning: Note that pos_label (set to 'Northern/Eastern Europe') is ignored when average != 'binary' (got 'weighted'). You may use labels=[pos_label] to specify a single positive class.
  warnings.warn(

2026-04-17 19:25:41,443:WARNING:C:\Users\ugrys\AppData\Roaming\Python\Python310\site-packages\sklearn\metrics\_classification.py:1561: UserWarning: Note that pos_label (set to 'Northern/Eastern Europe') is ignored when average != 'binary' (got 'weighted'). You may use labels=[pos_label] to specify a single positive class.
  warnings.warn(

2026-04-17 19:25:41,443:WARNING:C:\Users\ugrys\AppData\Roaming\Python\Python310\site-packages\sklearn\metrics\_classification.py:1509: UndefinedMetricWarning: Recall is ill-defined and being set to 0.0 in labels with no true samples. Use `zero_division` parameter to control this behavior.
  _warn_prf(average, modifier, f"{metric.capitalize()} is", len(result))

2026-04-17 19:25:41,443:WARNING:C:\Users\ugrys\AppData\Roaming\Python\Python310\site-packages\sklearn\metrics\_classification.py:1509: UndefinedMetricWarning: Recall is ill-defined and being set to 0.0 in labels with no true samples. Use `zero_division` parameter to control this behavior.
  _warn_prf(average, modifier, f"{metric.capitalize()} is", len(result))

2026-04-17 19:25:41,443:WARNING:C:\Users\ugrys\AppData\Roaming\Python\Python310\site-packages\sklearn\metrics\_classification.py:1561: UserWarning: Note that pos_label (set to 'Northern/Eastern Europe') is ignored when average != 'binary' (got 'weighted'). You may use labels=[pos_label] to specify a single positive class.
  warnings.warn(

2026-04-17 19:25:41,446:WARNING:C:\Users\ugrys\AppData\Roaming\Python\Python310\site-packages\sklearn\metrics\_classification.py:1509: UndefinedMetricWarning: Recall is ill-defined and being set to 0.0 in labels with no true samples. Use `zero_division` parameter to control this behavior.
  _warn_prf(average, modifier, f"{metric.capitalize()} is", len(result))

2026-04-17 19:25:41,443:WARNING:C:\Users\ugrys\AppData\Roaming\Python\Python310\site-packages\sklearn\metrics\_classification.py:1509: UndefinedMetricWarning: Recall is ill-defined and being set to 0.0 in labels with no true samples. Use `zero_division` parameter to control this behavior.
  _warn_prf(average, modifier, f"{metric.capitalize()} is", len(result))

2026-04-17 19:25:41,451:WARNING:C:\Users\ugrys\AppData\Roaming\Python\Python310\site-packages\sklearn\metrics\_classification.py:1561: UserWarning: Note that pos_label (set to 'Northern/Eastern Europe') is ignored when average != 'binary' (got 'weighted'). You may use labels=[pos_label] to specify a single positive class.
  warnings.warn(

2026-04-17 19:25:41,451:WARNING:C:\Users\ugrys\AppData\Roaming\Python\Python310\site-packages\sklearn\metrics\_classification.py:1561: UserWarning: Note that pos_label (set to 'Northern/Eastern Europe') is ignored when average != 'binary' (got 'weighted'). You may use labels=[pos_label] to specify a single positive class.
  warnings.warn(

2026-04-17 19:25:41,452:WARNING:C:\Users\ugrys\AppData\Roaming\Python\Python310\site-packages\sklearn\metrics\_classification.py:1509: UndefinedMetricWarning: Precision is ill-defined and being set to 0.0 in labels with no predicted samples. Use `zero_division` parameter to control this behavior.
  _warn_prf(average, modifier, f"{metric.capitalize()} is", len(result))

2026-04-17 19:25:41,453:WARNING:C:\Users\ugrys\AppData\Roaming\Python\Python310\site-packages\sklearn\metrics\_classification.py:1561: UserWarning: Note that pos_label (set to 'Northern/Eastern Europe') is ignored when average != 'binary' (got 'weighted'). You may use labels=[pos_label] to specify a single positive class.
  warnings.warn(

2026-04-17 19:25:41,455:WARNING:C:\Users\ugrys\AppData\Roaming\Python\Python310\site-packages\sklearn\metrics\_classification.py:1561: UserWarning: Note that pos_label (set to 'Northern/Eastern Europe') is ignored when average != 'binary' (got 'weighted'). You may use labels=[pos_label] to specify a single positive class.
  warnings.warn(

2026-04-17 19:25:41,455:WARNING:C:\Users\ugrys\AppData\Roaming\Python\Python310\site-packages\sklearn\metrics\_classification.py:1561: UserWarning: Note that pos_label (set to 'Northern/Eastern Europe') is ignored when average != 'binary' (got 'weighted'). You may use labels=[pos_label] to specify a single positive class.
  warnings.warn(

2026-04-17 19:25:41,457:WARNING:C:\Users\ugrys\AppData\Roaming\Python\Python310\site-packages\pycaret\internal\metrics.py:204: FitFailedWarning: Metric 'make_scorer(roc_auc_score, response_method=('decision_function', 'predict_proba'), average=weighted, multi_class=ovr)' failed and error score 0.0 has been returned instead. If this is a custom metric, this usually means that the error is in the metric code. Full exception below:
Traceback (most recent call last):
  File "C:\Users\ugrys\AppData\Roaming\Python\Python310\site-packages\pycaret\internal\metrics.py", line 196, in _score
    return super()._score(
  File "C:\Users\ugrys\AppData\Roaming\Python\Python310\site-packages\sklearn\metrics\_scorer.py", line 350, in _score
    return self._sign * self._score_func(y_true, y_pred, **scoring_kwargs)
  File "C:\Users\ugrys\AppData\Roaming\Python\Python310\site-packages\pycaret\internal\metrics.py", line 144, in __call__
    return self.score_func(y_true, y_pred, **kwargs)
  File "C:\Users\ugrys\AppData\Roaming\Python\Python310\site-packages\sklearn\utils\_param_validation.py", line 213, in wrapper
    return func(*args, **kwargs)
  File "C:\Users\ugrys\AppData\Roaming\Python\Python310\site-packages\sklearn\metrics\_ranking.py", line 634, in roc_auc_score
    return _multiclass_roc_auc_score(
  File "C:\Users\ugrys\AppData\Roaming\Python\Python310\site-packages\sklearn\metrics\_ranking.py", line 751, in _multiclass_roc_auc_score
    raise ValueError(
ValueError: Number of classes in y_true not equal to the number of columns in 'y_score'

  warnings.warn(

2026-04-17 19:25:41,457:WARNING:C:\Users\ugrys\AppData\Roaming\Python\Python310\site-packages\sklearn\metrics\_classification.py:1509: UndefinedMetricWarning: Precision is ill-defined and being set to 0.0 in labels with no predicted samples. Use `zero_division` parameter to control this behavior.
  _warn_prf(average, modifier, f"{metric.capitalize()} is", len(result))

2026-04-17 19:25:41,458:WARNING:C:\Users\ugrys\AppData\Roaming\Python\Python310\site-packages\sklearn\metrics\_classification.py:1509: UndefinedMetricWarning: Precision is ill-defined and being set to 0.0 in labels with no predicted samples. Use `zero_division` parameter to control this behavior.
  _warn_prf(average, modifier, f"{metric.capitalize()} is", len(result))

2026-04-17 19:25:41,458:WARNING:C:\Users\ugrys\AppData\Roaming\Python\Python310\site-packages\sklearn\metrics\_classification.py:1509: UndefinedMetricWarning: Precision is ill-defined and being set to 0.0 in labels with no predicted samples. Use `zero_division` parameter to control this behavior.
  _warn_prf(average, modifier, f"{metric.capitalize()} is", len(result))

2026-04-17 19:25:41,458:WARNING:C:\Users\ugrys\AppData\Roaming\Python\Python310\site-packages\sklearn\metrics\_classification.py:1561: UserWarning: Note that pos_label (set to 'Northern/Eastern Europe') is ignored when average != 'binary' (got 'weighted'). You may use labels=[pos_label] to specify a single positive class.
  warnings.warn(

2026-04-17 19:25:41,460:WARNING:C:\Users\ugrys\AppData\Roaming\Python\Python310\site-packages\sklearn\metrics\_classification.py:1561: UserWarning: Note that pos_label (set to 'Northern/Eastern Europe') is ignored when average != 'binary' (got 'weighted'). You may use labels=[pos_label] to specify a single positive class.
  warnings.warn(

2026-04-17 19:25:41,458:WARNING:C:\Users\ugrys\AppData\Roaming\Python\Python310\site-packages\sklearn\metrics\_classification.py:1561: UserWarning: Note that pos_label (set to 'Northern/Eastern Europe') is ignored when average != 'binary' (got 'weighted'). You may use labels=[pos_label] to specify a single positive class.
  warnings.warn(

2026-04-17 19:25:41,462:WARNING:C:\Users\ugrys\AppData\Roaming\Python\Python310\site-packages\sklearn\metrics\_classification.py:1561: UserWarning: Note that pos_label (set to 'Northern/Eastern Europe') is ignored when average != 'binary' (got 'weighted'). You may use labels=[pos_label] to specify a single positive class.
  warnings.warn(

2026-04-17 19:25:41,464:WARNING:C:\Users\ugrys\AppData\Roaming\Python\Python310\site-packages\sklearn\metrics\_classification.py:1561: UserWarning: Note that pos_label (set to 'Northern/Eastern Europe') is ignored when average != 'binary' (got 'weighted'). You may use labels=[pos_label] to specify a single positive class.
  warnings.warn(

c.capitalize()} is", len(result))

2026-04-17 19:25:41,463:WARNING:C:\Users\ugrys\AppData\Roaming\Python\Python310\site-packages\sklearn\metrics\_classification.py:1509: UndefinedMetricWarning: F-score is ill-defined and being set to 0.0 in labels with no true nor predicted samples. Use `zero_division` parameter to control this behavior.
  _warn_prf(average, modifier, f"{metric.capitalize()} is", len(result))

2026-04-17 19:25:41,466:WARNING:C:\Users\ugrys\AppData\Roaming\Python\Python310\site-packages\sklearn\metrics\_classification.py:1509: UndefinedMetricWarning: Precision is ill-defined and being set to 0.0 in labels with no predicted samples. Use `zero_division` parameter to control this behavior.
  _warn_prf(average, modifier, f"{metric.capitalize()} is", len(result))

2026-04-17 19:25:41,460:WARNING:C:\Users\ugrys\AppData\Roaming\Python\Python310\site-packages\pycaret\internal\metrics.py:204: FitFailedWarning: Metric 'make_scorer(roc_auc_score, response_method=('decision_function', 'predict_proba'), average=weighted, multi_class=ovr)' failed and error score 0.0 has been returned instead. If this is a custom metric, this usually means that the error is in the metric code. Full exception below:
Traceback (most recent call last):
  File "C:\Users\ugrys\AppData\Roaming\Python\Python310\site-packages\pycaret\internal\metrics.py", line 196, in _score
    return super()._score(
  File "C:\Users\ugrys\AppData\Roaming\Python\Python310\site-packages\sklearn\metrics\_scorer.py", line 350, in _score
    return self._sign * self._score_func(y_true, y_pred, **scoring_kwargs)
  File "C:\Users\ugrys\AppData\Roaming\Python\Python310\site-packages\pycaret\internal\metrics.py", line 144, in __call__
    return self.score_func(y_true, y_pred, **kwargs)
  File "C:\Users\ugrys\AppData\Roaming\Python\Python310\site-packages\sklearn\utils\_param_validation.py", line 213, in wrapper
    return func(*args, **kwargs)
  File "C:\Users\ugrys\AppData\Roaming\Python\Python310\site-packages\sklearn\metrics\_ranking.py", line 634, in roc_auc_score
    return _multiclass_roc_auc_score(
  File "C:\Users\ugrys\AppData\Roaming\Python\Python310\site-packages\sklearn\metrics\_ranking.py", line 751, in _multiclass_roc_auc_score
    raise ValueError(
ValueError: Number of classes in y_true not equal to the number of columns in 'y_score'

  warnings.warn(

2026-04-17 19:25:41,468:WARNING:C:\Users\ugrys\AppData\Roaming\Python\Python310\site-packages\sklearn\metrics\_classification.py:1509: UndefinedMetricWarning: Recall is ill-defined and being set to 0.0 in labels with no true samples. Use `zero_division` parameter to control this behavior.
  _warn_prf(average, modifier, f"{metric.capitalize()} is", len(result))

2026-04-17 19:25:41,468:WARNING:C:\Users\ugrys\AppData\Roaming\Python\Python310\site-packages\sklearn\metrics\_classification.py:1509: UndefinedMetricWarning: F-score is ill-defined and being set to 0.0 in labels with no true nor predicted samples. Use `zero_division` parameter to control this behavior.
  _warn_prf(average, modifier, f"{metric.capitalize()} is", len(result))

2026-04-17 19:25:41,468:WARNING:C:\Users\ugrys\AppData\Roaming\Python\Python310\site-packages\sklearn\metrics\_classification.py:1561: UserWarning: Note that pos_label (set to 'Northern/Eastern Europe') is ignored when average != 'binary' (got 'weighted'). You may use labels=[pos_label] to specify a single positive class.
  warnings.warn(

2026-04-17 19:25:41,472:WARNING:C:\Users\ugrys\AppData\Roaming\Python\Python310\site-packages\sklearn\metrics\_classification.py:1561: UserWarning: Note that pos_label (set to 'Northern/Eastern Europe') is ignored when average != 'binary' (got 'weighted'). You may use labels=[pos_label] to specify a single positive class.
  warnings.warn(

2026-04-17 19:25:41,474:WARNING:C:\Users\ugrys\AppData\Roaming\Python\Python310\site-packages\sklearn\metrics\_classification.py:1561: UserWarning: Note that pos_label (set to 'Northern/Eastern Europe') is ignored when average != 'binary' (got 'weighted'). You may use labels=[pos_label] to specify a single positive class.
  warnings.warn(

2026-04-17 19:25:41,474:WARNING:C:\Users\ugrys\AppData\Roaming\Python\Python310\site-packages\sklearn\metrics\_classification.py:1509: UndefinedMetricWarning: Precision is ill-defined and being set to 0.0 in labels with no predicted samples. Use `zero_division` parameter to control this behavior.
  _warn_prf(average, modifier, f"{metric.capitalize()} is", len(result))

2026-04-17 19:25:41,476:WARNING:C:\Users\ugrys\AppData\Roaming\Python\Python310\site-packages\sklearn\metrics\_classification.py:1509: UndefinedMetricWarning: Recall is ill-defined and being set to 0.0 in labels with no true samples. Use `zero_division` parameter to control this behavior.
  _warn_prf(average, modifier, f"{metric.capitalize()} is", len(result))

means that the error is in the metric code. Full exception below:
Traceback (most recent call last):
  File "C:\Users\ugrys\AppData\Roaming\Python\Python310\site-packages\pycaret\internal\metrics.py", line 196, in _score
    return super()._score(
  File "C:\Users\ugrys\AppData\Roaming\Python\Python310\site-packages\sklearn\metrics\_scorer.py", line 350, in _score
    return self._sign * self._score_func(y_true, y_pred, **scoring_kwargs)
  File "C:\Users\ugrys\AppData\Roaming\Python\Python310\site-packages\pycaret\internal\metrics.py", line 144, in __call__
    return self.score_func(y_true, y_pred, **kwargs)
  File "C:\Users\ugrys\AppData\Roaming\Python\Python310\site-packages\sklearn\utils\_param_validation.py", line 213, in wrapper
    return func(*args, **kwargs)
  File "C:\Users\ugrys\AppData\Roaming\Python\Python310\site-packages\sklearn\metrics\_ranking.py", line 634, in roc_auc_score
    return _multiclass_roc_auc_score(
  File "C:\Users\ugrys\AppData\Roaming\Python\Python310\site-packages\sklearn\metrics\_ranking.py", line 751, in _multiclass_roc_auc_score
    raise ValueError(
ValueError: Number of classes in y_true not equal to the number of columns in 'y_score'

  warnings.warn(

2026-04-17 19:25:41,476:WARNING:C:\Users\ugrys\AppData\Roaming\Python\Python310\site-packages\pycaret\internal\metrics.py:204: FitFailedWarning: Metric 'make_scorer(roc_auc_score, response_method=('decision_function', 'predict_proba'), average=weighted, multi_class=ovr)' failed and error score 0.0 has been returned instead. If this is a custom metric, this usually means that the error is in the metric code. Full exception below:
Traceback (most recent call last):
  File "C:\Users\ugrys\AppData\Roaming\Python\Python310\site-packages\pycaret\internal\metrics.py", line 196, in _score
    return super()._score(
  File "C:\Users\ugrys\AppData\Roaming\Python\Python310\site-packages\sklearn\metrics\_scorer.py", line 350, in _score
    return self._sign * self._score_func(y_true, y_pred, **scoring_kwargs)
  File "C:\Users\ugrys\AppData\Roaming\Python\Python310\site-packages\pycaret\internal\metrics.py", line 144, in __call__
    return self.score_func(y_true, y_pred, **kwargs)
  File "C:\Users\ugrys\AppData\Roaming\Python\Python310\site-packages\sklearn\utils\_param_validation.py", line 213, in wrapper
    return func(*args, **kwargs)
  File "C:\Users\ugrys\AppData\Roaming\Python\Python310\site-packages\sklearn\metrics\_ranking.py", line 634, in roc_auc_score
    return _multiclass_roc_auc_score(
  File "C:\Users\ugrys\AppData\Roaming\Python\Python310\site-packages\sklearn\metrics\_ranking.py", line 751, in _multiclass_roc_auc_score
    raise ValueError(
ValueError: Number of classes in y_true not equal to the number of columns in 'y_score'

  warnings.warn(

2026-04-17 19:25:41,478:WARNING:C:\Users\ugrys\AppData\Roaming\Python\Python310\site-packages\sklearn\metrics\_classification.py:1561: UserWarning: Note that pos_label (set to 'Northern/Eastern Europe') is ignored when average != 'binary' (got 'weighted'). You may use labels=[pos_label] to specify a single positive class.
  warnings.warn(

2026-04-17 19:25:41,480:WARNING:C:\Users\ugrys\AppData\Roaming\Python\Python310\site-packages\sklearn\metrics\_classification.py:1561: UserWarning: Note that pos_label (set to 'Northern/Eastern Europe') is ignored when average != 'binary' (got 'weighted'). You may use labels=[pos_label] to specify a single positive class.
  warnings.warn(

2026-04-17 19:25:41,482:WARNING:C:\Users\ugrys\AppData\Roaming\Python\Python310\site-packages\sklearn\metrics\_classification.py:1561: UserWarning: Note that pos_label (set to 'Northern/Eastern Europe') is ignored when average != 'binary' (got 'weighted'). You may use labels=[pos_label] to specify a single positive class.
  warnings.warn(

2026-04-17 19:25:41,482:WARNING:C:\Users\ugrys\AppData\Roaming\Python\Python310\site-packages\sklearn\metrics\_classification.py:1509: UndefinedMetricWarning: F-score is ill-defined and being set to 0.0 in labels with no true nor predicted samples. Use `zero_division` parameter to control this behavior.
  _warn_prf(average, modifier, f"{metric.capitalize()} is", len(result))

2026-04-17 19:25:41,482:WARNING:C:\Users\ugrys\AppData\Roaming\Python\Python310\site-packages\sklearn\metrics\_classification.py:1561: UserWarning: Note that pos_label (set to 'Northern/Eastern Europe') is ignored when average != 'binary' (got 'weighted'). You may use labels=[pos_label] to specify a single positive class.
  warnings.warn(

2026-04-17 19:25:41,482:WARNING:C:\Users\ugrys\AppData\Roaming\Python\Python310\site-packages\sklearn\metrics\_classification.py:1509: UndefinedMetricWarning: Recall is ill-defined and being set to 0.0 in labels with no true samples. Use `zero_division` parameter to control this behavior.
  _warn_prf(average, modifier, f"{metric.capitalize()} is", len(result))

2026-04-17 19:25:41,484:WARNING:C:\Users\ugrys\AppData\Roaming\Python\Python310\site-packages\sklearn\metrics\_classification.py:1509: UndefinedMetricWarning: Recall is ill-defined and being set to 0.0 in labels with no true samples. Use `zero_division` parameter to control this behavior.
  _warn_prf(average, modifier, f"{metric.capitalize()} is", len(result))

lt))

2026-04-17 19:25:41,486:WARNING:C:\Users\ugrys\AppData\Roaming\Python\Python310\site-packages\sklearn\metrics\_classification.py:1561: UserWarning: Note that pos_label (set to 'Northern/Eastern Europe') is ignored when average != 'binary' (got 'weighted'). You may use labels=[pos_label] to specify a single positive class.
  warnings.warn(

2026-04-17 19:25:41,486:WARNING:C:\Users\ugrys\AppData\Roaming\Python\Python310\site-packages\sklearn\metrics\_classification.py:1561: UserWarning: Note that pos_label (set to 'Northern/Eastern Europe') is ignored when average != 'binary' (got 'weighted'). You may use labels=[pos_label] to specify a single positive class.
  warnings.warn(

2026-04-17 19:25:41,486:WARNING:C:\Users\ugrys\AppData\Roaming\Python\Python310\site-packages\sklearn\metrics\_classification.py:1509: UndefinedMetricWarning: Precision is ill-defined and being set to 0.0 in labels with no predicted samples. Use `zero_division` parameter to control this behavior.
  _warn_prf(average, modifier, f"{metric.capitalize()} is", len(result))

2026-04-17 19:25:41,489:WARNING:C:\Users\ugrys\AppData\Roaming\Python\Python310\site-packages\sklearn\metrics\_classification.py:1509: UndefinedMetricWarning: Precision is ill-defined and being set to 0.0 in labels with no predicted samples. Use `zero_division` parameter to control this behavior.
  _warn_prf(average, modifier, f"{metric.capitalize()} is", len(result))

2026-04-17 19:25:41,489:WARNING:C:\Users\ugrys\AppData\Roaming\Python\Python310\site-packages\sklearn\metrics\_classification.py:1561: UserWarning: Note that pos_label (set to 'Northern/Eastern Europe') is ignored when average != 'binary' (got 'weighted'). You may use labels=[pos_label] to specify a single positive class.
  warnings.warn(

2026-04-17 19:25:41,492:WARNING:C:\Users\ugrys\AppData\Roaming\Python\Python310\site-packages\sklearn\metrics\_classification.py:1561: UserWarning: Note that pos_label (set to 'Northern/Eastern Europe') is ignored when average != 'binary' (got 'weighted'). You may use labels=[pos_label] to specify a single positive class.
  warnings.warn(

2026-04-17 19:25:41,492:WARNING:C:\Users\ugrys\AppData\Roaming\Python\Python310\site-packages\sklearn\metrics\_classification.py:1509: UndefinedMetricWarning: F-score is ill-defined and being set to 0.0 in labels with no true nor predicted samples. Use `zero_division` parameter to control this behavior.
  _warn_prf(average, modifier, f"{metric.capitalize()} is", len(result))

2026-04-17 19:25:41,493:WARNING:C:\Users\ugrys\AppData\Roaming\Python\Python310\site-packages\sklearn\metrics\_classification.py:1561: UserWarning: Note that pos_label (set to 'Northern/Eastern Europe') is ignored when average != 'binary' (got 'weighted'). You may use labels=[pos_label] to specify a single positive class.
  warnings.warn(

2026-04-17 19:25:41,494:WARNING:C:\Users\ugrys\AppData\Roaming\Python\Python310\site-packages\sklearn\metrics\_classification.py:1561: UserWarning: Note that pos_label (set to 'Northern/Eastern Europe') is ignored when average != 'binary' (got 'weighted'). You may use labels=[pos_label] to specify a single positive class.
  warnings.warn(

2026-04-17 19:25:41,495:WARNING:C:\Users\ugrys\AppData\Roaming\Python\Python310\site-packages\sklearn\metrics\_classification.py:1509: UndefinedMetricWarning: F-score is ill-defined and being set to 0.0 in labels with no true nor predicted samples. Use `zero_division` parameter to control this behavior.
  _warn_prf(average, modifier, f"{metric.capitalize()} is", len(result))

2026-04-17 19:25:41,495:WARNING:C:\Users\ugrys\AppData\Roaming\Python\Python310\site-packages\sklearn\metrics\_classification.py:1509: UndefinedMetricWarning: F-score is ill-defined and being set to 0.0 in labels with no true nor predicted samples. Use `zero_division` parameter to control this behavior.
  _warn_prf(average, modifier, f"{metric.capitalize()} is", len(result))

2026-04-17 19:25:41,498:WARNING:C:\Users\ugrys\AppData\Roaming\Python\Python310\site-packages\sklearn\metrics\_classification.py:1561: UserWarning: Note that pos_label (set to 'Northern/Eastern Europe') is ignored when average != 'binary' (got 'weighted'). You may use labels=[pos_label] to specify a single positive class.
  warnings.warn(

2026-04-17 19:25:41,501:WARNING:C:\Users\ugrys\AppData\Roaming\Python\Python310\site-packages\sklearn\metrics\_classification.py:1509: UndefinedMetricWarning: Precision is ill-defined and being set to 0.0 in labels with no predicted samples. Use `zero_division` parameter to control this behavior.
  _warn_prf(average, modifier, f"{metric.capitalize()} is", len(result))

2026-04-17 19:25:41,503:WARNING:C:\Users\ugrys\AppData\Roaming\Python\Python310\site-packages\sklearn\metrics\_classification.py:1561: UserWarning: Note that pos_label (set to 'Northern/Eastern Europe') is ignored when average != 'binary' (got 'weighted'). You may use labels=[pos_label] to specify a single positive class.
  warnings.warn(

2026-04-17 19:25:41,513:INFO:Calculating mean and std
2026-04-17 19:25:41,530:INFO:Creating metrics dataframe
2026-04-17 19:25:41,544:INFO:Uploading results into container
2026-04-17 19:25:41,549:INFO:Uploading model into container now
2026-04-17 19:25:41,549:INFO:_master_model_container: 4
2026-04-17 19:25:41,549:INFO:_display_container: 2
2026-04-17 19:25:41,553:INFO:KNeighborsClassifier(algorithm='auto', leaf_size=30, metric='minkowski',
                     metric_params=None, n_jobs=-1, n_neighbors=5, p=2,
                     weights='uniform')
2026-04-17 19:25:41,553:INFO:create_model() successfully completed......................................
2026-04-17 19:25:41,765:INFO:SubProcess create_model() end ==================================
2026-04-17 19:25:41,765:INFO:Creating metrics dataframe
2026-04-17 19:25:41,765:INFO:Initializing Naive Bayes
2026-04-17 19:25:41,769:INFO:Total runtime is 0.059766693909962976 minutes
2026-04-17 19:25:41,769:INFO:SubProcess create_model() called ==================================
2026-04-17 19:25:41,769:INFO:Initializing create_model()
2026-04-17 19:25:41,769:INFO:create_model(self=<pycaret.classification.oop.ClassificationExperiment object at 0x000002283C1AB370>, estimator=nb, fold=StratifiedKFold(n_splits=10, random_state=None, shuffle=False), round=4, cross_validation=True, predict=True, fit_kwargs={}, groups=None, refit=False, probability_threshold=None, experiment_custom_tags=None, verbose=False, system=False, add_to_model_list=True, metrics=None, display=<pycaret.internal.display.display.CommonDisplay object at 0x0000022835FCE920>, model_only=True, return_train_score=False, error_score=0.0, kwargs={})
2026-04-17 19:25:41,770:INFO:Checking exceptions
2026-04-17 19:25:41,770:INFO:Importing libraries
2026-04-17 19:25:41,770:INFO:Copying training dataset
2026-04-17 19:25:41,776:INFO:Defining folds
2026-04-17 19:25:41,776:INFO:Declaring metric variables
2026-04-17 19:25:41,776:INFO:Importing untrained model
2026-04-17 19:25:41,776:INFO:Naive Bayes Imported successfully
2026-04-17 19:25:41,776:INFO:Starting cross validation
2026-04-17 19:25:41,776:INFO:Cross validating with StratifiedKFold(n_splits=10, random_state=None, shuffle=False), n_jobs=-1
2026-04-17 19:25:41,782:WARNING:C:\Users\ugrys\AppData\Roaming\Python\Python310\site-packages\sklearn\model_selection\_split.py:737: UserWarning: The least populated class in y has only 2 members, which is less than n_splits=10.
  warnings.warn(

2026-04-17 19:25:42,095:WARNING:C:\Users\ugrys\AppData\Roaming\Python\Python310\site-packages\pycaret\internal\metrics.py:204: FitFailedWarning: Metric 'make_scorer(roc_auc_score, response_method=('decision_function', 'predict_proba'), average=weighted, multi_class=ovr)' failed and error score 0.0 has been returned instead. If this is a custom metric, this usually means that the error is in the metric code. Full exception below:
Traceback (most recent call last):
  File "C:\Users\ugrys\AppData\Roaming\Python\Python310\site-packages\pycaret\internal\metrics.py", line 196, in _score
    return super()._score(
  File "C:\Users\ugrys\AppData\Roaming\Python\Python310\site-packages\sklearn\metrics\_scorer.py", line 350, in _score
    return self._sign * self._score_func(y_true, y_pred, **scoring_kwargs)
  File "C:\Users\ugrys\AppData\Roaming\Python\Python310\site-packages\pycaret\internal\metrics.py", line 144, in __call__
    return self.score_func(y_true, y_pred, **kwargs)
  File "C:\Users\ugrys\AppData\Roaming\Python\Python310\site-packages\sklearn\utils\_param_validation.py", line 213, in wrapper
    return func(*args, **kwargs)
  File "C:\Users\ugrys\AppData\Roaming\Python\Python310\site-packages\sklearn\metrics\_ranking.py", line 634, in roc_auc_score
    return _multiclass_roc_auc_score(
  File "C:\Users\ugrys\AppData\Roaming\Python\Python310\site-packages\sklearn\metrics\_ranking.py", line 751, in _multiclass_roc_auc_score
    raise ValueError(
ValueError: Number of classes in y_true not equal to the number of columns in 'y_score'

  warnings.warn(

2026-04-17 19:25:42,101:WARNING:C:\Users\ugrys\AppData\Roaming\Python\Python310\site-packages\sklearn\metrics\_classification.py:1561: UserWarning: Note that pos_label (set to 'Northern/Eastern Europe') is ignored when average != 'binary' (got 'weighted'). You may use labels=[pos_label] to specify a single positive class.
  warnings.warn(

2026-04-17 19:25:42,107:WARNING:C:\Users\ugrys\AppData\Roaming\Python\Python310\site-packages\sklearn\metrics\_classification.py:1509: UndefinedMetricWarning: Recall is ill-defined and being set to 0.0 in labels with no true samples. Use `zero_division` parameter to control this behavior.
  _warn_prf(average, modifier, f"{metric.capitalize()} is", len(result))

2026-04-17 19:25:42,109:WARNING:C:\Users\ugrys\AppData\Roaming\Python\Python310\site-packages\pycaret\internal\metrics.py:204: FitFailedWarning: Metric 'make_scorer(roc_auc_score, response_method=('decision_function', 'predict_proba'), average=weighted, multi_class=ovr)' failed and error score 0.0 has been returned instead. If this is a custom metric, this usually means that the error is in the metric code. Full exception below:
Traceback (most recent call last):
  File "C:\Users\ugrys\AppData\Roaming\Python\Python310\site-packages\pycaret\internal\metrics.py", line 196, in _score
    return super()._score(
  File "C:\Users\ugrys\AppData\Roaming\Python\Python310\site-packages\sklearn\metrics\_scorer.py", line 350, in _score
    return self._sign * self._score_func(y_true, y_pred, **scoring_kwargs)
  File "C:\Users\ugrys\AppData\Roaming\Python\Python310\site-packages\pycaret\internal\metrics.py", line 144, in __call__
    return self.score_func(y_true, y_pred, **kwargs)
  File "C:\Users\ugrys\AppData\Roaming\Python\Python310\site-packages\sklearn\utils\_param_validation.py", line 213, in wrapper
    return func(*args, **kwargs)
  File "C:\Users\ugrys\AppData\Roaming\Python\Python310\site-packages\sklearn\metrics\_ranking.py", line 634, in roc_auc_score
    return _multiclass_roc_auc_score(
  File "C:\Users\ugrys\AppData\Roaming\Python\Python310\site-packages\sklearn\metrics\_ranking.py", line 751, in _multiclass_roc_auc_score
    raise ValueError(
ValueError: Number of classes in y_true not equal to the number of columns in 'y_score'

  warnings.warn(

2026-04-17 19:25:42,111:WARNING:C:\Users\ugrys\AppData\Roaming\Python\Python310\site-packages\sklearn\metrics\_classification.py:1561: UserWarning: Note that pos_label (set to 'Northern/Eastern Europe') is ignored when average != 'binary' (got 'weighted'). You may use labels=[pos_label] to specify a single positive class.
  warnings.warn(

2026-04-17 19:25:42,113:WARNING:C:\Users\ugrys\AppData\Roaming\Python\Python310\site-packages\sklearn\metrics\_classification.py:1509: UndefinedMetricWarning: Precision is ill-defined and being set to 0.0 in labels with no predicted samples. Use `zero_division` parameter to control this behavior.
  _warn_prf(average, modifier, f"{metric.capitalize()} is", len(result))

2026-04-17 19:25:42,115:WARNING:C:\Users\ugrys\AppData\Roaming\Python\Python310\site-packages\sklearn\metrics\_classification.py:1561: UserWarning: Note that pos_label (set to 'Northern/Eastern Europe') is ignored when average != 'binary' (got 'weighted'). You may use labels=[pos_label] to specify a single positive class.
  warnings.warn(

2026-04-17 19:25:42,118:WARNING:C:\Users\ugrys\AppData\Roaming\Python\Python310\site-packages\sklearn\metrics\_classification.py:1561: UserWarning: Note that pos_label (set to 'Northern/Eastern Europe') is ignored when average != 'binary' (got 'weighted'). You may use labels=[pos_label] to specify a single positive class.
  warnings.warn(

2026-04-17 19:25:42,120:WARNING:C:\Users\ugrys\AppData\Roaming\Python\Python310\site-packages\sklearn\metrics\_classification.py:1509: UndefinedMetricWarning: Recall is ill-defined and being set to 0.0 in labels with no true samples. Use `zero_division` parameter to control this behavior.
  _warn_prf(average, modifier, f"{metric.capitalize()} is", len(result))

2026-04-17 19:25:42,124:WARNING:C:\Users\ugrys\AppData\Roaming\Python\Python310\site-packages\sklearn\metrics\_classification.py:1509: UndefinedMetricWarning: F-score is ill-defined and being set to 0.0 in labels with no true nor predicted samples. Use `zero_division` parameter to control this behavior.
  _warn_prf(average, modifier, f"{metric.capitalize()} is", len(result))

2026-04-17 19:25:42,126:WARNING:C:\Users\ugrys\AppData\Roaming\Python\Python310\site-packages\pycaret\internal\metrics.py:204: FitFailedWarning: Metric 'make_scorer(roc_auc_score, response_method=('decision_function', 'predict_proba'), average=weighted, multi_class=ovr)' failed and error score 0.0 has been returned instead. If this is a custom metric, this usually means that the error is in the metric code. Full exception below:
Traceback (most recent call last):
  File "C:\Users\ugrys\AppData\Roaming\Python\Python310\site-packages\pycaret\internal\metrics.py", line 196, in _score
    return super()._score(
  File "C:\Users\ugrys\AppData\Roaming\Python\Python310\site-packages\sklearn\metrics\_scorer.py", line 350, in _score
    return self._sign * self._score_func(y_true, y_pred, **scoring_kwargs)
  File "C:\Users\ugrys\AppData\Roaming\Python\Python310\site-packages\pycaret\internal\metrics.py", line 144, in __call__
    return self.score_func(y_true, y_pred, **kwargs)
  File "C:\Users\ugrys\AppData\Roaming\Python\Python310\site-packages\sklearn\utils\_param_validation.py", line 213, in wrapper
    return func(*args, **kwargs)
  File "C:\Users\ugrys\AppData\Roaming\Python\Python310\site-packages\sklearn\metrics\_ranking.py", line 634, in roc_auc_score
    return _multiclass_roc_auc_score(
  File "C:\Users\ugrys\AppData\Roaming\Python\Python310\site-packages\sklearn\metrics\_ranking.py", line 751, in _multiclass_roc_auc_score
    raise ValueError(
ValueError: Number of classes in y_true not equal to the number of columns in 'y_score'

  warnings.warn(

2026-04-17 19:25:42,126:WARNING:C:\Users\ugrys\AppData\Roaming\Python\Python310\site-packages\sklearn\metrics\_classification.py:1561: UserWarning: Note that pos_label (set to 'Northern/Eastern Europe') is ignored when average != 'binary' (got 'weighted'). You may use labels=[pos_label] to specify a single positive class.
  warnings.warn(

2026-04-17 19:25:42,126:WARNING:C:\Users\ugrys\AppData\Roaming\Python\Python310\site-packages\sklearn\metrics\_classification.py:1561: UserWarning: Note that pos_label (set to 'Northern/Eastern Europe') is ignored when average != 'binary' (got 'weighted'). You may use labels=[pos_label] to specify a single positive class.
  warnings.warn(

2026-04-17 19:25:42,127:WARNING:C:\Users\ugrys\AppData\Roaming\Python\Python310\site-packages\sklearn\metrics\_classification.py:1509: UndefinedMetricWarning: Precision is ill-defined and being set to 0.0 in labels with no predicted samples. Use `zero_division` parameter to control this behavior.
  _warn_prf(average, modifier, f"{metric.capitalize()} is", len(result))

2026-04-17 19:25:42,129:WARNING:C:\Users\ugrys\AppData\Roaming\Python\Python310\site-packages\pycaret\internal\metrics.py:204: FitFailedWarning: Metric 'make_scorer(roc_auc_score, response_method=('decision_function', 'predict_proba'), average=weighted, multi_class=ovr)' failed and error score 0.0 has been returned instead. If this is a custom metric, this usually means that the error is in the metric code. Full exception below:
Traceback (most recent call last):
  File "C:\Users\ugrys\AppData\Roaming\Python\Python310\site-packages\pycaret\internal\metrics.py", line 196, in _score
    return super()._score(
  File "C:\Users\ugrys\AppData\Roaming\Python\Python310\site-packages\sklearn\metrics\_scorer.py", line 350, in _score
    return self._sign * self._score_func(y_true, y_pred, **scoring_kwargs)
  File "C:\Users\ugrys\AppData\Roaming\Python\Python310\site-packages\pycaret\internal\metrics.py", line 144, in __call__
    return self.score_func(y_true, y_pred, **kwargs)
  File "C:\Users\ugrys\AppData\Roaming\Python\Python310\site-packages\sklearn\utils\_param_validation.py", line 213, in wrapper
    return func(*args, **kwargs)
  File "C:\Users\ugrys\AppData\Roaming\Python\Python310\site-packages\sklearn\metrics\_ranking.py", line 634, in roc_auc_score
    return _multiclass_roc_auc_score(
  File "C:\Users\ugrys\AppData\Roaming\Python\Python310\site-packages\sklearn\metrics\_ranking.py", line 751, in _multiclass_roc_auc_score
    raise ValueError(
ValueError: Number of classes in y_true not equal to the number of columns in 'y_score'

  warnings.warn(

2026-04-17 19:25:42,131:WARNING:C:\Users\ugrys\AppData\Roaming\Python\Python310\site-packages\sklearn\metrics\_classification.py:1561: UserWarning: Note that pos_label (set to 'Northern/Eastern Europe') is ignored when average != 'binary' (got 'weighted'). You may use labels=[pos_label] to specify a single positive class.
  warnings.warn(

2026-04-17 19:25:42,131:WARNING:C:\Users\ugrys\AppData\Roaming\Python\Python310\site-packages\sklearn\metrics\_classification.py:1561: UserWarning: Note that pos_label (set to 'Northern/Eastern Europe') is ignored when average != 'binary' (got 'weighted'). You may use labels=[pos_label] to specify a single positive class.
  warnings.warn(

2026-04-17 19:25:42,131:WARNING:C:\Users\ugrys\AppData\Roaming\Python\Python310\site-packages\sklearn\metrics\_classification.py:1561: UserWarning: Note that pos_label (set to 'Northern/Eastern Europe') is ignored when average != 'binary' (got 'weighted'). You may use labels=[pos_label] to specify a single positive class.
  warnings.warn(

2026-04-17 19:25:42,131:WARNING:C:\Users\ugrys\AppData\Roaming\Python\Python310\site-packages\pycaret\internal\metrics.py:204: FitFailedWarning: Metric 'make_scorer(roc_auc_score, response_method=('decision_function', 'predict_proba'), average=weighted, multi_class=ovr)' failed and error score 0.0 has been returned instead. If this is a custom metric, this usually means that the error is in the metric code. Full exception below:
Traceback (most recent call last):
  File "C:\Users\ugrys\AppData\Roaming\Python\Python310\site-packages\pycaret\internal\metrics.py", line 196, in _score
    return super()._score(
  File "C:\Users\ugrys\AppData\Roaming\Python\Python310\site-packages\sklearn\metrics\_scorer.py", line 350, in _score
    return self._sign * self._score_func(y_true, y_pred, **scoring_kwargs)
  File "C:\Users\ugrys\AppData\Roaming\Python\Python310\site-packages\pycaret\internal\metrics.py", line 144, in __call__
    return self.score_func(y_true, y_pred, **kwargs)
  File "C:\Users\ugrys\AppData\Roaming\Python\Python310\site-packages\sklearn\utils\_param_validation.py", line 213, in wrapper
    return func(*args, **kwargs)
  File "C:\Users\ugrys\AppData\Roaming\Python\Python310\site-packages\sklearn\metrics\_ranking.py", line 634, in roc_auc_score
    return _multiclass_roc_auc_score(
  File "C:\Users\ugrys\AppData\Roaming\Python\Python310\site-packages\sklearn\metrics\_ranking.py", line 751, in _multiclass_roc_auc_score
    raise ValueError(
ValueError: Number of classes in y_true not equal to the number of columns in 'y_score'

  warnings.warn(

2026-04-17 19:25:42,131:WARNING:C:\Users\ugrys\AppData\Roaming\Python\Python310\site-packages\sklearn\metrics\_classification.py:1509: UndefinedMetricWarning: Recall is ill-defined and being set to 0.0 in labels with no true samples. Use `zero_division` parameter to control this behavior.
  _warn_prf(average, modifier, f"{metric.capitalize()} is", len(result))

2026-04-17 19:25:42,131:WARNING:C:\Users\ugrys\AppData\Roaming\Python\Python310\site-packages\sklearn\metrics\_classification.py:1561: UserWarning: Note that pos_label (set to 'Northern/Eastern Europe') is ignored when average != 'binary' (got 'weighted'). You may use labels=[pos_label] to specify a single positive class.
  warnings.warn(

2026-04-17 19:25:42,135:WARNING:C:\Users\ugrys\AppData\Roaming\Python\Python310\site-packages\sklearn\metrics\_classification.py:1561: UserWarning: Note that pos_label (set to 'Northern/Eastern Europe') is ignored when average != 'binary' (got 'weighted'). You may use labels=[pos_label] to specify a single positive class.
  warnings.warn(

2026-04-17 19:25:42,136:WARNING:C:\Users\ugrys\AppData\Roaming\Python\Python310\site-packages\sklearn\metrics\_classification.py:1509: UndefinedMetricWarning: Recall is ill-defined and being set to 0.0 in labels with no true samples. Use `zero_division` parameter to control this behavior.
  _warn_prf(average, modifier, f"{metric.capitalize()} is", len(result))

2026-04-17 19:25:42,136:WARNING:C:\Users\ugrys\AppData\Roaming\Python\Python310\site-packages\sklearn\metrics\_classification.py:1509: UndefinedMetricWarning: Precision is ill-defined and being set to 0.0 in labels with no predicted samples. Use `zero_division` parameter to control this behavior.
  _warn_prf(average, modifier, f"{metric.capitalize()} is", len(result))

2026-04-17 19:25:42,138:WARNING:C:\Users\ugrys\AppData\Roaming\Python\Python310\site-packages\sklearn\metrics\_classification.py:1561: UserWarning: Note that pos_label (set to 'Northern/Eastern Europe') is ignored when average != 'binary' (got 'weighted'). You may use labels=[pos_label] to specify a single positive class.
  warnings.warn(

2026-04-17 19:25:42,138:WARNING:C:\Users\ugrys\AppData\Roaming\Python\Python310\site-packages\sklearn\metrics\_classification.py:1509: UndefinedMetricWarning: F-score is ill-defined and being set to 0.0 in labels with no true nor predicted samples. Use `zero_division` parameter to control this behavior.
  _warn_prf(average, modifier, f"{metric.capitalize()} is", len(result))

2026-04-17 19:25:42,138:WARNING:C:\Users\ugrys\AppData\Roaming\Python\Python310\site-packages\sklearn\metrics\_classification.py:1561: UserWarning: Note that pos_label (set to 'Northern/Eastern Europe') is ignored when average != 'binary' (got 'weighted'). You may use labels=[pos_label] to specify a single positive class.
  warnings.warn(

2026-04-17 19:25:42,138:WARNING:C:\Users\ugrys\AppData\Roaming\Python\Python310\site-packages\pycaret\internal\metrics.py:204: FitFailedWarning: Metric 'make_scorer(roc_auc_score, response_method=('decision_function', 'predict_proba'), average=weighted, multi_class=ovr)' failed and error score 0.0 has been returned instead. If this is a custom metric, this usually means that the error is in the metric code. Full exception below:
Traceback (most recent call last):
  File "C:\Users\ugrys\AppData\Roaming\Python\Python310\site-packages\pycaret\internal\metrics.py", line 196, in _score
    return super()._score(
  File "C:\Users\ugrys\AppData\Roaming\Python\Python310\site-packages\sklearn\metrics\_scorer.py", line 350, in _score
    return self._sign * self._score_func(y_true, y_pred, **scoring_kwargs)
  File "C:\Users\ugrys\AppData\Roaming\Python\Python310\site-packages\pycaret\internal\metrics.py", line 144, in __call__
    return self.score_func(y_true, y_pred, **kwargs)
  File "C:\Users\ugrys\AppData\Roaming\Python\Python310\site-packages\sklearn\utils\_param_validation.py", line 213, in wrapper
    return func(*args, **kwargs)
  File "C:\Users\ugrys\AppData\Roaming\Python\Python310\site-packages\sklearn\metrics\_ranking.py", line 634, in roc_auc_score
    return _multiclass_roc_auc_score(
  File "C:\Users\ugrys\AppData\Roaming\Python\Python310\site-packages\sklearn\metrics\_ranking.py", line 751, in _multiclass_roc_auc_score
    raise ValueError(
ValueError: Number of classes in y_true not equal to the number of columns in 'y_score'

  warnings.warn(

2026-04-17 19:25:42,140:WARNING:C:\Users\ugrys\AppData\Roaming\Python\Python310\site-packages\pycaret\internal\metrics.py:204: FitFailedWarning: Metric 'make_scorer(roc_auc_score, response_method=('decision_function', 'predict_proba'), average=weighted, multi_class=ovr)' failed and error score 0.0 has been returned instead. If this is a custom metric, this usually means that the error is in the metric code. Full exception below:
Traceback (most recent call last):
  File "C:\Users\ugrys\AppData\Roaming\Python\Python310\site-packages\pycaret\internal\metrics.py", line 196, in _score
    return super()._score(
  File "C:\Users\ugrys\AppData\Roaming\Python\Python310\site-packages\sklearn\metrics\_scorer.py", line 350, in _score
    return self._sign * self._score_func(y_true, y_pred, **scoring_kwargs)
  File "C:\Users\ugrys\AppData\Roaming\Python\Python310\site-packages\pycaret\internal\metrics.py", line 144, in __call__
    return self.score_func(y_true, y_pred, **kwargs)
  File "C:\Users\ugrys\AppData\Roaming\Python\Python310\site-packages\sklearn\utils\_param_validation.py", line 213, in wrapper
    return func(*args, **kwargs)
  File "C:\Users\ugrys\AppData\Roaming\Python\Python310\site-packages\sklearn\metrics\_ranking.py", line 634, in roc_auc_score
    return _multiclass_roc_auc_score(
  File "C:\Users\ugrys\AppData\Roaming\Python\Python310\site-packages\sklearn\metrics\_ranking.py", line 751, in _multiclass_roc_auc_score
    raise ValueError(
ValueError: Number of classes in y_true not equal to the number of columns in 'y_score'

  warnings.warn(

2026-04-17 19:25:42,136:WARNING:C:\Users\ugrys\AppData\Roaming\Python\Python310\site-packages\sklearn\metrics\_classification.py:1509: UndefinedMetricWarning: Recall is ill-defined and being set to 0.0 in labels with no true samples. Use `zero_division` parameter to control this behavior.
  _warn_prf(average, modifier, f"{metric.capitalize()} is", len(result))

2026-04-17 19:25:42,140:WARNING:C:\Users\ugrys\AppData\Roaming\Python\Python310\site-packages\sklearn\metrics\_classification.py:1561: UserWarning: Note that pos_label (set to 'Northern/Eastern Europe') is ignored when average != 'binary' (got 'weighted'). You may use labels=[pos_label] to specify a single positive class.
  warnings.warn(

2026-04-17 19:25:42,140:WARNING:C:\Users\ugrys\AppData\Roaming\Python\Python310\site-packages\sklearn\metrics\_classification.py:1561: UserWarning: Note that pos_label (set to 'Northern/Eastern Europe') is ignored when average != 'binary' (got 'weighted'). You may use labels=[pos_label] to specify a single positive class.
  warnings.warn(

2026-04-17 19:25:42,142:WARNING:C:\Users\ugrys\AppData\Roaming\Python\Python310\site-packages\sklearn\metrics\_classification.py:1561: UserWarning: Note that pos_label (set to 'Northern/Eastern Europe') is ignored when average != 'binary' (got 'weighted'). You may use labels=[pos_label] to specify a single positive class.
  warnings.warn(

alize()} is", len(result))

2026-04-17 19:25:42,144:WARNING:C:\Users\ugrys\AppData\Roaming\Python\Python310\site-packages\sklearn\metrics\_classification.py:1509: UndefinedMetricWarning: Recall is ill-defined and being set to 0.0 in labels with no true samples. Use `zero_division` parameter to control this behavior.
  _warn_prf(average, modifier, f"{metric.capitalize()} is", len(result))

2026-04-17 19:25:42,145:WARNING:C:\Users\ugrys\AppData\Roaming\Python\Python310\site-packages\sklearn\metrics\_classification.py:1561: UserWarning: Note that pos_label (set to 'Northern/Eastern Europe') is ignored when average != 'binary' (got 'weighted'). You may use labels=[pos_label] to specify a single positive class.
  warnings.warn(

2026-04-17 19:25:42,145:WARNING:C:\Users\ugrys\AppData\Roaming\Python\Python310\site-packages\sklearn\metrics\_classification.py:1561: UserWarning: Note that pos_label (set to 'Northern/Eastern Europe') is ignored when average != 'binary' (got 'weighted'). You may use labels=[pos_label] to specify a single positive class.
  warnings.warn(

2026-04-17 19:25:42,145:WARNING:C:\Users\ugrys\AppData\Roaming\Python\Python310\site-packages\sklearn\metrics\_classification.py:1509: UndefinedMetricWarning: Precision is ill-defined and being set to 0.0 in labels with no predicted samples. Use `zero_division` parameter to control this behavior.
  _warn_prf(average, modifier, f"{metric.capitalize()} is", len(result))

2026-04-17 19:25:42,145:WARNING:C:\Users\ugrys\AppData\Roaming\Python\Python310\site-packages\sklearn\metrics\_classification.py:1509: UndefinedMetricWarning: Recall is ill-defined and being set to 0.0 in labels with no true samples. Use `zero_division` parameter to control this behavior.
  _warn_prf(average, modifier, f"{metric.capitalize()} is", len(result))

2026-04-17 19:25:42,145:WARNING:C:\Users\ugrys\AppData\Roaming\Python\Python310\site-packages\sklearn\metrics\_classification.py:1509: UndefinedMetricWarning: Precision is ill-defined and being set to 0.0 in labels with no predicted samples. Use `zero_division` parameter to control this behavior.
  _warn_prf(average, modifier, f"{metric.capitalize()} is", len(result))

2026-04-17 19:25:42,147:WARNING:C:\Users\ugrys\AppData\Roaming\Python\Python310\site-packages\sklearn\metrics\_classification.py:1561: UserWarning: Note that pos_label (set to 'Northern/Eastern Europe') is ignored when average != 'binary' (got 'weighted'). You may use labels=[pos_label] to specify a single positive class.
  warnings.warn(

2026-04-17 19:25:42,147:WARNING:C:\Users\ugrys\AppData\Roaming\Python\Python310\site-packages\sklearn\metrics\_classification.py:1561: UserWarning: Note that pos_label (set to 'Northern/Eastern Europe') is ignored when average != 'binary' (got 'weighted'). You may use labels=[pos_label] to specify a single positive class.
  warnings.warn(

2026-04-17 19:25:42,145:WARNING:C:\Users\ugrys\AppData\Roaming\Python\Python310\site-packages\sklearn\metrics\_classification.py:1509: UndefinedMetricWarning: Recall is ill-defined and being set to 0.0 in labels with no true samples. Use `zero_division` parameter to control this behavior.
  _warn_prf(average, modifier, f"{metric.capitalize()} is", len(result))

2026-04-17 19:25:42,149:WARNING:C:\Users\ugrys\AppData\Roaming\Python\Python310\site-packages\sklearn\metrics\_classification.py:1509: UndefinedMetricWarning: F-score is ill-defined and being set to 0.0 in labels with no true nor predicted samples. Use `zero_division` parameter to control this behavior.
  _warn_prf(average, modifier, f"{metric.capitalize()} is", len(result))

2026-04-17 19:25:42,149:WARNING:C:\Users\ugrys\AppData\Roaming\Python\Python310\site-packages\sklearn\metrics\_classification.py:1561: UserWarning: Note that pos_label (set to 'Northern/Eastern Europe') is ignored when average != 'binary' (got 'weighted'). You may use labels=[pos_label] to specify a single positive class.
  warnings.warn(

2026-04-17 19:25:42,151:WARNING:C:\Users\ugrys\AppData\Roaming\Python\Python310\site-packages\sklearn\metrics\_classification.py:1561: UserWarning: Note that pos_label (set to 'Northern/Eastern Europe') is ignored when average != 'binary' (got 'weighted'). You may use labels=[pos_label] to specify a single positive class.
  warnings.warn(

2026-04-17 19:25:42,147:WARNING:C:\Users\ugrys\AppData\Roaming\Python\Python310\site-packages\sklearn\metrics\_classification.py:1561: UserWarning: Note that pos_label (set to 'Northern/Eastern Europe') is ignored when average != 'binary' (got 'weighted'). You may use labels=[pos_label] to specify a single positive class.
  warnings.warn(

2026-04-17 19:25:42,152:WARNING:C:\Users\ugrys\AppData\Roaming\Python\Python310\site-packages\sklearn\metrics\_classification.py:1509: UndefinedMetricWarning: Precision is ill-defined and being set to 0.0 in labels with no predicted samples. Use `zero_division` parameter to control this behavior.
  _warn_prf(average, modifier, f"{metric.capitalize()} is", len(result))

2026-04-17 19:25:42,152:WARNING:C:\Users\ugrys\AppData\Roaming\Python\Python310\site-packages\sklearn\metrics\_classification.py:1561: UserWarning: Note that pos_label (set to 'Northern/Eastern Europe') is ignored when average != 'binary' (got 'weighted'). You may use labels=[pos_label] to specify a single positive class.
  warnings.warn(

2026-04-17 19:25:42,152:WARNING:C:\Users\ugrys\AppData\Roaming\Python\Python310\site-packages\sklearn\metrics\_classification.py:1509: UndefinedMetricWarning: F-score is ill-defined and being set to 0.0 in labels with no true nor predicted samples. Use `zero_division` parameter to control this behavior.
  _warn_prf(average, modifier, f"{metric.capitalize()} is", len(result))

2026-04-17 19:25:42,151:WARNING:C:\Users\ugrys\AppData\Roaming\Python\Python310\site-packages\sklearn\metrics\_classification.py:1561: UserWarning: Note that pos_label (set to 'Northern/Eastern Europe') is ignored when average != 'binary' (got 'weighted'). You may use labels=[pos_label] to specify a single positive class.
  warnings.warn(

2026-04-17 19:25:42,154:WARNING:C:\Users\ugrys\AppData\Roaming\Python\Python310\site-packages\sklearn\metrics\_classification.py:1509: UndefinedMetricWarning: F-score is ill-defined and being set to 0.0 in labels with no true nor predicted samples. Use `zero_division` parameter to control this behavior.
  _warn_prf(average, modifier, f"{metric.capitalize()} is", len(result))

2026-04-17 19:25:42,154:WARNING:C:\Users\ugrys\AppData\Roaming\Python\Python310\site-packages\sklearn\metrics\_classification.py:1561: UserWarning: Note that pos_label (set to 'Northern/Eastern Europe') is ignored when average != 'binary' (got 'weighted'). You may use labels=[pos_label] to specify a single positive class.
  warnings.warn(

2026-04-17 19:25:42,154:WARNING:C:\Users\ugrys\AppData\Roaming\Python\Python310\site-packages\sklearn\metrics\_classification.py:1509: UndefinedMetricWarning: Precision is ill-defined and being set to 0.0 in labels with no predicted samples. Use `zero_division` parameter to control this behavior.
  _warn_prf(average, modifier, f"{metric.capitalize()} is", len(result))

2026-04-17 19:25:42,154:WARNING:C:\Users\ugrys\AppData\Roaming\Python\Python310\site-packages\sklearn\metrics\_classification.py:1509: UndefinedMetricWarning: Precision is ill-defined and being set to 0.0 in labels with no predicted samples. Use `zero_division` parameter to control this behavior.
  _warn_prf(average, modifier, f"{metric.capitalize()} is", len(result))

2026-04-17 19:25:42,158:WARNING:C:\Users\ugrys\AppData\Roaming\Python\Python310\site-packages\sklearn\metrics\_classification.py:1509: UndefinedMetricWarning: F-score is ill-defined and being set to 0.0 in labels with no true nor predicted samples. Use `zero_division` parameter to control this behavior.
  _warn_prf(average, modifier, f"{metric.capitalize()} is", len(result))

2026-04-17 19:25:42,158:WARNING:C:\Users\ugrys\AppData\Roaming\Python\Python310\site-packages\sklearn\metrics\_classification.py:1561: UserWarning: Note that pos_label (set to 'Northern/Eastern Europe') is ignored when average != 'binary' (got 'weighted'). You may use labels=[pos_label] to specify a single positive class.
  warnings.warn(

2026-04-17 19:25:42,159:WARNING:C:\Users\ugrys\AppData\Roaming\Python\Python310\site-packages\sklearn\metrics\_classification.py:1561: UserWarning: Note that pos_label (set to 'Northern/Eastern Europe') is ignored when average != 'binary' (got 'weighted'). You may use labels=[pos_label] to specify a single positive class.
  warnings.warn(

2026-04-17 19:25:42,159:WARNING:C:\Users\ugrys\AppData\Roaming\Python\Python310\site-packages\sklearn\metrics\_classification.py:1509: UndefinedMetricWarning: F-score is ill-defined and being set to 0.0 in labels with no true nor predicted samples. Use `zero_division` parameter to control this behavior.
  _warn_prf(average, modifier, f"{metric.capitalize()} is", len(result))

2026-04-17 19:25:42,159:WARNING:C:\Users\ugrys\AppData\Roaming\Python\Python310\site-packages\sklearn\metrics\_classification.py:1509: UndefinedMetricWarning: F-score is ill-defined and being set to 0.0 in labels with no true nor predicted samples. Use `zero_division` parameter to control this behavior.
  _warn_prf(average, modifier, f"{metric.capitalize()} is", len(result))

2026-04-17 19:25:42,162:WARNING:C:\Users\ugrys\AppData\Roaming\Python\Python310\site-packages\sklearn\metrics\_classification.py:1509: UndefinedMetricWarning: Precision is ill-defined and being set to 0.0 in labels with no predicted samples. Use `zero_division` parameter to control this behavior.
  _warn_prf(average, modifier, f"{metric.capitalize()} is", len(result))

2026-04-17 19:25:42,164:WARNING:C:\Users\ugrys\AppData\Roaming\Python\Python310\site-packages\sklearn\metrics\_classification.py:1561: UserWarning: Note that pos_label (set to 'Northern/Eastern Europe') is ignored when average != 'binary' (got 'weighted'). You may use labels=[pos_label] to specify a single positive class.
  warnings.warn(

2026-04-17 19:25:42,173:INFO:Calculating mean and std
2026-04-17 19:25:42,173:INFO:Creating metrics dataframe
2026-04-17 19:25:42,173:INFO:Uploading results into container
2026-04-17 19:25:42,173:INFO:Uploading model into container now
2026-04-17 19:25:42,173:INFO:_master_model_container: 5
2026-04-17 19:25:42,173:INFO:_display_container: 2
2026-04-17 19:25:42,173:INFO:GaussianNB(priors=None, var_smoothing=1e-09)
2026-04-17 19:25:42,173:INFO:create_model() successfully completed......................................
2026-04-17 19:25:42,336:INFO:SubProcess create_model() end ==================================
2026-04-17 19:25:42,336:INFO:Creating metrics dataframe
2026-04-17 19:25:42,339:WARNING:C:\Users\ugrys\AppData\Roaming\Python\Python310\site-packages\pycaret\internal\pycaret_experiment\supervised_experiment.py:323: FutureWarning: Styler.applymap has been deprecated. Use Styler.map instead.
  master_display_.apply(

2026-04-17 19:25:42,339:INFO:Initializing create_model()
2026-04-17 19:25:42,339:INFO:create_model(self=<pycaret.classification.oop.ClassificationExperiment object at 0x000002283C1AB370>, estimator=LogisticRegression(C=1.0, class_weight=None, dual=False, fit_intercept=True,
                   intercept_scaling=1, l1_ratio=None, max_iter=1000,
                   multi_class='auto', n_jobs=None, penalty='l2',
                   random_state=42, solver='lbfgs', tol=0.0001, verbose=0,
                   warm_start=False), fold=StratifiedKFold(n_splits=10, random_state=None, shuffle=False), round=4, cross_validation=False, predict=False, fit_kwargs={}, groups=None, refit=True, probability_threshold=None, experiment_custom_tags=None, verbose=False, system=False, add_to_model_list=True, metrics=None, display=None, model_only=True, return_train_score=False, error_score=0.0, kwargs={})
2026-04-17 19:25:42,339:INFO:Checking exceptions
2026-04-17 19:25:42,339:INFO:Importing libraries
2026-04-17 19:25:42,339:INFO:Copying training dataset
2026-04-17 19:25:42,349:INFO:Defining folds
2026-04-17 19:25:42,349:INFO:Declaring metric variables
2026-04-17 19:25:42,349:INFO:Importing untrained model
2026-04-17 19:25:42,349:INFO:Declaring custom model
2026-04-17 19:25:42,351:INFO:Logistic Regression Imported successfully
2026-04-17 19:25:42,352:INFO:Cross validation set to False
2026-04-17 19:25:42,352:INFO:Fitting Model
2026-04-17 19:25:42,711:WARNING:C:\Users\ugrys\AppData\Roaming\Python\Python310\site-packages\sklearn\linear_model\_logistic.py:469: ConvergenceWarning: lbfgs failed to converge (status=1):
STOP: TOTAL NO. of ITERATIONS REACHED LIMIT.

Increase the number of iterations (max_iter) or scale the data as shown in:
    https://scikit-learn.org/stable/modules/preprocessing.html
Please also refer to the documentation for alternative solver options:
    https://scikit-learn.org/stable/modules/linear_model.html#logistic-regression
  n_iter_i = _check_optimize_result(

2026-04-17 19:25:42,711:INFO:LogisticRegression(C=1.0, class_weight=None, dual=False, fit_intercept=True,
                   intercept_scaling=1, l1_ratio=None, max_iter=1000,
                   multi_class='auto', n_jobs=None, penalty='l2',
                   random_state=42, solver='lbfgs', tol=0.0001, verbose=0,
                   warm_start=False)
2026-04-17 19:25:42,711:INFO:create_model() successfully completed......................................
2026-04-17 19:25:42,889:INFO:_master_model_container: 5
2026-04-17 19:25:42,889:INFO:_display_container: 2
2026-04-17 19:25:42,890:INFO:LogisticRegression(C=1.0, class_weight=None, dual=False, fit_intercept=True,
                   intercept_scaling=1, l1_ratio=None, max_iter=1000,
                   multi_class='auto', n_jobs=None, penalty='l2',
                   random_state=42, solver='lbfgs', tol=0.0001, verbose=0,
                   warm_start=False)
2026-04-17 19:25:42,890:INFO:compare_models() successfully completed......................................
[2026-04-17 19:25:42] [INFO    ] [train_module        ] En iyi model: LogisticRegression
2026-04-17 19:25:42,919:INFO:Initializing plot_model()
2026-04-17 19:25:42,919:INFO:plot_model(plot=confusion_matrix, fold=None, verbose=True, display=None, display_format=streamlit, estimator=LogisticRegression(C=1.0, class_weight=None, dual=False, fit_intercept=True,
                   intercept_scaling=1, l1_ratio=None, max_iter=1000,
                   multi_class='auto', n_jobs=None, penalty='l2',
                   random_state=42, solver='lbfgs', tol=0.0001, verbose=0,
                   warm_start=False), feature_name=None, fit_kwargs=None, groups=None, label=False, plot_kwargs=None, save=False, scale=1, self=<pycaret.classification.oop.ClassificationExperiment object at 0x000002283C1AB370>, system=True)
2026-04-17 19:25:42,919:INFO:Checking exceptions
2026-04-17 19:25:42,920:INFO:Soft dependency imported: streamlit: 1.32.0
2026-04-17 19:25:42,924:INFO:Preloading libraries
2026-04-17 19:25:42,924:INFO:Copying training dataset
2026-04-17 19:25:42,925:INFO:Plot type: confusion_matrix
2026-04-17 19:25:43,221:INFO:Fitting Model
2026-04-17 19:25:43,221:WARNING:C:\Users\ugrys\AppData\Roaming\Python\Python310\site-packages\sklearn\base.py:493: UserWarning: X does not have valid feature names, but LogisticRegression was fitted with feature names
  warnings.warn(

2026-04-17 19:25:43,222:INFO:Scoring test/hold-out set
2026-04-17 19:25:43,765:INFO:Visual Rendered Successfully
2026-04-17 19:25:43,917:INFO:plot_model() successfully completed......................................
2026-04-17 19:25:43,918:INFO:Initializing plot_model()
2026-04-17 19:25:43,918:INFO:plot_model(plot=feature, fold=None, verbose=True, display=None, display_format=streamlit, estimator=LogisticRegression(C=1.0, class_weight=None, dual=False, fit_intercept=True,
                   intercept_scaling=1, l1_ratio=None, max_iter=1000,
                   multi_class='auto', n_jobs=None, penalty='l2',
                   random_state=42, solver='lbfgs', tol=0.0001, verbose=0,
                   warm_start=False), feature_name=None, fit_kwargs=None, groups=None, label=False, plot_kwargs=None, save=False, scale=1, self=<pycaret.classification.oop.ClassificationExperiment object at 0x000002283C1AB370>, system=True)
2026-04-17 19:25:43,919:INFO:Checking exceptions
2026-04-17 19:25:43,919:INFO:Soft dependency imported: streamlit: 1.32.0
2026-04-17 19:25:43,922:INFO:Preloading libraries
2026-04-17 19:25:43,923:INFO:Copying training dataset
2026-04-17 19:25:43,924:INFO:Plot type: feature
2026-04-17 19:25:44,064:WARNING:C:\Users\ugrys\AppData\Roaming\Python\Python310\site-packages\pycaret\internal\pycaret_experiment\tabular_experiment.py:1867: UserWarning: Matplotlib is currently using agg, which is a non-GUI backend, so cannot show the figure.
  plt.show()

2026-04-17 19:25:44,068:INFO:Visual Rendered Successfully
2026-04-17 19:25:44,261:INFO:plot_model() successfully completed......................................
2026-04-20 20:19:35,372:WARNING:
'cuml' is a soft dependency and not included in the pycaret installation. Please run: `pip install cuml` to install.
2026-04-20 20:19:35,374:WARNING:
'cuml' is a soft dependency and not included in the pycaret installation. Please run: `pip install cuml` to install.
2026-04-20 20:19:35,374:WARNING:
'cuml' is a soft dependency and not included in the pycaret installation. Please run: `pip install cuml` to install.
2026-04-20 20:19:35,374:WARNING:
'cuml' is a soft dependency and not included in the pycaret installation. Please run: `pip install cuml` to install.
[2026-04-20 20:20:02] [INFO    ] [data_module         ] Dosya yükleme başladı: countries.csv (22.0 KB)
[2026-04-20 20:20:02] [INFO    ] [data_module         ] Veri yüklendi: 188 satır × 21 sütun
[2026-04-20 20:20:13] [INFO    ] [data_module         ] Dosya yükleme başladı: countries.csv (22.0 KB)
[2026-04-20 20:20:13] [INFO    ] [data_module         ] Veri yüklendi: 188 satır × 21 sütun
[2026-04-20 20:20:13] [INFO    ] [data_module         ] Profil raporu oluşturuluyor (minimal mod)...
[2026-04-20 20:20:30] [INFO    ] [data_module         ] Profil raporu tamamlandı.
[2026-04-20 20:22:13] [INFO    ] [data_module         ] Dosya yükleme başladı: countries.csv (22.0 KB)
[2026-04-20 20:22:13] [INFO    ] [data_module         ] Veri yüklendi: 188 satır × 21 sütun
[2026-04-20 20:22:13] [INFO    ] [data_module         ] Profil raporu oluşturuluyor (minimal mod)...
[2026-04-20 20:22:23] [INFO    ] [data_module         ] Profil raporu tamamlandı.
[2026-04-20 20:36:39] [INFO    ] [data_module         ] Dosya yükleme başladı: countries.csv (22.0 KB)
[2026-04-20 20:36:39] [INFO    ] [data_module         ] Veri yüklendi: 188 satır × 21 sütun
[2026-04-20 20:36:39] [INFO    ] [feature_module      ] EDA genel özet paneli render ediliyor.
[2026-04-20 20:36:39] [INFO    ] [feature_module      ] Korelasyon hesaplanıyor: 17 sayısal sütun
[2026-04-20 20:36:39] [INFO    ] [feature_module      ] Dağılım grafikleri: 17 sütun
[2026-04-20 20:36:41] [INFO    ] [feature_module      ] Kategorik grafikler: 4 sütun
[2026-04-20 20:36:41] [INFO    ] [app                 ] EDA sekmesi render tamamlandı.
[2026-04-20 20:36:50] [INFO    ] [data_module         ] Dosya yükleme başladı: countries.csv (22.0 KB)
[2026-04-20 20:36:50] [INFO    ] [data_module         ] Veri yüklendi: 188 satır × 21 sütun
[2026-04-20 20:36:50] [INFO    ] [data_module         ] Profil raporu oluşturuluyor (minimal mod)...
[2026-04-20 20:37:04] [INFO    ] [data_module         ] Profil raporu tamamlandı.
[2026-04-20 20:37:04] [INFO    ] [feature_module      ] EDA genel özet paneli render ediliyor.
[2026-04-20 20:37:04] [INFO    ] [feature_module      ] Korelasyon hesaplanıyor: 17 sayısal sütun
[2026-04-20 20:37:04] [INFO    ] [feature_module      ] Dağılım grafikleri: 17 sütun
[2026-04-20 20:37:05] [INFO    ] [feature_module      ] Kategorik grafikler: 4 sütun
[2026-04-20 20:37:05] [INFO    ] [app                 ] EDA sekmesi render tamamlandı.
[2026-04-20 20:37:25] [INFO    ] [data_module         ] Dosya yükleme başladı: countries.csv (22.0 KB)
[2026-04-20 20:37:25] [INFO    ] [data_module         ] Veri yüklendi: 188 satır × 21 sütun
[2026-04-20 20:37:25] [INFO    ] [data_module         ] Eksik veri doldurma tamamlandı: 181 hücre dolduruldu (sayısal=mean, kategorik=mode)
[2026-04-20 20:37:26] [INFO    ] [data_module         ] Dosya yükleme başladı: countries.csv (22.0 KB)
[2026-04-20 20:37:26] [INFO    ] [data_module         ] Veri yüklendi: 188 satır × 21 sütun
[2026-04-20 20:37:26] [INFO    ] [feature_module      ] EDA genel özet paneli render ediliyor.
[2026-04-20 20:37:26] [INFO    ] [feature_module      ] Korelasyon hesaplanıyor: 17 sayısal sütun
[2026-04-20 20:37:26] [INFO    ] [feature_module      ] Dağılım grafikleri: 17 sütun
[2026-04-20 20:37:26] [INFO    ] [feature_module      ] Kategorik grafikler: 4 sütun
[2026-04-20 20:37:26] [INFO    ] [app                 ] EDA sekmesi render tamamlandı.
[2026-04-20 20:37:49] [INFO    ] [data_module         ] Dosya yükleme başladı: countries.csv (22.0 KB)
[2026-04-20 20:37:49] [INFO    ] [data_module         ] Veri yüklendi: 188 satır × 21 sütun
[2026-04-20 20:37:49] [INFO    ] [feature_module      ] EDA genel özet paneli render ediliyor.
[2026-04-20 20:37:49] [INFO    ] [feature_module      ] Korelasyon hesaplanıyor: 17 sayısal sütun
[2026-04-20 20:37:49] [INFO    ] [feature_module      ] Dağılım grafikleri: 17 sütun
[2026-04-20 20:37:50] [INFO    ] [data_module         ] Dosya yükleme başladı: countries.csv (22.0 KB)
[2026-04-20 20:37:50] [INFO    ] [data_module         ] Veri yüklendi: 188 satır × 21 sütun
[2026-04-20 20:37:50] [INFO    ] [feature_module      ] EDA genel özet paneli render ediliyor.
[2026-04-20 20:37:50] [INFO    ] [feature_module      ] Korelasyon hesaplanıyor: 17 sayısal sütun
[2026-04-20 20:37:50] [INFO    ] [feature_module      ] Dağılım grafikleri: 17 sütun
[2026-04-20 20:37:50] [INFO    ] [feature_module      ] Kategorik grafikler: 4 sütun
[2026-04-20 20:37:50] [INFO    ] [app                 ] EDA sekmesi render tamamlandı.
[2026-04-20 20:37:50] [INFO    ] [data_module         ] Dosya yükleme başladı: countries.csv (22.0 KB)
[2026-04-20 20:37:50] [INFO    ] [data_module         ] Veri yüklendi: 188 satır × 21 sütun
[2026-04-20 20:37:51] [INFO    ] [feature_module      ] EDA genel özet paneli render ediliyor.
[2026-04-20 20:37:51] [INFO    ] [feature_module      ] Korelasyon hesaplanıyor: 17 sayısal sütun
[2026-04-20 20:37:51] [INFO    ] [feature_module      ] Dağılım grafikleri: 17 sütun
[2026-04-20 20:37:51] [INFO    ] [data_module         ] Dosya yükleme başladı: countries.csv (22.0 KB)
[2026-04-20 20:37:51] [INFO    ] [data_module         ] Veri yüklendi: 188 satır × 21 sütun
[2026-04-20 20:37:51] [INFO    ] [feature_module      ] EDA genel özet paneli render ediliyor.
[2026-04-20 20:37:51] [INFO    ] [feature_module      ] Korelasyon hesaplanıyor: 17 sayısal sütun
[2026-04-20 20:37:51] [INFO    ] [feature_module      ] Dağılım grafikleri: 17 sütun
[2026-04-20 20:37:51] [INFO    ] [data_module         ] Dosya yükleme başladı: countries.csv (22.0 KB)
[2026-04-20 20:37:51] [INFO    ] [data_module         ] Veri yüklendi: 188 satır × 21 sütun
[2026-04-20 20:37:52] [INFO    ] [data_module         ] Dosya yükleme başladı: countries.csv (22.0 KB)
[2026-04-20 20:37:52] [INFO    ] [data_module         ] Veri yüklendi: 188 satır × 21 sütun
[2026-04-20 20:37:52] [INFO    ] [feature_module      ] EDA genel özet paneli render ediliyor.
[2026-04-20 20:37:52] [INFO    ] [feature_module      ] Korelasyon hesaplanıyor: 17 sayısal sütun
[2026-04-20 20:37:52] [INFO    ] [feature_module      ] Dağılım grafikleri: 17 sütun
[2026-04-20 20:37:52] [INFO    ] [data_module         ] Dosya yükleme başladı: countries.csv (22.0 KB)
[2026-04-20 20:37:52] [INFO    ] [data_module         ] Veri yüklendi: 188 satır × 21 sütun
[2026-04-20 20:37:52] [INFO    ] [data_module         ] Temizlik uygulanıyor — çıkarılan sütunlar: ['Country', 'GDP per Capita']
[2026-04-20 20:37:52] [INFO    ] [data_module         ] Temizlik sonrası: 188 satır × 19 sütun
[2026-04-20 20:37:53] [INFO    ] [data_module         ] Dosya yükleme başladı: countries.csv (22.0 KB)
[2026-04-20 20:37:53] [INFO    ] [data_module         ] Veri yüklendi: 188 satır × 21 sütun
[2026-04-20 20:37:53] [INFO    ] [feature_module      ] EDA genel özet paneli render ediliyor.
[2026-04-20 20:37:53] [INFO    ] [feature_module      ] Korelasyon hesaplanıyor: 17 sayısal sütun
[2026-04-20 20:37:53] [INFO    ] [feature_module      ] Dağılım grafikleri: 17 sütun
[2026-04-20 20:37:53] [INFO    ] [feature_module      ] Kategorik grafikler: 4 sütun
[2026-04-20 20:37:53] [INFO    ] [app                 ] EDA sekmesi render tamamlandı.
[2026-04-20 20:37:56] [INFO    ] [data_module         ] Dosya yükleme başladı: countries.csv (22.0 KB)
[2026-04-20 20:37:56] [INFO    ] [data_module         ] Veri yüklendi: 188 satır × 21 sütun
[2026-04-20 20:37:56] [INFO    ] [data_module         ] Temizlik uygulanıyor — çıkarılan sütunlar: ['Country', 'GDP per Capita']
[2026-04-20 20:37:56] [INFO    ] [data_module         ] Temizlik sonrası: 188 satır × 19 sütun
[2026-04-20 20:37:56] [INFO    ] [data_module         ] Dosya yükleme başladı: countries.csv (22.0 KB)
[2026-04-20 20:37:56] [INFO    ] [data_module         ] Veri yüklendi: 188 satır × 21 sütun
[2026-04-20 20:37:56] [INFO    ] [feature_module      ] EDA genel özet paneli render ediliyor.
[2026-04-20 20:37:56] [INFO    ] [feature_module      ] Korelasyon hesaplanıyor: 17 sayısal sütun
[2026-04-20 20:37:56] [INFO    ] [feature_module      ] Dağılım grafikleri: 17 sütun
[2026-04-20 20:37:56] [INFO    ] [feature_module      ] Kategorik grafikler: 4 sütun
[2026-04-20 20:37:56] [INFO    ] [app                 ] EDA sekmesi render tamamlandı.
[2026-04-20 20:37:59] [INFO    ] [data_module         ] Dosya yükleme başladı: countries.csv (22.0 KB)
[2026-04-20 20:37:59] [INFO    ] [data_module         ] Veri yüklendi: 188 satır × 21 sütun
[2026-04-20 20:37:59] [INFO    ] [data_module         ] Temizlik uygulanıyor — çıkarılan sütunlar: ['Country', 'GDP per Capita']
[2026-04-20 20:37:59] [INFO    ] [data_module         ] Temizlik sonrası: 188 satır × 19 sütun
[2026-04-20 20:38:00] [INFO    ] [data_module         ] Dosya yükleme başladı: countries.csv (22.0 KB)
[2026-04-20 20:38:00] [INFO    ] [data_module         ] Veri yüklendi: 188 satır × 21 sütun
[2026-04-20 20:38:00] [INFO    ] [feature_module      ] EDA genel özet paneli render ediliyor.
[2026-04-20 20:38:00] [INFO    ] [feature_module      ] Korelasyon hesaplanıyor: 17 sayısal sütun
[2026-04-20 20:38:00] [INFO    ] [feature_module      ] Dağılım grafikleri: 17 sütun
[2026-04-20 20:38:00] [INFO    ] [feature_module      ] Kategorik grafikler: 4 sütun
[2026-04-20 20:38:00] [INFO    ] [app                 ] EDA sekmesi render tamamlandı.
[2026-04-20 20:38:09] [INFO    ] [data_module         ] Dosya yükleme başladı: countries.csv (22.0 KB)
[2026-04-20 20:38:09] [INFO    ] [data_module         ] Veri yüklendi: 188 satır × 21 sütun
[2026-04-20 20:38:09] [INFO    ] [feature_module      ] EDA genel özet paneli render ediliyor.
[2026-04-20 20:38:09] [INFO    ] [feature_module      ] Korelasyon hesaplanıyor: 17 sayısal sütun
[2026-04-20 20:38:09] [INFO    ] [feature_module      ] Dağılım grafikleri: 17 sütun
[2026-04-20 20:38:10] [INFO    ] [feature_module      ] Kategorik grafikler: 4 sütun
[2026-04-20 20:38:10] [INFO    ] [app                 ] EDA sekmesi render tamamlandı.
[2026-04-20 20:40:26] [INFO    ] [data_module         ] Dosya yükleme başladı: countries.csv (22.0 KB)
[2026-04-20 20:40:26] [INFO    ] [data_module         ] Veri yüklendi: 188 satır × 21 sütun
[2026-04-20 20:40:26] [INFO    ] [feature_module      ] EDA genel özet paneli render ediliyor.
[2026-04-20 20:40:26] [INFO    ] [feature_module      ] Korelasyon hesaplanıyor: 17 sayısal sütun
[2026-04-20 20:40:26] [INFO    ] [feature_module      ] Dağılım grafikleri: 17 sütun
[2026-04-20 20:40:27] [INFO    ] [feature_module      ] Kategorik grafikler: 4 sütun
[2026-04-20 20:40:27] [INFO    ] [app                 ] EDA sekmesi render tamamlandı.
[2026-04-20 20:40:32] [INFO    ] [data_module         ] Dosya yükleme başladı: countries.csv (22.0 KB)
[2026-04-20 20:40:32] [INFO    ] [data_module         ] Veri yüklendi: 188 satır × 21 sütun
[2026-04-20 20:40:33] [INFO    ] [train_module        ] PyCaret setup başlıyor — görev: classification, hedef: Region, mod: standard
2026-04-20 20:40:33,131:INFO:PyCaret ClassificationExperiment
2026-04-20 20:40:33,131:INFO:Logging name: clf-default-name
2026-04-20 20:40:33,131:INFO:ML Usecase: MLUsecase.CLASSIFICATION
2026-04-20 20:40:33,131:INFO:version 3.3.2
2026-04-20 20:40:33,132:INFO:Initializing setup()
2026-04-20 20:40:33,132:INFO:self.USI: 350c
2026-04-20 20:40:33,132:INFO:self._variable_keys: {'X_test', 'y_test', 'exp_name_log', 'gpu_param', 'logging_param', 'y', 'is_multiclass', 'log_plots_param', 'idx', 'fold_generator', 'USI', 'seed', 'data', 'fix_imbalance', '_available_plots', 'exp_id', 'fold_shuffle_param', 'X', 'gpu_n_jobs_param', 'fold_groups_param', '_ml_usecase', 'y_train', 'pipeline', 'target_param', 'n_jobs_param', 'html_param', 'X_train', 'memory'}
2026-04-20 20:40:33,132:INFO:Checking environment
2026-04-20 20:40:33,132:INFO:python_version: 3.10.6
2026-04-20 20:40:33,132:INFO:python_build: ('tags/v3.10.6:9c7b4bd', 'Aug  1 2022 21:53:49')
2026-04-20 20:40:33,132:INFO:machine: AMD64
2026-04-20 20:40:33,145:INFO:platform: Windows-10-10.0.26200-SP0
2026-04-20 20:40:33,146:INFO:Memory: svmem(total=34082693120, available=22174326784, percent=34.9, used=11908366336, free=22174326784)
2026-04-20 20:40:33,146:INFO:Physical Core: 8
2026-04-20 20:40:33,146:INFO:Logical Core: 12
2026-04-20 20:40:33,146:INFO:Checking libraries
2026-04-20 20:40:33,146:INFO:System:
2026-04-20 20:40:33,146:INFO:    python: 3.10.6 (tags/v3.10.6:9c7b4bd, Aug  1 2022, 21:53:49) [MSC v.1932 64 bit (AMD64)]
2026-04-20 20:40:33,146:INFO:executable: C:\Users\ugrys\AppData\Local\Programs\Python\Python310\python.exe
2026-04-20 20:40:33,146:INFO:   machine: Windows-10-10.0.26200-SP0
2026-04-20 20:40:33,146:INFO:PyCaret required dependencies:
2026-04-20 20:40:33,231:INFO:                 pip: 22.2.1
2026-04-20 20:40:33,231:INFO:          setuptools: 69.5.1
2026-04-20 20:40:33,231:INFO:             pycaret: 3.3.0
2026-04-20 20:40:33,231:INFO:             IPython: 8.39.0
2026-04-20 20:40:33,231:INFO:          ipywidgets: 8.1.8
2026-04-20 20:40:33,231:INFO:                tqdm: 4.67.3
2026-04-20 20:40:33,231:INFO:               numpy: 1.25.2
2026-04-20 20:40:33,231:INFO:              pandas: 2.1.4
2026-04-20 20:40:33,231:INFO:              jinja2: 3.1.6
2026-04-20 20:40:33,231:INFO:               scipy: 1.11.4
2026-04-20 20:40:33,231:INFO:              joblib: 1.3.2
2026-04-20 20:40:33,231:INFO:             sklearn: 1.4.2
2026-04-20 20:40:33,231:INFO:                pyod: 3.2.1
2026-04-20 20:40:33,231:INFO:            imblearn: 0.14.1
2026-04-20 20:40:33,231:INFO:   category_encoders: 2.7.0
2026-04-20 20:40:33,231:INFO:            lightgbm: 4.6.0
2026-04-20 20:40:33,232:INFO:               numba: 0.58.1
2026-04-20 20:40:33,232:INFO:            requests: 2.33.1
2026-04-20 20:40:33,232:INFO:          matplotlib: 3.7.5
2026-04-20 20:40:33,232:INFO:          scikitplot: 0.3.7
2026-04-20 20:40:33,232:INFO:         yellowbrick: 1.5
2026-04-20 20:40:33,232:INFO:              plotly: 6.7.0
2026-04-20 20:40:33,232:INFO:    plotly-resampler: Not installed
2026-04-20 20:40:33,232:INFO:             kaleido: 1.2.0
2026-04-20 20:40:33,232:INFO:           schemdraw: 0.15
2026-04-20 20:40:33,232:INFO:         statsmodels: 0.14.6
2026-04-20 20:40:33,232:INFO:              sktime: 0.40.1
2026-04-20 20:40:33,232:INFO:               tbats: 1.1.3
2026-04-20 20:40:33,232:INFO:            pmdarima: 2.0.4
2026-04-20 20:40:33,232:INFO:              psutil: 5.9.5
2026-04-20 20:40:33,232:INFO:          markupsafe: 2.1.5
2026-04-20 20:40:33,232:INFO:             pickle5: Not installed
2026-04-20 20:40:33,232:INFO:         cloudpickle: 3.1.2
2026-04-20 20:40:33,232:INFO:         deprecation: 2.1.0
2026-04-20 20:40:33,232:INFO:              xxhash: 3.6.0
2026-04-20 20:40:33,232:INFO:           wurlitzer: Not installed
2026-04-20 20:40:33,232:INFO:PyCaret optional dependencies:
2026-04-20 20:40:34,851:INFO:                shap: Not installed
2026-04-20 20:40:34,851:INFO:           interpret: Not installed
2026-04-20 20:40:34,851:INFO:                umap: Not installed
2026-04-20 20:40:34,851:INFO:     ydata_profiling: 4.6.4
2026-04-20 20:40:34,851:INFO:  explainerdashboard: Not installed
2026-04-20 20:40:34,851:INFO:             autoviz: Not installed
2026-04-20 20:40:34,853:INFO:           fairlearn: Not installed
2026-04-20 20:40:34,853:INFO:          deepchecks: Not installed
2026-04-20 20:40:34,853:INFO:             xgboost: 3.2.0
2026-04-20 20:40:34,853:INFO:            catboost: Not installed
2026-04-20 20:40:34,853:INFO:              kmodes: Not installed
2026-04-20 20:40:34,853:INFO:             mlxtend: Not installed
2026-04-20 20:40:34,853:INFO:       statsforecast: Not installed
2026-04-20 20:40:34,853:INFO:        tune_sklearn: Not installed
2026-04-20 20:40:34,853:INFO:                 ray: Not installed
2026-04-20 20:40:34,853:INFO:            hyperopt: Not installed
2026-04-20 20:40:34,853:INFO:              optuna: Not installed
2026-04-20 20:40:34,853:INFO:               skopt: Not installed
2026-04-20 20:40:34,853:INFO:              mlflow: Not installed
2026-04-20 20:40:34,853:INFO:              gradio: Not installed
2026-04-20 20:40:34,853:INFO:             fastapi: Not installed
2026-04-20 20:40:34,853:INFO:             uvicorn: 0.44.0
2026-04-20 20:40:34,853:INFO:              m2cgen: Not installed
2026-04-20 20:40:34,853:INFO:           evidently: Not installed
2026-04-20 20:40:34,853:INFO:               fugue: Not installed
2026-04-20 20:40:34,853:INFO:           streamlit: 1.32.0
2026-04-20 20:40:34,853:INFO:             prophet: Not installed
2026-04-20 20:40:34,853:INFO:None
2026-04-20 20:40:34,853:INFO:Set up data.
2026-04-20 20:40:34,862:INFO:Set up folding strategy.
2026-04-20 20:40:34,862:INFO:Set up train/test split.
2026-04-20 20:40:34,869:INFO:Set up index.
2026-04-20 20:40:34,869:INFO:Assigning column types.
2026-04-20 20:40:34,875:INFO:Engine successfully changes for model 'lr' to 'sklearn'.
2026-04-20 20:40:34,942:INFO:Engine for model 'knn' has not been set explicitly, hence returning None.
2026-04-20 20:40:34,949:INFO:Engine for model 'rbfsvm' has not been set explicitly, hence returning None.
2026-04-20 20:40:35,005:INFO:Soft dependency imported: xgboost: 3.2.0
2026-04-20 20:40:35,008:WARNING:
'catboost' is a soft dependency and not included in the pycaret installation. Please run: `pip install catboost` to install.
Alternately, you can install this by running `pip install pycaret[models]`
2026-04-20 20:40:35,074:INFO:Engine for model 'knn' has not been set explicitly, hence returning None.
2026-04-20 20:40:35,075:INFO:Engine for model 'rbfsvm' has not been set explicitly, hence returning None.
2026-04-20 20:40:35,105:INFO:Soft dependency imported: xgboost: 3.2.0
2026-04-20 20:40:35,110:WARNING:
'catboost' is a soft dependency and not included in the pycaret installation. Please run: `pip install catboost` to install.
Alternately, you can install this by running `pip install pycaret[models]`
2026-04-20 20:40:35,110:INFO:Engine successfully changes for model 'knn' to 'sklearn'.
2026-04-20 20:40:35,192:INFO:Engine for model 'rbfsvm' has not been set explicitly, hence returning None.
2026-04-20 20:40:35,233:INFO:Soft dependency imported: xgboost: 3.2.0
2026-04-20 20:40:35,236:WARNING:
'catboost' is a soft dependency and not included in the pycaret installation. Please run: `pip install catboost` to install.
Alternately, you can install this by running `pip install pycaret[models]`
2026-04-20 20:40:35,303:INFO:Engine for model 'rbfsvm' has not been set explicitly, hence returning None.
2026-04-20 20:40:35,343:INFO:Soft dependency imported: xgboost: 3.2.0
2026-04-20 20:40:35,347:WARNING:
'catboost' is a soft dependency and not included in the pycaret installation. Please run: `pip install catboost` to install.
Alternately, you can install this by running `pip install pycaret[models]`
2026-04-20 20:40:35,348:INFO:Engine successfully changes for model 'rbfsvm' to 'sklearn'.
2026-04-20 20:40:35,453:INFO:Soft dependency imported: xgboost: 3.2.0
2026-04-20 20:40:35,457:WARNING:
'catboost' is a soft dependency and not included in the pycaret installation. Please run: `pip install catboost` to install.
Alternately, you can install this by running `pip install pycaret[models]`
2026-04-20 20:40:35,565:INFO:Soft dependency imported: xgboost: 3.2.0
2026-04-20 20:40:35,568:WARNING:
'catboost' is a soft dependency and not included in the pycaret installation. Please run: `pip install catboost` to install.
Alternately, you can install this by running `pip install pycaret[models]`
2026-04-20 20:40:35,585:INFO:Preparing preprocessing pipeline...
2026-04-20 20:40:35,585:INFO:Set up label encoding.
2026-04-20 20:40:35,586:INFO:Set up simple imputation.
2026-04-20 20:40:35,589:INFO:Set up encoding of categorical features.
2026-04-20 20:40:35,590:INFO:Set up column name cleaning.
2026-04-20 20:40:35,743:INFO:Finished creating preprocessing pipeline.
2026-04-20 20:40:35,753:INFO:Pipeline: Pipeline(memory=FastMemory(location=C:\Users\ugrys\AppData\Local\Temp\joblib),
         steps=[('label_encoding',
                 TransformerWrapperWithInverse(exclude=None, include=None,
                                               transformer=LabelEncoder())),
                ('numerical_imputer',
                 TransformerWrapper(exclude=None,
                                    include=['Population (millions)', 'HDI',
                                             'Cropland Footprint',
                                             'Grazing Footprint',
                                             'Forest Footprint',
                                             'Carbon Footpri...
                                    transformer=TargetEncoder(cols=['Country',
                                                                    'GDP per '
                                                                    'Capita'],
                                                              drop_invariant=False,
                                                              handle_missing='return_nan',
                                                              handle_unknown='value',
                                                              hierarchy=None,
                                                              min_samples_leaf=20,
                                                              return_df=True,
                                                              smoothing=10,
                                                              verbose=0))),
                ('clean_column_names',
                 TransformerWrapper(exclude=None, include=None,
                                    transformer=CleanColumnNames(match='[\\]\\[\\,\\{\\}\\"\\:]+')))],
         verbose=False)
2026-04-20 20:40:35,753:INFO:Creating final display dataframe.
2026-04-20 20:40:35,998:INFO:Setup _display_container:                     Description                                              Value
0                    Session id                                                 42
1                        Target                                             Region
2                   Target type                                         Multiclass
3                Target mapping  Africa: 0, Asia-Pacific: 1, European Union: 2,...
4           Original data shape                                          (188, 21)
5        Transformed data shape                                          (188, 27)
6   Transformed train set shape                                          (131, 27)
7    Transformed test set shape                                           (57, 27)
8              Numeric features                                                 17
9          Categorical features                                                  3
10     Rows with missing values                                              13.8%
11                   Preprocess                                               True
12              Imputation type                                             simple
13           Numeric imputation                                               mean
14       Categorical imputation                                               mode
15     Maximum one-hot encoding                                                 25
16              Encoding method                                               None
17               Fold Generator                                    StratifiedKFold
18                  Fold Number                                                 10
19                     CPU Jobs                                                 -1
20                      Use GPU                                              False
21               Log Experiment                                              False
22              Experiment Name                                   clf-default-name
23                          USI                                               350c
2026-04-20 20:40:36,115:INFO:Soft dependency imported: xgboost: 3.2.0
2026-04-20 20:40:36,119:WARNING:
'catboost' is a soft dependency and not included in the pycaret installation. Please run: `pip install catboost` to install.
Alternately, you can install this by running `pip install pycaret[models]`
2026-04-20 20:40:36,242:INFO:Soft dependency imported: xgboost: 3.2.0
2026-04-20 20:40:36,246:WARNING:
'catboost' is a soft dependency and not included in the pycaret installation. Please run: `pip install catboost` to install.
Alternately, you can install this by running `pip install pycaret[models]`
2026-04-20 20:40:36,247:INFO:setup() successfully completed in 3.12s...............
[2026-04-20 20:40:36] [INFO    ] [train_module        ] Setup tamamlandı: classification
[2026-04-20 20:40:36] [INFO    ] [train_module        ] Model karşılaştırması başlıyor — classification | Standart Mod | 5 model
2026-04-20 20:40:36,259:INFO:Initializing compare_models()
2026-04-20 20:40:36,259:INFO:compare_models(self=<pycaret.classification.oop.ClassificationExperiment object at 0x00000251221D3E80>, include=['lr', 'dt', 'rf', 'knn', 'nb'], fold=None, round=4, cross_validation=True, sort=Accuracy, n_select=1, budget_time=None, turbo=True, errors=ignore, fit_kwargs=None, groups=None, experiment_custom_tags=None, probability_threshold=None, verbose=True, parallel=None, caller_params={'self': <pycaret.classification.oop.ClassificationExperiment object at 0x00000251221D3E80>, 'include': ['lr', 'dt', 'rf', 'knn', 'nb'], 'exclude': None, 'fold': None, 'round': 4, 'cross_validation': True, 'sort': 'Accuracy', 'n_select': 1, 'budget_time': None, 'turbo': True, 'errors': 'ignore', 'fit_kwargs': None, 'groups': None, 'experiment_custom_tags': None, 'probability_threshold': None, 'engine': None, 'verbose': True, 'parallel': None, '__class__': <class 'pycaret.classification.oop.ClassificationExperiment'>}, exclude=None)
2026-04-20 20:40:36,259:INFO:Checking exceptions
2026-04-20 20:40:36,268:INFO:Preparing display monitor
2026-04-20 20:40:36,274:INFO:Initializing Logistic Regression
2026-04-20 20:40:36,274:INFO:Total runtime is 0.0 minutes
2026-04-20 20:40:36,275:INFO:SubProcess create_model() called ==================================
2026-04-20 20:40:36,275:INFO:Initializing create_model()
2026-04-20 20:40:36,275:INFO:create_model(self=<pycaret.classification.oop.ClassificationExperiment object at 0x00000251221D3E80>, estimator=lr, fold=StratifiedKFold(n_splits=10, random_state=None, shuffle=False), round=4, cross_validation=True, predict=True, fit_kwargs={}, groups=None, refit=False, probability_threshold=None, experiment_custom_tags=None, verbose=False, system=False, add_to_model_list=True, metrics=None, display=<pycaret.internal.display.display.CommonDisplay object at 0x0000025122DF7F40>, model_only=True, return_train_score=False, error_score=0.0, kwargs={})
2026-04-20 20:40:36,275:INFO:Checking exceptions
2026-04-20 20:40:36,275:INFO:Importing libraries
2026-04-20 20:40:36,275:INFO:Copying training dataset
2026-04-20 20:40:36,284:INFO:Defining folds
2026-04-20 20:40:36,285:INFO:Declaring metric variables
2026-04-20 20:40:36,285:INFO:Importing untrained model
2026-04-20 20:40:36,285:INFO:Logistic Regression Imported successfully
2026-04-20 20:40:36,285:INFO:Starting cross validation
2026-04-20 20:40:36,287:INFO:Cross validating with StratifiedKFold(n_splits=10, random_state=None, shuffle=False), n_jobs=-1
2026-04-20 20:40:36,348:WARNING:C:\Users\ugrys\AppData\Roaming\Python\Python310\site-packages\sklearn\model_selection\_split.py:737: UserWarning: The least populated class in y has only 2 members, which is less than n_splits=10.
  warnings.warn(

2026-04-20 20:40:42,771:WARNING:C:\Users\ugrys\AppData\Roaming\Python\Python310\site-packages\sklearn\linear_model\_logistic.py:469: ConvergenceWarning: lbfgs failed to converge (status=1):
STOP: TOTAL NO. of ITERATIONS REACHED LIMIT.

Increase the number of iterations (max_iter) or scale the data as shown in:
    https://scikit-learn.org/stable/modules/preprocessing.html
Please also refer to the documentation for alternative solver options:
    https://scikit-learn.org/stable/modules/linear_model.html#logistic-regression
  n_iter_i = _check_optimize_result(

2026-04-20 20:40:42,773:WARNING:C:\Users\ugrys\AppData\Roaming\Python\Python310\site-packages\sklearn\linear_model\_logistic.py:469: ConvergenceWarning: lbfgs failed to converge (status=1):
STOP: TOTAL NO. of ITERATIONS REACHED LIMIT.

Increase the number of iterations (max_iter) or scale the data as shown in:
    https://scikit-learn.org/stable/modules/preprocessing.html
Please also refer to the documentation for alternative solver options:
    https://scikit-learn.org/stable/modules/linear_model.html#logistic-regression
  n_iter_i = _check_optimize_result(

2026-04-20 20:40:42,776:WARNING:C:\Users\ugrys\AppData\Roaming\Python\Python310\site-packages\sklearn\linear_model\_logistic.py:469: ConvergenceWarning: lbfgs failed to converge (status=1):
STOP: TOTAL NO. of ITERATIONS REACHED LIMIT.

Increase the number of iterations (max_iter) or scale the data as shown in:
    https://scikit-learn.org/stable/modules/preprocessing.html
Please also refer to the documentation for alternative solver options:
    https://scikit-learn.org/stable/modules/linear_model.html#logistic-regression
  n_iter_i = _check_optimize_result(

2026-04-20 20:40:42,777:WARNING:C:\Users\ugrys\AppData\Roaming\Python\Python310\site-packages\sklearn\linear_model\_logistic.py:469: ConvergenceWarning: lbfgs failed to converge (status=1):
STOP: TOTAL NO. of ITERATIONS REACHED LIMIT.

Increase the number of iterations (max_iter) or scale the data as shown in:
    https://scikit-learn.org/stable/modules/preprocessing.html
Please also refer to the documentation for alternative solver options:
    https://scikit-learn.org/stable/modules/linear_model.html#logistic-regression
  n_iter_i = _check_optimize_result(

2026-04-20 20:40:42,794:WARNING:C:\Users\ugrys\AppData\Roaming\Python\Python310\site-packages\sklearn\linear_model\_logistic.py:469: ConvergenceWarning: lbfgs failed to converge (status=1):
STOP: TOTAL NO. of ITERATIONS REACHED LIMIT.

Increase the number of iterations (max_iter) or scale the data as shown in:
    https://scikit-learn.org/stable/modules/preprocessing.html
Please also refer to the documentation for alternative solver options:
    https://scikit-learn.org/stable/modules/linear_model.html#logistic-regression
  n_iter_i = _check_optimize_result(

2026-04-20 20:40:42,800:WARNING:C:\Users\ugrys\AppData\Roaming\Python\Python310\site-packages\sklearn\linear_model\_logistic.py:469: ConvergenceWarning: lbfgs failed to converge (status=1):
STOP: TOTAL NO. of ITERATIONS REACHED LIMIT.

Increase the number of iterations (max_iter) or scale the data as shown in:
    https://scikit-learn.org/stable/modules/preprocessing.html
Please also refer to the documentation for alternative solver options:
    https://scikit-learn.org/stable/modules/linear_model.html#logistic-regression
  n_iter_i = _check_optimize_result(

2026-04-20 20:40:42,874:WARNING:C:\Users\ugrys\AppData\Roaming\Python\Python310\site-packages\sklearn\linear_model\_logistic.py:469: ConvergenceWarning: lbfgs failed to converge (status=1):
STOP: TOTAL NO. of ITERATIONS REACHED LIMIT.

Increase the number of iterations (max_iter) or scale the data as shown in:
    https://scikit-learn.org/stable/modules/preprocessing.html
Please also refer to the documentation for alternative solver options:
    https://scikit-learn.org/stable/modules/linear_model.html#logistic-regression
  n_iter_i = _check_optimize_result(

2026-04-20 20:40:42,901:WARNING:C:\Users\ugrys\AppData\Roaming\Python\Python310\site-packages\sklearn\linear_model\_logistic.py:469: ConvergenceWarning: lbfgs failed to converge (status=1):
STOP: TOTAL NO. of ITERATIONS REACHED LIMIT.

Increase the number of iterations (max_iter) or scale the data as shown in:
    https://scikit-learn.org/stable/modules/preprocessing.html
Please also refer to the documentation for alternative solver options:
    https://scikit-learn.org/stable/modules/linear_model.html#logistic-regression
  n_iter_i = _check_optimize_result(

2026-04-20 20:40:42,942:WARNING:C:\Users\ugrys\AppData\Roaming\Python\Python310\site-packages\pycaret\internal\metrics.py:204: FitFailedWarning: Metric 'make_scorer(roc_auc_score, response_method=('decision_function', 'predict_proba'), average=weighted, multi_class=ovr)' failed and error score 0.0 has been returned instead. If this is a custom metric, this usually means that the error is in the metric code. Full exception below:
Traceback (most recent call last):
  File "C:\Users\ugrys\AppData\Roaming\Python\Python310\site-packages\pycaret\internal\metrics.py", line 196, in _score
    return super()._score(
  File "C:\Users\ugrys\AppData\Roaming\Python\Python310\site-packages\sklearn\metrics\_scorer.py", line 350, in _score
    return self._sign * self._score_func(y_true, y_pred, **scoring_kwargs)
  File "C:\Users\ugrys\AppData\Roaming\Python\Python310\site-packages\pycaret\internal\metrics.py", line 144, in __call__
    return self.score_func(y_true, y_pred, **kwargs)
  File "C:\Users\ugrys\AppData\Roaming\Python\Python310\site-packages\sklearn\utils\_param_validation.py", line 213, in wrapper
    return func(*args, **kwargs)
  File "C:\Users\ugrys\AppData\Roaming\Python\Python310\site-packages\sklearn\metrics\_ranking.py", line 634, in roc_auc_score
    return _multiclass_roc_auc_score(
  File "C:\Users\ugrys\AppData\Roaming\Python\Python310\site-packages\sklearn\metrics\_ranking.py", line 707, in _multiclass_roc_auc_score
    raise ValueError(
ValueError: Target scores need to be probabilities for multiclass roc_auc, i.e. they should sum up to 1.0 over classes

  warnings.warn(

2026-04-20 20:40:42,942:WARNING:C:\Users\ugrys\AppData\Roaming\Python\Python310\site-packages\pycaret\internal\metrics.py:204: FitFailedWarning: Metric 'make_scorer(roc_auc_score, response_method=('decision_function', 'predict_proba'), average=weighted, multi_class=ovr)' failed and error score 0.0 has been returned instead. If this is a custom metric, this usually means that the error is in the metric code. Full exception below:
Traceback (most recent call last):
  File "C:\Users\ugrys\AppData\Roaming\Python\Python310\site-packages\pycaret\internal\metrics.py", line 196, in _score
    return super()._score(
  File "C:\Users\ugrys\AppData\Roaming\Python\Python310\site-packages\sklearn\metrics\_scorer.py", line 350, in _score
    return self._sign * self._score_func(y_true, y_pred, **scoring_kwargs)
  File "C:\Users\ugrys\AppData\Roaming\Python\Python310\site-packages\pycaret\internal\metrics.py", line 144, in __call__
    return self.score_func(y_true, y_pred, **kwargs)
  File "C:\Users\ugrys\AppData\Roaming\Python\Python310\site-packages\sklearn\utils\_param_validation.py", line 213, in wrapper
    return func(*args, **kwargs)
  File "C:\Users\ugrys\AppData\Roaming\Python\Python310\site-packages\sklearn\metrics\_ranking.py", line 634, in roc_auc_score
    return _multiclass_roc_auc_score(
  File "C:\Users\ugrys\AppData\Roaming\Python\Python310\site-packages\sklearn\metrics\_ranking.py", line 707, in _multiclass_roc_auc_score
    raise ValueError(
ValueError: Target scores need to be probabilities for multiclass roc_auc, i.e. they should sum up to 1.0 over classes

  warnings.warn(

2026-04-20 20:40:42,944:WARNING:C:\Users\ugrys\AppData\Roaming\Python\Python310\site-packages\pycaret\internal\metrics.py:204: FitFailedWarning: Metric 'make_scorer(roc_auc_score, response_method=('decision_function', 'predict_proba'), average=weighted, multi_class=ovr)' failed and error score 0.0 has been returned instead. If this is a custom metric, this usually means that the error is in the metric code. Full exception below:
Traceback (most recent call last):
  File "C:\Users\ugrys\AppData\Roaming\Python\Python310\site-packages\pycaret\internal\metrics.py", line 196, in _score
    return super()._score(
  File "C:\Users\ugrys\AppData\Roaming\Python\Python310\site-packages\sklearn\metrics\_scorer.py", line 350, in _score
    return self._sign * self._score_func(y_true, y_pred, **scoring_kwargs)
  File "C:\Users\ugrys\AppData\Roaming\Python\Python310\site-packages\pycaret\internal\metrics.py", line 144, in __call__
    return self.score_func(y_true, y_pred, **kwargs)
  File "C:\Users\ugrys\AppData\Roaming\Python\Python310\site-packages\sklearn\utils\_param_validation.py", line 213, in wrapper
    return func(*args, **kwargs)
  File "C:\Users\ugrys\AppData\Roaming\Python\Python310\site-packages\sklearn\metrics\_ranking.py", line 634, in roc_auc_score
    return _multiclass_roc_auc_score(
  File "C:\Users\ugrys\AppData\Roaming\Python\Python310\site-packages\sklearn\metrics\_ranking.py", line 707, in _multiclass_roc_auc_score
    raise ValueError(
ValueError: Target scores need to be probabilities for multiclass roc_auc, i.e. they should sum up to 1.0 over classes

  warnings.warn(

2026-04-20 20:40:42,945:WARNING:C:\Users\ugrys\AppData\Roaming\Python\Python310\site-packages\pycaret\internal\metrics.py:204: FitFailedWarning: Metric 'make_scorer(roc_auc_score, response_method=('decision_function', 'predict_proba'), average=weighted, multi_class=ovr)' failed and error score 0.0 has been returned instead. If this is a custom metric, this usually means that the error is in the metric code. Full exception below:
Traceback (most recent call last):
  File "C:\Users\ugrys\AppData\Roaming\Python\Python310\site-packages\pycaret\internal\metrics.py", line 196, in _score
    return super()._score(
  File "C:\Users\ugrys\AppData\Roaming\Python\Python310\site-packages\sklearn\metrics\_scorer.py", line 350, in _score
    return self._sign * self._score_func(y_true, y_pred, **scoring_kwargs)
  File "C:\Users\ugrys\AppData\Roaming\Python\Python310\site-packages\pycaret\internal\metrics.py", line 144, in __call__
    return self.score_func(y_true, y_pred, **kwargs)
  File "C:\Users\ugrys\AppData\Roaming\Python\Python310\site-packages\sklearn\utils\_param_validation.py", line 213, in wrapper
    return func(*args, **kwargs)
  File "C:\Users\ugrys\AppData\Roaming\Python\Python310\site-packages\sklearn\metrics\_ranking.py", line 634, in roc_auc_score
    return _multiclass_roc_auc_score(
  File "C:\Users\ugrys\AppData\Roaming\Python\Python310\site-packages\sklearn\metrics\_ranking.py", line 707, in _multiclass_roc_auc_score
    raise ValueError(
ValueError: Target scores need to be probabilities for multiclass roc_auc, i.e. they should sum up to 1.0 over classes

  warnings.warn(

2026-04-20 20:40:42,946:WARNING:C:\Users\ugrys\AppData\Roaming\Python\Python310\site-packages\pycaret\internal\metrics.py:204: FitFailedWarning: Metric 'make_scorer(roc_auc_score, response_method=('decision_function', 'predict_proba'), average=weighted, multi_class=ovr)' failed and error score 0.0 has been returned instead. If this is a custom metric, this usually means that the error is in the metric code. Full exception below:
Traceback (most recent call last):
  File "C:\Users\ugrys\AppData\Roaming\Python\Python310\site-packages\pycaret\internal\metrics.py", line 196, in _score
    return super()._score(
  File "C:\Users\ugrys\AppData\Roaming\Python\Python310\site-packages\sklearn\metrics\_scorer.py", line 350, in _score
    return self._sign * self._score_func(y_true, y_pred, **scoring_kwargs)
  File "C:\Users\ugrys\AppData\Roaming\Python\Python310\site-packages\pycaret\internal\metrics.py", line 144, in __call__
    return self.score_func(y_true, y_pred, **kwargs)
  File "C:\Users\ugrys\AppData\Roaming\Python\Python310\site-packages\sklearn\utils\_param_validation.py", line 213, in wrapper
    return func(*args, **kwargs)
  File "C:\Users\ugrys\AppData\Roaming\Python\Python310\site-packages\sklearn\metrics\_ranking.py", line 634, in roc_auc_score
    return _multiclass_roc_auc_score(
  File "C:\Users\ugrys\AppData\Roaming\Python\Python310\site-packages\sklearn\metrics\_ranking.py", line 707, in _multiclass_roc_auc_score
    raise ValueError(
ValueError: Target scores need to be probabilities for multiclass roc_auc, i.e. they should sum up to 1.0 over classes

  warnings.warn(

2026-04-20 20:40:42,947:WARNING:C:\Users\ugrys\AppData\Roaming\Python\Python310\site-packages\pycaret\internal\metrics.py:204: FitFailedWarning: Metric 'make_scorer(roc_auc_score, response_method=('decision_function', 'predict_proba'), average=weighted, multi_class=ovr)' failed and error score 0.0 has been returned instead. If this is a custom metric, this usually means that the error is in the metric code. Full exception below:
Traceback (most recent call last):
  File "C:\Users\ugrys\AppData\Roaming\Python\Python310\site-packages\pycaret\internal\metrics.py", line 196, in _score
    return super()._score(
  File "C:\Users\ugrys\AppData\Roaming\Python\Python310\site-packages\sklearn\metrics\_scorer.py", line 350, in _score
    return self._sign * self._score_func(y_true, y_pred, **scoring_kwargs)
  File "C:\Users\ugrys\AppData\Roaming\Python\Python310\site-packages\pycaret\internal\metrics.py", line 144, in __call__
    return self.score_func(y_true, y_pred, **kwargs)
  File "C:\Users\ugrys\AppData\Roaming\Python\Python310\site-packages\sklearn\utils\_param_validation.py", line 213, in wrapper
    return func(*args, **kwargs)
  File "C:\Users\ugrys\AppData\Roaming\Python\Python310\site-packages\sklearn\metrics\_ranking.py", line 634, in roc_auc_score
    return _multiclass_roc_auc_score(
  File "C:\Users\ugrys\AppData\Roaming\Python\Python310\site-packages\sklearn\metrics\_ranking.py", line 707, in _multiclass_roc_auc_score
    raise ValueError(
ValueError: Target scores need to be probabilities for multiclass roc_auc, i.e. they should sum up to 1.0 over classes

  warnings.warn(

2026-04-20 20:40:42,947:WARNING:C:\Users\ugrys\AppData\Roaming\Python\Python310\site-packages\pycaret\internal\metrics.py:204: FitFailedWarning: Metric 'make_scorer(roc_auc_score, response_method=('decision_function', 'predict_proba'), average=weighted, multi_class=ovr)' failed and error score 0.0 has been returned instead. If this is a custom metric, this usually means that the error is in the metric code. Full exception below:
Traceback (most recent call last):
  File "C:\Users\ugrys\AppData\Roaming\Python\Python310\site-packages\pycaret\internal\metrics.py", line 196, in _score
    return super()._score(
  File "C:\Users\ugrys\AppData\Roaming\Python\Python310\site-packages\sklearn\metrics\_scorer.py", line 350, in _score
    return self._sign * self._score_func(y_true, y_pred, **scoring_kwargs)
  File "C:\Users\ugrys\AppData\Roaming\Python\Python310\site-packages\pycaret\internal\metrics.py", line 144, in __call__
    return self.score_func(y_true, y_pred, **kwargs)
  File "C:\Users\ugrys\AppData\Roaming\Python\Python310\site-packages\sklearn\utils\_param_validation.py", line 213, in wrapper
    return func(*args, **kwargs)
  File "C:\Users\ugrys\AppData\Roaming\Python\Python310\site-packages\sklearn\metrics\_ranking.py", line 634, in roc_auc_score
    return _multiclass_roc_auc_score(
  File "C:\Users\ugrys\AppData\Roaming\Python\Python310\site-packages\sklearn\metrics\_ranking.py", line 707, in _multiclass_roc_auc_score
    raise ValueError(
ValueError: Target scores need to be probabilities for multiclass roc_auc, i.e. they should sum up to 1.0 over classes

  warnings.warn(

2026-04-20 20:40:42,958:WARNING:C:\Users\ugrys\AppData\Roaming\Python\Python310\site-packages\sklearn\metrics\_classification.py:1561: UserWarning: Note that pos_label (set to 'Northern/Eastern Europe') is ignored when average != 'binary' (got 'weighted'). You may use labels=[pos_label] to specify a single positive class.
  warnings.warn(

2026-04-20 20:40:42,958:WARNING:C:\Users\ugrys\AppData\Roaming\Python\Python310\site-packages\pycaret\internal\metrics.py:204: FitFailedWarning: Metric 'make_scorer(roc_auc_score, response_method=('decision_function', 'predict_proba'), average=weighted, multi_class=ovr)' failed and error score 0.0 has been returned instead. If this is a custom metric, this usually means that the error is in the metric code. Full exception below:
Traceback (most recent call last):
  File "C:\Users\ugrys\AppData\Roaming\Python\Python310\site-packages\pycaret\internal\metrics.py", line 196, in _score
    return super()._score(
  File "C:\Users\ugrys\AppData\Roaming\Python\Python310\site-packages\sklearn\metrics\_scorer.py", line 350, in _score
    return self._sign * self._score_func(y_true, y_pred, **scoring_kwargs)
  File "C:\Users\ugrys\AppData\Roaming\Python\Python310\site-packages\pycaret\internal\metrics.py", line 144, in __call__
    return self.score_func(y_true, y_pred, **kwargs)
  File "C:\Users\ugrys\AppData\Roaming\Python\Python310\site-packages\sklearn\utils\_param_validation.py", line 213, in wrapper
    return func(*args, **kwargs)
  File "C:\Users\ugrys\AppData\Roaming\Python\Python310\site-packages\sklearn\metrics\_ranking.py", line 634, in roc_auc_score
    return _multiclass_roc_auc_score(
  File "C:\Users\ugrys\AppData\Roaming\Python\Python310\site-packages\sklearn\metrics\_ranking.py", line 707, in _multiclass_roc_auc_score
    raise ValueError(
ValueError: Target scores need to be probabilities for multiclass roc_auc, i.e. they should sum up to 1.0 over classes

  warnings.warn(

2026-04-20 20:40:42,958:WARNING:C:\Users\ugrys\AppData\Roaming\Python\Python310\site-packages\sklearn\metrics\_classification.py:1561: UserWarning: Note that pos_label (set to 'Northern/Eastern Europe') is ignored when average != 'binary' (got 'weighted'). You may use labels=[pos_label] to specify a single positive class.
  warnings.warn(

2026-04-20 20:40:42,962:WARNING:C:\Users\ugrys\AppData\Roaming\Python\Python310\site-packages\sklearn\metrics\_classification.py:1561: UserWarning: Note that pos_label (set to 'Northern/Eastern Europe') is ignored when average != 'binary' (got 'weighted'). You may use labels=[pos_label] to specify a single positive class.
  warnings.warn(

2026-04-20 20:40:42,962:WARNING:C:\Users\ugrys\AppData\Roaming\Python\Python310\site-packages\sklearn\metrics\_classification.py:1561: UserWarning: Note that pos_label (set to 'Northern/Eastern Europe') is ignored when average != 'binary' (got 'weighted'). You may use labels=[pos_label] to specify a single positive class.
  warnings.warn(

2026-04-20 20:40:42,963:WARNING:C:\Users\ugrys\AppData\Roaming\Python\Python310\site-packages\sklearn\metrics\_classification.py:1561: UserWarning: Note that pos_label (set to 'Northern/Eastern Europe') is ignored when average != 'binary' (got 'weighted'). You may use labels=[pos_label] to specify a single positive class.
  warnings.warn(

2026-04-20 20:40:42,963:WARNING:C:\Users\ugrys\AppData\Roaming\Python\Python310\site-packages\sklearn\metrics\_classification.py:1561: UserWarning: Note that pos_label (set to 'Northern/Eastern Europe') is ignored when average != 'binary' (got 'weighted'). You may use labels=[pos_label] to specify a single positive class.
  warnings.warn(

2026-04-20 20:40:42,964:WARNING:C:\Users\ugrys\AppData\Roaming\Python\Python310\site-packages\sklearn\metrics\_classification.py:1509: UndefinedMetricWarning: Recall is ill-defined and being set to 0.0 in labels with no true samples. Use `zero_division` parameter to control this behavior.
  _warn_prf(average, modifier, f"{metric.capitalize()} is", len(result))

2026-04-20 20:40:42,965:WARNING:C:\Users\ugrys\AppData\Roaming\Python\Python310\site-packages\sklearn\metrics\_classification.py:1509: UndefinedMetricWarning: Recall is ill-defined and being set to 0.0 in labels with no true samples. Use `zero_division` parameter to control this behavior.
  _warn_prf(average, modifier, f"{metric.capitalize()} is", len(result))

2026-04-20 20:40:42,967:WARNING:C:\Users\ugrys\AppData\Roaming\Python\Python310\site-packages\sklearn\metrics\_classification.py:1561: UserWarning: Note that pos_label (set to 'Northern/Eastern Europe') is ignored when average != 'binary' (got 'weighted'). You may use labels=[pos_label] to specify a single positive class.
  warnings.warn(

2026-04-20 20:40:42,963:WARNING:C:\Users\ugrys\AppData\Roaming\Python\Python310\site-packages\sklearn\metrics\_classification.py:1509: UndefinedMetricWarning: Recall is ill-defined and being set to 0.0 in labels with no true samples. Use `zero_division` parameter to control this behavior.
  _warn_prf(average, modifier, f"{metric.capitalize()} is", len(result))

2026-04-20 20:40:42,969:WARNING:C:\Users\ugrys\AppData\Roaming\Python\Python310\site-packages\sklearn\metrics\_classification.py:1509: UndefinedMetricWarning: Recall is ill-defined and being set to 0.0 in labels with no true samples. Use `zero_division` parameter to control this behavior.
  _warn_prf(average, modifier, f"{metric.capitalize()} is", len(result))

2026-04-20 20:40:42,969:WARNING:C:\Users\ugrys\AppData\Roaming\Python\Python310\site-packages\sklearn\metrics\_classification.py:1509: UndefinedMetricWarning: Recall is ill-defined and being set to 0.0 in labels with no true samples. Use `zero_division` parameter to control this behavior.
  _warn_prf(average, modifier, f"{metric.capitalize()} is", len(result))

2026-04-20 20:40:42,971:WARNING:C:\Users\ugrys\AppData\Roaming\Python\Python310\site-packages\sklearn\metrics\_classification.py:1561: UserWarning: Note that pos_label (set to 'Northern/Eastern Europe') is ignored when average != 'binary' (got 'weighted'). You may use labels=[pos_label] to specify a single positive class.
  warnings.warn(

2026-04-20 20:40:42,971:WARNING:C:\Users\ugrys\AppData\Roaming\Python\Python310\site-packages\sklearn\metrics\_classification.py:1561: UserWarning: Note that pos_label (set to 'Northern/Eastern Europe') is ignored when average != 'binary' (got 'weighted'). You may use labels=[pos_label] to specify a single positive class.
  warnings.warn(

2026-04-20 20:40:42,971:WARNING:C:\Users\ugrys\AppData\Roaming\Python\Python310\site-packages\sklearn\metrics\_classification.py:1561: UserWarning: Note that pos_label (set to 'Northern/Eastern Europe') is ignored when average != 'binary' (got 'weighted'). You may use labels=[pos_label] to specify a single positive class.
  warnings.warn(

2026-04-20 20:40:42,967:WARNING:C:\Users\ugrys\AppData\Roaming\Python\Python310\site-packages\sklearn\metrics\_classification.py:1561: UserWarning: Note that pos_label (set to 'Northern/Eastern Europe') is ignored when average != 'binary' (got 'weighted'). You may use labels=[pos_label] to specify a single positive class.
  warnings.warn(

2026-04-20 20:40:42,973:WARNING:C:\Users\ugrys\AppData\Roaming\Python\Python310\site-packages\sklearn\metrics\_classification.py:1561: UserWarning: Note that pos_label (set to 'Northern/Eastern Europe') is ignored when average != 'binary' (got 'weighted'). You may use labels=[pos_label] to specify a single positive class.
  warnings.warn(

2026-04-20 20:40:42,973:WARNING:C:\Users\ugrys\AppData\Roaming\Python\Python310\site-packages\sklearn\metrics\_classification.py:1561: UserWarning: Note that pos_label (set to 'Northern/Eastern Europe') is ignored when average != 'binary' (got 'weighted'). You may use labels=[pos_label] to specify a single positive class.
  warnings.warn(

2026-04-20 20:40:42,974:WARNING:C:\Users\ugrys\AppData\Roaming\Python\Python310\site-packages\sklearn\metrics\_classification.py:1509: UndefinedMetricWarning: Recall is ill-defined and being set to 0.0 in labels with no true samples. Use `zero_division` parameter to control this behavior.
  _warn_prf(average, modifier, f"{metric.capitalize()} is", len(result))

2026-04-20 20:40:42,974:WARNING:C:\Users\ugrys\AppData\Roaming\Python\Python310\site-packages\sklearn\metrics\_classification.py:1509: UndefinedMetricWarning: Precision is ill-defined and being set to 0.0 in labels with no predicted samples. Use `zero_division` parameter to control this behavior.
  _warn_prf(average, modifier, f"{metric.capitalize()} is", len(result))

2026-04-20 20:40:42,975:WARNING:C:\Users\ugrys\AppData\Roaming\Python\Python310\site-packages\sklearn\metrics\_classification.py:1509: UndefinedMetricWarning: Precision is ill-defined and being set to 0.0 in labels with no predicted samples. Use `zero_division` parameter to control this behavior.
  _warn_prf(average, modifier, f"{metric.capitalize()} is", len(result))

2026-04-20 20:40:42,975:WARNING:C:\Users\ugrys\AppData\Roaming\Python\Python310\site-packages\sklearn\metrics\_classification.py:1561: UserWarning: Note that pos_label (set to 'Northern/Eastern Europe') is ignored when average != 'binary' (got 'weighted'). You may use labels=[pos_label] to specify a single positive class.
  warnings.warn(

2026-04-20 20:40:42,975:WARNING:C:\Users\ugrys\AppData\Roaming\Python\Python310\site-packages\sklearn\metrics\_classification.py:1561: UserWarning: Note that pos_label (set to 'Northern/Eastern Europe') is ignored when average != 'binary' (got 'weighted'). You may use labels=[pos_label] to specify a single positive class.
  warnings.warn(

2026-04-20 20:40:42,976:WARNING:C:\Users\ugrys\AppData\Roaming\Python\Python310\site-packages\sklearn\metrics\_classification.py:1509: UndefinedMetricWarning: Precision is ill-defined and being set to 0.0 in labels with no predicted samples. Use `zero_division` parameter to control this behavior.
  _warn_prf(average, modifier, f"{metric.capitalize()} is", len(result))

2026-04-20 20:40:42,976:WARNING:C:\Users\ugrys\AppData\Roaming\Python\Python310\site-packages\sklearn\metrics\_classification.py:1561: UserWarning: Note that pos_label (set to 'Northern/Eastern Europe') is ignored when average != 'binary' (got 'weighted'). You may use labels=[pos_label] to specify a single positive class.
  warnings.warn(

2026-04-20 20:40:42,976:WARNING:C:\Users\ugrys\AppData\Roaming\Python\Python310\site-packages\sklearn\metrics\_classification.py:1561: UserWarning: Note that pos_label (set to 'Northern/Eastern Europe') is ignored when average != 'binary' (got 'weighted'). You may use labels=[pos_label] to specify a single positive class.
  warnings.warn(

2026-04-20 20:40:42,978:WARNING:C:\Users\ugrys\AppData\Roaming\Python\Python310\site-packages\sklearn\metrics\_classification.py:1509: UndefinedMetricWarning: Precision is ill-defined and being set to 0.0 in labels with no predicted samples. Use `zero_division` parameter to control this behavior.
  _warn_prf(average, modifier, f"{metric.capitalize()} is", len(result))

2026-04-20 20:40:42,978:WARNING:C:\Users\ugrys\AppData\Roaming\Python\Python310\site-packages\sklearn\metrics\_classification.py:1509: UndefinedMetricWarning: Precision is ill-defined and being set to 0.0 in labels with no predicted samples. Use `zero_division` parameter to control this behavior.
  _warn_prf(average, modifier, f"{metric.capitalize()} is", len(result))

2026-04-20 20:40:42,981:WARNING:C:\Users\ugrys\AppData\Roaming\Python\Python310\site-packages\sklearn\metrics\_classification.py:1509: UndefinedMetricWarning: Precision is ill-defined and being set to 0.0 in labels with no predicted samples. Use `zero_division` parameter to control this behavior.
  _warn_prf(average, modifier, f"{metric.capitalize()} is", len(result))

2026-042026-04-20 20:40:42,986:WARNING:C:\Users\ugrys\AppData\Roaming\Python\Python310\site-packages\sklearn\metrics\_classification.py:1509: UndefinedMetricWarning: F-score is ill-defined and being set to 0.0 in labels with no true nor predicted samples. Use `zero_division` parameter to control this behavior.
  _warn_prf(average, modifier, f"{metric.capitalize()} is", le2026-04-20 20:40:42,988:WARNING:C:\Users\ugrys\AppData\Roaming\Python\Python310\site-packages\sklearn\metrics\_classification.py:1509: UndefinedMetricWarning: F-score is ill-defined and being set to 0.0 in labels with no true nor predicted samples. Use `zero_division` parameter to control this behavior.
  _warn_prf(average, modifier, f"{metric.capitalize()} is", len(result))

2026-04-20 20:40:42,987:WARNING:C:\Users\ugrys\AppData\Roaming\Python\Python310\site-packages\sklearn\metrics\_classification.py:1561: UserWarning: Note that pos_label (set to 'Northern/Eastern Europe') is ignored when average != 'binary' (got 'weighted'). You may use labels=[pos_label] to specify a single positive class.
  warnings.warn(

2026-04-20 20:40:42,987:WARNING:C:\Users\ugrys\AppData\Roaming\Python\Python310\site-packages\sklearn\metrics\_classification.py:1561: UserWarning: Note that pos_label (set to 'Northern/Eastern Europe') is ignored when average != 'binary' (got 'weighted'). You may use labels=[pos_label] to specify a single positive class.
  warnings.warn(

2026-04-20 20:40:42,987:WARNING:C:\Users\ugrys\AppData\Roaming\Python\Python310\site-packages\sklearn\metrics\_classification.py:1561: UserWarning: Note that pos_label (set to 'Northern/Eastern Europe') is ignored when average != 'binary' (got 'weighted'). You may use labels=[pos_label] to specify a single positive class.
  warnings.warn(

2026-04-20 20:40:42,996:WARNING:C:\Users\ugrys\AppData\Roaming\Python\Python310\site-packages\sklearn\metrics\_classification.py:1509: UndefinedMetricWarning: F-score is ill-defined and being set to 0.0 in labels with no true nor predicted samples. Use `zero_division` parameter to control this behavior.
  _warn_prf(average, modifier, f"{metric.capitalize()} is", len(result))

2026-04-20 20:40:42,994:WARNING:C:\Users\ugrys\AppData\Roaming\Python\Python310\site-packages\sklearn\metrics\_classification.py:1509: UndefinedMetricWarning: F-score is ill-defined and being set to 0.0 in labels with no true nor predicted samples. Use `zero_division` parameter to control this behavior.
  _warn_prf(average, modifier, f"{metric.capitalize()} is", len(result))

2026-04-20 20:40:43,192:WARNING:C:\Users\ugrys\AppData\Roaming\Python\Python310\site-packages\sklearn\linear_model\_logistic.py:469: ConvergenceWarning: lbfgs failed to converge (status=1):
STOP: TOTAL NO. of ITERATIONS REACHED LIMIT.

Increase the number of iterations (max_iter) or scale the data as shown in:
    https://scikit-learn.org/stable/modules/preprocessing.html
Please also refer to the documentation for alternative solver options:
    https://scikit-learn.org/stable/modules/linear_model.html#logistic-regression
  n_iter_i = _check_optimize_result(

2026-04-20 20:40:43,228:WARNING:C:\Users\ugrys\AppData\Roaming\Python\Python310\site-packages\pycaret\internal\metrics.py:204: FitFailedWarning: Metric 'make_scorer(roc_auc_score, response_method=('decision_function', 'predict_proba'), average=weighted, multi_class=ovr)' failed and error score 0.0 has been returned instead. If this is a custom metric, this usually means that the error is in the metric code. Full exception below:
Traceback (most recent call last):
  File "C:\Users\ugrys\AppData\Roaming\Python\Python310\site-packages\pycaret\internal\metrics.py", line 196, in _score
    return super()._score(
  File "C:\Users\ugrys\AppData\Roaming\Python\Python310\site-packages\sklearn\metrics\_scorer.py", line 350, in _score
    return self._sign * self._score_func(y_true, y_pred, **scoring_kwargs)
  File "C:\Users\ugrys\AppData\Roaming\Python\Python310\site-packages\pycaret\internal\metrics.py", line 144, in __call__
    return self.score_func(y_true, y_pred, **kwargs)
  File "C:\Users\ugrys\AppData\Roaming\Python\Python310\site-packages\sklearn\utils\_param_validation.py", line 213, in wrapper
    return func(*args, **kwargs)
  File "C:\Users\ugrys\AppData\Roaming\Python\Python310\site-packages\sklearn\metrics\_ranking.py", line 634, in roc_auc_score
    return _multiclass_roc_auc_score(
  File "C:\Users\ugrys\AppData\Roaming\Python\Python310\site-packages\sklearn\metrics\_ranking.py", line 707, in _multiclass_roc_auc_score
    raise ValueError(
ValueError: Target scores need to be probabilities for multiclass roc_auc, i.e. they should sum up to 1.0 over classes

  warnings.warn(

2026-04-20 20:40:43,231:WARNING:C:\Users\ugrys\AppData\Roaming\Python\Python310\site-packages\sklearn\metrics\_classification.py:1561: UserWarning: Note that pos_label (set to 'Northern/Eastern Europe') is ignored when average != 'binary' (got 'weighted'). You may use labels=[pos_label] to specify a single positive class.
  warnings.warn(

2026-04-20 20:40:43,233:WARNING:C:\Users\ugrys\AppData\Roaming\Python\Python310\site-packages\sklearn\metrics\_classification.py:1509: UndefinedMetricWarning: Recall is ill-defined and being set to 0.0 in labels with no true samples. Use `zero_division` parameter to control this behavior.
  _warn_prf(average, modifier, f"{metric.capitalize()} is", len(result))

2026-04-20 20:40:43,234:WARNING:C:\Users\ugrys\AppData\Roaming\Python\Python310\site-packages\sklearn\metrics\_classification.py:1561: UserWarning: Note that pos_label (set to 'Northern/Eastern Europe') is ignored when average != 'binary' (got 'weighted'). You may use labels=[pos_label] to specify a single positive class.
  warnings.warn(

2026-04-20 20:40:43,235:WARNING:C:\Users\ugrys\AppData\Roaming\Python\Python310\site-packages\sklearn\metrics\_classification.py:1509: UndefinedMetricWarning: Precision is ill-defined and being set to 0.0 in labels with no predicted samples. Use `zero_division` parameter to control this behavior.
  _warn_prf(average, modifier, f"{metric.capitalize()} is", len(result))

2026-04-20 20:40:43,237:WARNING:C:\Users\ugrys\AppData\Roaming\Python\Python310\site-packages\sklearn\metrics\_classification.py:1561: UserWarning: Note that pos_label (set to 'Northern/Eastern Europe') is ignored when average != 'binary' (got 'weighted'). You may use labels=[pos_label] to specify a single positive class.
  warnings.warn(

2026-04-20 20:40:43,239:WARNING:C:\Users\ugrys\AppData\Roaming\Python\Python310\site-packages\sklearn\metrics\_classification.py:1509: UndefinedMetricWarning: F-score is ill-defined and being set to 0.0 in labels with no true nor predicted samples. Use `zero_division` parameter to control this behavior.
  _warn_prf(average, modifier, f"{metric.capitalize()} is", len(result))

2026-04-20 20:40:43,292:WARNING:C:\Users\ugrys\AppData\Roaming\Python\Python310\site-packages\sklearn\linear_model\_logistic.py:469: ConvergenceWarning: lbfgs failed to converge (status=1):
STOP: TOTAL NO. of ITERATIONS REACHED LIMIT.

Increase the number of iterations (max_iter) or scale the data as shown in:
    https://scikit-learn.org/stable/modules/preprocessing.html
Please also refer to the documentation for alternative solver options:
    https://scikit-learn.org/stable/modules/linear_model.html#logistic-regression
  n_iter_i = _check_optimize_result(

2026-04-20 20:40:43,333:WARNING:C:\Users\ugrys\AppData\Roaming\Python\Python310\site-packages\pycaret\internal\metrics.py:204: FitFailedWarning: Metric 'make_scorer(roc_auc_score, response_method=('decision_function', 'predict_proba'), average=weighted, multi_class=ovr)' failed and error score 0.0 has been returned instead. If this is a custom metric, this usually means that the error is in the metric code. Full exception below:
Traceback (most recent call last):
  File "C:\Users\ugrys\AppData\Roaming\Python\Python310\site-packages\pycaret\internal\metrics.py", line 196, in _score
    return super()._score(
  File "C:\Users\ugrys\AppData\Roaming\Python\Python310\site-packages\sklearn\metrics\_scorer.py", line 350, in _score
    return self._sign * self._score_func(y_true, y_pred, **scoring_kwargs)
  File "C:\Users\ugrys\AppData\Roaming\Python\Python310\site-packages\pycaret\internal\metrics.py", line 144, in __call__
    return self.score_func(y_true, y_pred, **kwargs)
  File "C:\Users\ugrys\AppData\Roaming\Python\Python310\site-packages\sklearn\utils\_param_validation.py", line 213, in wrapper
    return func(*args, **kwargs)
  File "C:\Users\ugrys\AppData\Roaming\Python\Python310\site-packages\sklearn\metrics\_ranking.py", line 634, in roc_auc_score
    return _multiclass_roc_auc_score(
  File "C:\Users\ugrys\AppData\Roaming\Python\Python310\site-packages\sklearn\metrics\_ranking.py", line 707, in _multiclass_roc_auc_score
    raise ValueError(
ValueError: Target scores need to be probabilities for multiclass roc_auc, i.e. they should sum up to 1.0 over classes

  warnings.warn(

2026-04-20 20:40:43,338:WARNING:C:\Users\ugrys\AppData\Roaming\Python\Python310\site-packages\sklearn\metrics\_classification.py:1561: UserWarning: Note that pos_label (set to 'Northern/Eastern Europe') is ignored when average != 'binary' (got 'weighted'). You may use labels=[pos_label] to specify a single positive class.
  warnings.warn(

2026-04-20 20:40:43,339:WARNING:C:\Users\ugrys\AppData\Roaming\Python\Python310\site-packages\sklearn\metrics\_classification.py:1509: UndefinedMetricWarning: Recall is ill-defined and being set to 0.0 in labels with no true samples. Use `zero_division` parameter to control this behavior.
  _warn_prf(average, modifier, f"{metric.capitalize()} is", len(result))

2026-04-20 20:40:43,340:WARNING:C:\Users\ugrys\AppData\Roaming\Python\Python310\site-packages\sklearn\metrics\_classification.py:1561: UserWarning: Note that pos_label (set to 'Northern/Eastern Europe') is ignored when average != 'binary' (got 'weighted'). You may use labels=[pos_label] to specify a single positive class.
  warnings.warn(

2026-04-20 20:40:43,342:WARNING:C:\Users\ugrys\AppData\Roaming\Python\Python310\site-packages\sklearn\metrics\_classification.py:1509: UndefinedMetricWarning: Precision is ill-defined and being set to 0.0 in labels with no predicted samples. Use `zero_division` parameter to control this behavior.
  _warn_prf(average, modifier, f"{metric.capitalize()} is", len(result))

2026-04-20 20:40:43,344:WARNING:C:\Users\ugrys\AppData\Roaming\Python\Python310\site-packages\sklearn\metrics\_classification.py:1561: UserWarning: Note that pos_label (set to 'Northern/Eastern Europe') is ignored when average != 'binary' (got 'weighted'). You may use labels=[pos_label] to specify a single positive class.
  warnings.warn(

2026-04-20 20:40:43,346:WARNING:C:\Users\ugrys\AppData\Roaming\Python\Python310\site-packages\sklearn\metrics\_classification.py:1509: UndefinedMetricWarning: F-score is ill-defined and being set to 0.0 in labels with no true nor predicted samples. Use `zero_division` parameter to control this behavior.
  _warn_prf(average, modifier, f"{metric.capitalize()} is", len(result))

2026-04-20 20:40:43,351:INFO:Calculating mean and std
2026-04-20 20:40:43,353:INFO:Creating metrics dataframe
2026-04-20 20:40:43,355:INFO:Uploading results into container
2026-04-20 20:40:43,355:INFO:Uploading model into container now
2026-04-20 20:40:43,357:INFO:_master_model_container: 1
2026-04-20 20:40:43,357:INFO:_display_container: 2
2026-04-20 20:40:43,358:INFO:LogisticRegression(C=1.0, class_weight=None, dual=False, fit_intercept=True,
                   intercept_scaling=1, l1_ratio=None, max_iter=1000,
                   multi_class='auto', n_jobs=None, penalty='l2',
                   random_state=42, solver='lbfgs', tol=0.0001, verbose=0,
                   warm_start=False)
2026-04-20 20:40:43,358:INFO:create_model() successfully completed......................................
2026-04-20 20:40:43,529:INFO:SubProcess create_model() end ==================================
2026-04-20 20:40:43,529:INFO:Creating metrics dataframe
2026-04-20 20:40:43,533:INFO:Initializing Decision Tree Classifier
2026-04-20 20:40:43,533:INFO:Total runtime is 0.12098824977874756 minutes
2026-04-20 20:40:43,533:INFO:SubProcess create_model() called ==================================
2026-04-20 20:40:43,533:INFO:Initializing create_model()
2026-04-20 20:40:43,533:INFO:create_model(self=<pycaret.classification.oop.ClassificationExperiment object at 0x00000251221D3E80>, estimator=dt, fold=StratifiedKFold(n_splits=10, random_state=None, shuffle=False), round=4, cross_validation=True, predict=True, fit_kwargs={}, groups=None, refit=False, probability_threshold=None, experiment_custom_tags=None, verbose=False, system=False, add_to_model_list=True, metrics=None, display=<pycaret.internal.display.display.CommonDisplay object at 0x0000025122DF7F40>, model_only=True, return_train_score=False, error_score=0.0, kwargs={})
2026-04-20 20:40:43,534:INFO:Checking exceptions
2026-04-20 20:40:43,534:INFO:Importing libraries
2026-04-20 20:40:43,534:INFO:Copying training dataset
2026-04-20 20:40:43,540:INFO:Defining folds
2026-04-20 20:40:43,540:INFO:Declaring metric variables
2026-04-20 20:40:43,541:INFO:Importing untrained model
2026-04-20 20:40:43,541:INFO:Decision Tree Classifier Imported successfully
2026-04-20 20:40:43,541:INFO:Starting cross validation
2026-04-20 20:40:43,543:INFO:Cross validating with StratifiedKFold(n_splits=10, random_state=None, shuffle=False), n_jobs=-1
2026-04-20 20:40:43,547:WARNING:C:\Users\ugrys\AppData\Roaming\Python\Python310\site-packages\sklearn\model_selection\_split.py:737: UserWarning: The least populated class in y has only 2 members, which is less than n_splits=10.
  warnings.warn(

2026-04-20 20:40:43,857:WARNING:C:\Users\ugrys\AppData\Roaming\Python\Python310\site-packages\pycaret\internal\metrics.py:204: FitFailedWarning: Metric 'make_scorer(roc_auc_score, response_method=('decision_function', 'predict_proba'), average=weighted, multi_class=ovr)' failed and error score 0.0 has been returned instead. If this is a custom metric, this usually means that the error is in the metric code. Full exception below:
Traceback (most recent call last):
  File "C:\Users\ugrys\AppData\Roaming\Python\Python310\site-packages\pycaret\internal\metrics.py", line 196, in _score
    return super()._score(
  File "C:\Users\ugrys\AppData\Roaming\Python\Python310\site-packages\sklearn\metrics\_scorer.py", line 350, in _score
    return self._sign * self._score_func(y_true, y_pred, **scoring_kwargs)
  File "C:\Users\ugrys\AppData\Roaming\Python\Python310\site-packages\pycaret\internal\metrics.py", line 144, in __call__
    return self.score_func(y_true, y_pred, **kwargs)
  File "C:\Users\ugrys\AppData\Roaming\Python\Python310\site-packages\sklearn\utils\_param_validation.py", line 213, in wrapper
    return func(*args, **kwargs)
  File "C:\Users\ugrys\AppData\Roaming\Python\Python310\site-packages\sklearn\metrics\_ranking.py", line 634, in roc_auc_score
    return _multiclass_roc_auc_score(
  File "C:\Users\ugrys\AppData\Roaming\Python\Python310\site-packages\sklearn\metrics\_ranking.py", line 751, in _multiclass_roc_auc_score
    raise ValueError(
ValueError: Number of classes in y_true not equal to the number of columns in 'y_score'

  warnings.warn(

2026-04-20 20:40:43,862:WARNING:C:\Users\ugrys\AppData\Roaming\Python\Python310\site-packages\sklearn\metrics\_classification.py:1561: UserWarning: Note that pos_label (set to 'Northern/Eastern Europe') is ignored when average != 'binary' (got 'weighted'). You may use labels=[pos_label] to specify a single positive class.
  warnings.warn(

2026-04-20 20:40:43,865:WARNING:C:\Users\ugrys\AppData\Roaming\Python\Python310\site-packages\sklearn\metrics\_classification.py:1509: UndefinedMetricWarning: Recall is ill-defined and being set to 0.0 in labels with no true samples. Use `zero_division` parameter to control this behavior.
  _warn_prf(average, modifier, f"{metric.capitalize()} is", len(result))

2026-04-20 20:40:43,866:WARNING:C:\Users\ugrys\AppData\Roaming\Python\Python310\site-packages\pycaret\internal\metrics.py:204: FitFailedWarning: Metric 'make_scorer(roc_auc_score, response_method=('decision_function', 'predict_proba'), average=weighted, multi_class=ovr)' failed and error score 0.0 has been returned instead. If this is a custom metric, this usually means that the error is in the metric code. Full exception below:
Traceback (most recent call last):
  File "C:\Users\ugrys\AppData\Roaming\Python\Python310\site-packages\pycaret\internal\metrics.py", line 196, in _score
    return super()._score(
  File "C:\Users\ugrys\AppData\Roaming\Python\Python310\site-packages\sklearn\metrics\_scorer.py", line 350, in _score
    return self._sign * self._score_func(y_true, y_pred, **scoring_kwargs)
  File "C:\Users\ugrys\AppData\Roaming\Python\Python310\site-packages\pycaret\internal\metrics.py", line 144, in __call__
    return self.score_func(y_true, y_pred, **kwargs)
  File "C:\Users\ugrys\AppData\Roaming\Python\Python310\site-packages\sklearn\utils\_param_validation.py", line 213, in wrapper
    return func(*args, **kwargs)
  File "C:\Users\ugrys\AppData\Roaming\Python\Python310\site-packages\sklearn\metrics\_ranking.py", line 634, in roc_auc_score
    return _multiclass_roc_auc_score(
  File "C:\Users\ugrys\AppData\Roaming\Python\Python310\site-packages\sklearn\metrics\_ranking.py", line 751, in _multiclass_roc_auc_score
    raise ValueError(
ValueError: Number of classes in y_true not equal to the number of columns in 'y_score'

  warnings.warn(

2026-04-20 20:40:43,869:WARNING:C:\Users\ugrys\AppData\Roaming\Python\Python310\site-packages\pycaret\internal\metrics.py:204: FitFailedWarning: Metric 'make_scorer(roc_auc_score, response_method=('decision_function', 'predict_proba'), average=weighted, multi_class=ovr)' failed and error score 0.0 has been returned instead. If this is a custom metric, this usually means that the error is in the metric code. Full exception below:
Traceback (most recent call last):
  File "C:\Users\ugrys\AppData\Roaming\Python\Python310\site-packages\pycaret\internal\metrics.py", line 196, in _score
    return super()._score(
  File "C:\Users\ugrys\AppData\Roaming\Python\Python310\site-packages\sklearn\metrics\_scorer.py", line 350, in _score
    return self._sign * self._score_func(y_true, y_pred, **scoring_kwargs)
  File "C:\Users\ugrys\AppData\Roaming\Python\Python310\site-packages\pycaret\internal\metrics.py", line 144, in __call__
    return self.score_func(y_true, y_pred, **kwargs)
  File "C:\Users\ugrys\AppData\Roaming\Python\Python310\site-packages\sklearn\utils\_param_validation.py", line 213, in wrapper
    return func(*args, **kwargs)
  File "C:\Users\ugrys\AppData\Roaming\Python\Python310\site-packages\sklearn\metrics\_ranking.py", line 634, in roc_auc_score
    return _multiclass_roc_auc_score(
  File "C:\Users\ugrys\AppData\Roaming\Python\Python310\site-packages\sklearn\metrics\_ranking.py", line 751, in _multiclass_roc_auc_score
    raise ValueError(
ValueError: Number of classes in y_true not equal to the number of columns in 'y_score'

  warnings.warn(

2026-04-20 20:40:43,869:WARNING:C:\Users\ugrys\AppData\Roaming\Python\Python310\site-packages\sklearn\metrics\_classification.py:1561: UserWarning: Note that pos_label (set to 'Northern/Eastern Europe') is ignored when average != 'binary' (got 'weighted'). You may use labels=[pos_label] to specify a single positive class.
  warnings.warn(

2026-04-20 20:40:43,869:WARNING:C:\Users\ugrys\AppData\Roaming\Python\Python310\site-packages\sklearn\metrics\_classification.py:1561: UserWarning: Note that pos_label (set to 'Northern/Eastern Europe') is ignored when average != 'binary' (got 'weighted'). You may use labels=[pos_label] to specify a single positive class.
  warnings.warn(

2026-04-20 20:40:43,872:WARNING:C:\Users\ugrys\AppData\Roaming\Python\Python310\site-packages\pycaret\internal\metrics.py:204: FitFailedWarning: Metric 'make_scorer(roc_auc_score, response_method=('decision_function', 'predict_proba'), average=weighted, multi_class=ovr)' failed and error score 0.0 has been returned instead. If this is a custom metric, this usually means that the error is in the metric code. Full exception below:
Traceback (most recent call last):
  File "C:\Users\ugrys\AppData\Roaming\Python\Python310\site-packages\pycaret\internal\metrics.py", line 196, in _score
    return super()._score(
  File "C:\Users\ugrys\AppData\Roaming\Python\Python310\site-packages\sklearn\metrics\_scorer.py", line 350, in _score
    return self._sign * self._score_func(y_true, y_pred, **scoring_kwargs)
  File "C:\Users\ugrys\AppData\Roaming\Python\Python310\site-packages\pycaret\internal\metrics.py", line 144, in __call__
    return self.score_func(y_true, y_pred, **kwargs)
  File "C:\Users\ugrys\AppData\Roaming\Python\Python310\site-packages\sklearn\utils\_param_validation.py", line 213, in wrapper
    return func(*args, **kwargs)
  File "C:\Users\ugrys\AppData\Roaming\Python\Python310\site-packages\sklearn\metrics\_ranking.py", line 634, in roc_auc_score
    return _multiclass_roc_auc_score(
  File "C:\Users\ugrys\AppData\Roaming\Python\Python310\site-packages\sklearn\metrics\_ranking.py", line 751, in _multiclass_roc_auc_score
    raise ValueError(
ValueError: Number of classes in y_true not equal to the number of columns in 'y_score'

  warnings.warn(

2026-04-20 20:40:43,873:WARNING:C:\Users\ugrys\AppData\Roaming\Python\Python310\site-packages\pycaret\internal\metrics.py:204: FitFailedWarning: Metric 'make_scorer(roc_auc_score, response_method=('decision_function', 'predict_proba'), average=weighted, multi_class=ovr)' failed and error score 0.0 has been returned instead. If this is a custom metric, this usually means that the error is in the metric code. Full exception below:
Traceback (most recent call last):
  File "C:\Users\ugrys\AppData\Roaming\Python\Python310\site-packages\pycaret\internal\metrics.py", line 196, in _score
    return super()._score(
  File "C:\Users\ugrys\AppData\Roaming\Python\Python310\site-packages\sklearn\metrics\_scorer.py", line 350, in _score
    return self._sign * self._score_func(y_true, y_pred, **scoring_kwargs)
  File "C:\Users\ugrys\AppData\Roaming\Python\Python310\site-packages\pycaret\internal\metrics.py", line 144, in __call__
    return self.score_func(y_true, y_pred, **kwargs)
  File "C:\Users\ugrys\AppData\Roaming\Python\Python310\site-packages\sklearn\utils\_param_validation.py", line 213, in wrapper
    return func(*args, **kwargs)
  File "C:\Users\ugrys\AppData\Roaming\Python\Python310\site-packages\sklearn\metrics\_ranking.py", line 634, in roc_auc_score
    return _multiclass_roc_auc_score(
  File "C:\Users\ugrys\AppData\Roaming\Python\Python310\site-packages\sklearn\metrics\_ranking.py", line 751, in _multiclass_roc_auc_score
    raise ValueError(
ValueError: Number of classes in y_true not equal to the number of columns in 'y_score'

  warnings.warn(

2026-04-20 20:40:43,874:WARNING:C:\Users\ugrys\AppData\Roaming\Python\Python310\site-packages\sklearn\metrics\_classification.py:1561: UserWarning: Note that pos_label (set to 'Northern/Eastern Europe') is ignored when average != 'binary' (got 'weighted'). You may use labels=[pos_label] to specify a single positive class.
  warnings.warn(

2026-04-20 20:40:43,875:WARNING:C:\Users\ugrys\AppData\Roaming\Python\Python310\site-packages\sklearn\metrics\_classification.py:1509: UndefinedMetricWarning: Precision is ill-defined and being set to 0.0 in labels with no predicted samples. Use `zero_division` parameter to control this behavior.
  _warn_prf(average, modifier, f"{metric.capitalize()} is", len(result))

2026-04-20 20:40:43,875:WARNING:C:\Users\ugrys\AppData\Roaming\Python\Python310\site-packages\sklearn\metrics\_classification.py:1561: UserWarning: Note that pos_label (set to 'Northern/Eastern Europe') is ignored when average != 'binary' (got 'weighted'). You may use labels=[pos_label] to specify a single positive class.
  warnings.warn(

2026-04-20 20:40:43,875:WARNING:C:\Users\ugrys\AppData\Roaming\Python\Python310\site-packages\sklearn\metrics\_classification.py:1509: UndefinedMetricWarning: Recall is ill-defined and being set to 0.0 in labels with no true samples. Use `zero_division` parameter to control this behavior.
  _warn_prf(average, modifier, f"{metric.capitalize()} is", len(result))

2026-04-20 20:40:43,877:WARNING:C:\Users\ugrys\AppData\Roaming\Python\Python310\site-packages\sklearn\metrics\_classification.py:1561: UserWarning: Note that pos_label (set to 'Northern/Eastern Europe') is ignored when average != 'binary' (got 'weighted'). You may use labels=[pos_label] to specify a single positive class.
  warnings.warn(

2026-04-20 20:40:43,878:WARNING:C:\Users\ugrys\AppData\Roaming\Python\Python310\site-packages\pycaret\internal\metrics.py:204: FitFailedWarning: Metric 'make_scorer(roc_auc_score, response_method=('decision_function', 'predict_proba'), average=weighted, multi_class=ovr)' failed and error score 0.0 has been returned instead. If this is a custom metric, this usually means that the error is in the metric code. Full exception below:
Traceback (most recent call last):
  File "C:\Users\ugrys\AppData\Roaming\Python\Python310\site-packages\pycaret\internal\metrics.py", line 196, in _score
    return super()._score(
  File "C:\Users\ugrys\AppData\Roaming\Python\Python310\site-packages\sklearn\metrics\_scorer.py", line 350, in _score
    return self._sign * self._score_func(y_true, y_pred, **scoring_kwargs)
  File "C:\Users\ugrys\AppData\Roaming\Python\Python310\site-packages\pycaret\internal\metrics.py", line 144, in __call__
    return self.score_func(y_true, y_pred, **kwargs)
  File "C:\Users\ugrys\AppData\Roaming\Python\Python310\site-packages\sklearn\utils\_param_validation.py", line 213, in wrapper
    return func(*args, **kwargs)
  File "C:\Users\ugrys\AppData\Roaming\Python\Python310\site-packages\sklearn\metrics\_ranking.py", line 634, in roc_auc_score
    return _multiclass_roc_auc_score(
  File "C:\Users\ugrys\AppData\Roaming\Python\Python310\site-packages\sklearn\metrics\_ranking.py", line 751, in _multiclass_roc_auc_score
    raise ValueError(
ValueError: Number of classes in y_true not equal to the number of columns in 'y_score'

  warnings.warn(

2026-04-20 20:40:43,879:WARNING:C:\Users\ugrys\AppData\Roaming\Python\Python310\site-packages\sklearn\metrics\_classification.py:1509: UndefinedMetricWarning: Recall is ill-defined and being set to 0.0 in labels with no true samples. Use `zero_division` parameter to control this behavior.
  _warn_prf(average, modifier, f"{metric.capitalize()} is", len(result))

2026-04-20 20:40:43,879:WARNING:C:\Users\ugrys\AppData\Roaming\Python\Python310\site-packages\sklearn\metrics\_classification.py:1509: UndefinedMetricWarning: Recall is ill-defined and being set to 0.0 in labels with no true samples. Use `zero_division` parameter to control this behavior.
  _warn_prf(average, modifier, f"{metric.capitalize()} is", len(result))

2026-04-20 20:40:43,879:WARNING:C:\Users\ugrys\AppData\Roaming\Python\Python310\site-packages\sklearn\metrics\_classification.py:1561: UserWarning: Note that pos_label (set to 'Northern/Eastern Europe') is ignored when average != 'binary' (got 'weighted'). You may use labels=[pos_label] to specify a single positive class.
  warnings.warn(

2026-04-20 20:40:43,878:WARNING:C:\Users\ugrys\AppData\Roaming\Python\Python310\site-packages\sklearn\metrics\_classification.py:1509: UndefinedMetricWarning: Recall is ill-defined and being set to 0.0 in labels with no true samples. Use `zero_division` parameter to control this behavior.
  _warn_prf(average, modifier, f"{metric.capitalize()} is", len(result))

2026-04-20 20:40:43,881:WARNING:C:\Users\ugrys\AppData\Roaming\Python\Python310\site-packages\sklearn\metrics\_classification.py:1561: UserWarning: Note that pos_label (set to 'Northern/Eastern Europe') is ignored when average != 'binary' (got 'weighted'). You may use labels=[pos_label] to specify a single positive class.
  warnings.warn(

2026-04-20 20:40:43,881:WARNING:C:\Users\ugrys\AppData\Roaming\Python\Python310\site-packages\sklearn\metrics\_classification.py:1561: UserWarning: Note that pos_label (set to 'Northern/Eastern Europe') is ignored when average != 'binary' (got 'weighted'). You may use labels=[pos_label] to specify a single positive class.
  warnings.warn(

2026-04-20 20:40:43,883:WARNING:C:\Users\ugrys\AppData\Roaming\Python\Python310\site-packages\sklearn\metrics\_classification.py:1561: UserWarning: Note that pos_label (set to 'Northern/Eastern Europe') is ignored when average != 'binary' (got 'weighted'). You may use labels=[pos_label] to specify a single positive class.
  warnings.warn(

alize()} is", len(result))

2026-04-20 20:40:43,884:WARNING:C:\Users\ugrys\AppData\Roaming\Python\Python310\site-packages\sklearn\metrics\_classification.py:1561: UserWarning: Note that pos_label (set to 'Northern/Eastern Europe') is ignored when average != 'binary' (got 'weighted'). You may use labels=[pos_label] to specify a single positive class.
  warnings.warn(

2026-04-20 20:40:43,882:WARNING:C:\Users\ugrys\AppData\Roaming\Python\Python310\site-packages\sklearn\metrics\_classification.py:1561: UserWarning: Note that pos_label (set to 'Northern/Eastern Europe') is ignored when average != 'binary' (got 'weighted'). You may use labels=[pos_label] to specify a single positive class.
  warnings.warn(

2026-04-20 20:40:43,885:WARNING:C:\Users\ugrys\AppData\Roaming\Python\Python310\site-packages\sklearn\metrics\_classification.py:1509: UndefinedMetricWarning: F-score is ill-defined and being set to 0.0 in labels with no true nor predicted samples. Use `zero_division` parameter to control this behavior.
  _warn_prf(average, modifier, f"{metric.capitalize()} is", len(result))

2026-04-20 20:40:43,885:WARNING:C:\Users\ugrys\AppData\Roaming\Python\Python310\site-packages\sklearn\metrics\_classification.py:1509: UndefinedMetricWarning: Precision is ill-defined and being set to 0.0 in labels with no predicted samples. Use `zero_division` parameter to control this behavior.
  _warn_prf(average, modifier, f"{metric.capitalize()} is", len(result))

2026-04-20 20:40:43,887:WARNING:C:\Users\ugrys\AppData\Roaming\Python\Python310\site-packages\sklearn\metrics\_classification.py:1509: UndefinedMetricWarning: Precision is ill-defined and being set to 0.0 in labels with no predicted samples. Use `zero_division` parameter to control this behavior.
  _warn_prf(average, modifier, f"{metric.capitalize()} is", len(result))

2026-04-20 20:40:43,885:WARNING:C:\Users\ugrys\AppData\Roaming\Python\Python310\site-packages\sklearn\metrics\_classification.py:1509: UndefinedMetricWarning: Precision is ill-defined and being set to 0.0 in labels with no predicted samples. Use `zero_division` parameter to control this behavior.
  _warn_prf(average, modifier, f"{metric.capitalize()} is", len(result))

2026-04-20 20:40:43,887:WARNING:C:\Users\ugrys\AppData\Roaming\Python\Python310\site-packages\sklearn\metrics\_classification.py:1509: UndefinedMetricWarning: Recall is ill-defined and being set to 0.0 in labels with no true samples. Use `zero_division` parameter to control this behavior.
  _warn_prf(average, modifier, f"{metric.capitalize()} is", len(result))

2026-04-20 20:40:43,888:WARNING:C:\Users\ugrys\AppData\Roaming\Python\Python310\site-packages\sklearn\metrics\_classification.py:1561: UserWarning: Note that pos_label (set to 'Northern/Eastern Europe') is ignored when average != 'binary' (got 'weighted'). You may use labels=[pos_label] to specify a single positive class.
  warnings.warn(

2026-04-20 20:40:43,889:WARNING:C:\Users\ugrys\AppData\Roaming\Python\Python310\site-packages\sklearn\metrics\_classification.py:1561: UserWarning: Note that pos_label (set to 'Northern/Eastern Europe') is ignored when average != 'binary' (got 'weighted'). You may use labels=[pos_label] to specify a single positive class.
  warnings.warn(

2026-04-20 20:40:43,893:WARNING:C:\Users\ugrys\AppData\Roaming\Python\Python310\site-packages\sklearn\metrics\_classification.py:1561: UserWarning: Note that pos_label (set to 'Northern/Eastern Europe') is ignored when average != 'binary' (got 'weighted'). You may use labels=[pos_label] to specify a single positive class.
  warnings.warn(

2026-04-20 20:40:43,893:WARNING:C:\Users\ugrys\AppData\Roaming\Python\Python310\site-packages\sklearn\metrics\_classification.py:1509: UndefinedMetricWarning: F-score is ill-defined and being set to 0.0 in labels with no true nor predicted samples. Use `zero_division` parameter to control this behavior.
  _warn_prf(average, modifier, f"{metric.capitalize()} is", len(result))

2026-04-20 20:40:43,894:WARNING:C:\Users\ugrys\AppData\Roaming\Python\Python310\site-packages\sklearn\metrics\_classification.py:1561: UserWarning: Note that pos_label (set to 'Northern/Eastern Europe') is ignored when average != 'binary' (got 'weighted'). You may use labels=[pos_label] to specify a single positive class.
  warnings.warn(

2026-04-20 20:40:43,894:WARNING:C:\Users\ugrys\AppData\Roaming\Python\Python310\site-packages\sklearn\metrics\_classification.py:1509: UndefinedMetricWarning: F-score is ill-defined and being set to 0.0 in labels with no true nor predicted samples. Use `zero_division` parameter to control this behavior.
  _warn_prf(average, modifier, f"{metric.capitalize()} is", len(result))

2026-04-20 20:40:43,890:WARNING:C:\Users\ugrys\AppData\Roaming\Python\Python310\site-packages\sklearn\metrics\_classification.py:1509: UndefinedMetricWarning: F-score is ill-defined and being set to 0.0 in labels with no true nor predicted samples. Use `zero_division` parameter to control this behavior.
  _warn_prf(average, modifier, f"{metric.capitalize()} is", len(result))

2026-04-20 20:40:43,896:WARNING:C:\Users\ugrys\AppData\Roaming\Python\Python310\site-packages\sklearn\metrics\_classification.py:1509: UndefinedMetricWarning: F-score is ill-defined and being set to 0.0 in labels with no true nor predicted samples. Use `zero_division` parameter to control this behavior.
  _warn_prf(average, modifier, f"{metric.capitalize()} is", len(result))

2026-04-20 20:40:43,899:WARNING:C:\Users\ugrys\AppData\Roaming\Python\Python310\site-packages\sklearn\metrics\_classification.py:1509: UndefinedMetricWarning: Precision is ill-defined and being set to 0.0 in labels with no predicted samples. Use `zero_division` parameter to control this behavior.
  _warn_prf(average, modifier, f"{metric.capitalize()} is", len(result))

2026-04-20 20:40:43,902:WARNING:C:\Users\ugrys\AppData\Roaming\Python\Python310\site-packages\pycaret\internal\metrics.py:204: FitFailedWarning: Metric 'make_scorer(roc_auc_score, response_method=('decision_function', 'predict_proba'), average=weighted, multi_class=ovr)' failed and error score 0.0 has been returned instead. If this is a custom metric, this usually means that the error is in the metric code. Full exception below:
Traceback (most recent call last):
  File "C:\Users\ugrys\AppData\Roaming\Python\Python310\site-packages\pycaret\internal\metrics.py", line 196, in _score
    return super()._score(
  File "C:\Users\ugrys\AppData\Roaming\Python\Python310\site-packages\sklearn\metrics\_scorer.py", line 350, in _score
    return self._sign * self._score_func(y_true, y_pred, **scoring_kwargs)
  File "C:\Users\ugrys\AppData\Roaming\Python\Python310\site-packages\pycaret\internal\metrics.py", line 144, in __call__
    return self.score_func(y_true, y_pred, **kwargs)
  File "C:\Users\ugrys\AppData\Roaming\Python\Python310\site-packages\sklearn\utils\_param_validation.py", line 213, in wrapper
    return func(*args, **kwargs)
  File "C:\Users\ugrys\AppData\Roaming\Python\Python310\site-packages\sklearn\metrics\_ranking.py", line 634, in roc_auc_score
    return _multiclass_roc_auc_score(
  File "C:\Users\ugrys\AppData\Roaming\Python\Python310\site-packages\sklearn\metrics\_ranking.py", line 751, in _multiclass_roc_auc_score
    raise ValueError(
ValueError: Number of classes in y_true not equal to the number of columns in 'y_score'

  warnings.warn(

2026-04-20 20:40:43,907:WARNING:C:\Users\ugrys\AppData\Roaming\Python\Python310\site-packages\sklearn\metrics\_classification.py:1509: UndefinedMetricWarning: F-score is ill-defined and being set to 0.0 in labels with no true nor predicted samples. Use `zero_division` parameter to control this behavior.
  _warn_prf(average, modifier, f"{metric.capitalize()} is", len(result))

2026-04-20 20:40:43,905:WARNING:C:\Users\ugrys\AppData\Roaming\Python\Python310\site-packages\sklearn\metrics\_classification.py:1561: UserWarning: Note that pos_label (set to 'Northern/Eastern Europe') is ignored when average != 'binary' (got 'weighted'). You may use labels=[pos_label] to specify a single positive class.
  warnings.warn(

2026-04-20 20:40:43,907:WARNING:C:\Users\ugrys\AppData\Roaming\Python\Python310\site-packages\sklearn\metrics\_classification.py:1561: UserWarning: Note that pos_label (set to 'Northern/Eastern Europe') is ignored when average != 'binary' (got 'weighted'). You may use labels=[pos_label] to specify a single positive class.
  warnings.warn(

2026-04-20 20:40:43,909:WARNING:C:\Users\ugrys\AppData\Roaming\Python\Python310\site-packages\sklearn\metrics\_classification.py:1509: UndefinedMetricWarning: Recall is ill-defined and being set to 0.0 in labels with no true samples. Use `zero_division` parameter to control this behavior.
  _warn_prf(average, modifier, f"{metric.capitalize()} is", len(result))

2026-04-20 20:40:43,911:WARNING:C:\Users\ugrys\AppData\Roaming\Python\Python310\site-packages\sklearn\metrics\_classification.py:1561: UserWarning: Note that pos_label (set to 'Northern/Eastern Europe') is ignored when average != 'binary' (got 'weighted'). You may use labels=[pos_label] to specify a single positive class.
  warnings.warn(

2026-04-20 20:40:43,911:WARNING:C:\Users\ugrys\AppData\Roaming\Python\Python310\site-packages\sklearn\metrics\_classification.py:1561: UserWarning: Note that pos_label (set to 'Northern/Eastern Europe') is ignored when average != 'binary' (got 'weighted'). You may use labels=[pos_label] to specify a single positive class.
  warnings.warn(

2026-04-20 20:40:43,912:WARNING:C:\Users\ugrys\AppData\Roaming\Python\Python310\site-packages\sklearn\metrics\_classification.py:1509: UndefinedMetricWarning: Precision is ill-defined and being set to 0.0 in labels with no predicted samples. Use `zero_division` parameter to control this behavior.
  _warn_prf(average, modifier, f"{metric.capitalize()} is", len(result))

2026-04-20 20:40:43,911:WARNING:C:\Users\ugrys\AppData\Roaming\Python\Python310\site-packages\sklearn\metrics\_classification.py:1509: UndefinedMetricWarning: Precision is ill-defined and being set to 0.0 in labels with no predicted samples. Use `zero_division` parameter to control this behavior.
  _warn_prf(average, modifier, f"{metric.capitalize()} is", len(result))

2026-04-20 20:40:43,914:WARNING:C:\Users\ugrys\AppData\Roaming\Python\Python310\site-packages\sklearn\metrics\_classification.py:1561: UserWarning: Note that pos_label (set to 'Northern/Eastern Europe') is ignored when average != 'binary' (got 'weighted'). You may use labels=[pos_label] to specify a single positive class.
  warnings.warn(

2026-04-20 20:40:43,914:WARNING:C:\Users\ugrys\AppData\Roaming\Python\Python310\site-packages\sklearn\metrics\_classification.py:1561: UserWarning: Note that pos_label (set to 'Northern/Eastern Europe') is ignored when average != 'binary' (got 'weighted'). You may use labels=[pos_label] to specify a single positive class.
  warnings.warn(

2026-04-20 20:40:43,916:WARNING:C:\Users\ugrys\AppData\Roaming\Python\Python310\site-packages\sklearn\metrics\_classification.py:1509: UndefinedMetricWarning: F-score is ill-defined and being set to 0.0 in labels with no true nor predicted samples. Use `zero_division` parameter to control this behavior.
  _warn_prf(average, modifier, f"{metric.capitalize()} is", len(result))

2026-04-20 20:40:47,338:WARNING:C:\Users\ugrys\AppData\Roaming\Python\Python310\site-packages\sklearn\metrics\_classification.py:1561: UserWarning: Note that pos_label (set to 'Northern/Eastern Europe') is ignored when average != 'binary' (got 'weighted'). You may use labels=[pos_label] to specify a single positive class.
  warnings.warn(

2026-04-20 20:40:47,342:WARNING:C:\Users\ugrys\AppData\Roaming\Python\Python310\site-packages\sklearn\metrics\_classification.py:1561: UserWarning: Note that pos_label (set to 'Northern/Eastern Europe') is ignored when average != 'binary' (got 'weighted'). You may use labels=[pos_label] to specify a single positive class.
  warnings.warn(

2026-04-20 20:40:47,344:WARNING:C:\Users\ugrys\AppData\Roaming\Python\Python310\site-packages\sklearn\metrics\_classification.py:1509: UndefinedMetricWarning: Precision is ill-defined and being set to 0.0 in labels with no predicted samples. Use `zero_division` parameter to control this behavior.
  _warn_prf(average, modifier, f"{metric.capitalize()} is", len(result))

2026-04-20 20:40:47,346:WARNING:C:\Users\ugrys\AppData\Roaming\Python\Python310\site-packages\sklearn\metrics\_classification.py:1561: UserWarning: Note that pos_label (set to 'Northern/Eastern Europe') is ignored when average != 'binary' (got 'weighted'). You may use labels=[pos_label] to specify a single positive class.
  warnings.warn(

2026-04-20 20:40:47,462:WARNING:C:\Users\ugrys\AppData\Roaming\Python\Python310\site-packages\pycaret\internal\metrics.py:204: FitFailedWarning: Metric 'make_scorer(roc_auc_score, response_method=('decision_function', 'predict_proba'), average=weighted, multi_class=ovr)' failed and error score 0.0 has been returned instead. If this is a custom metric, this usually means that the error is in the metric code. Full exception below:
Traceback (most recent call last):
  File "C:\Users\ugrys\AppData\Roaming\Python\Python310\site-packages\pycaret\internal\metrics.py", line 196, in _score
    return super()._score(
  File "C:\Users\ugrys\AppData\Roaming\Python\Python310\site-packages\sklearn\metrics\_scorer.py", line 350, in _score
    return self._sign * self._score_func(y_true, y_pred, **scoring_kwargs)
  File "C:\Users\ugrys\AppData\Roaming\Python\Python310\site-packages\pycaret\internal\metrics.py", line 144, in __call__
    return self.score_func(y_true, y_pred, **kwargs)
  File "C:\Users\ugrys\AppData\Roaming\Python\Python310\site-packages\sklearn\utils\_param_validation.py", line 213, in wrapper
    return func(*args, **kwargs)
  File "C:\Users\ugrys\AppData\Roaming\Python\Python310\site-packages\sklearn\metrics\_ranking.py", line 634, in roc_auc_score
    return _multiclass_roc_auc_score(
  File "C:\Users\ugrys\AppData\Roaming\Python\Python310\site-packages\sklearn\metrics\_ranking.py", line 751, in _multiclass_roc_auc_score
    raise ValueError(
ValueError: Number of classes in y_true not equal to the number of columns in 'y_score'

  warnings.warn(

2026-04-20 20:40:47,465:WARNING:C:\Users\ugrys\AppData\Roaming\Python\Python310\site-packages\sklearn\metrics\_classification.py:1561: UserWarning: Note that pos_label (set to 'Northern/Eastern Europe') is ignored when average != 'binary' (got 'weighted'). You may use labels=[pos_label] to specify a single positive class.
  warnings.warn(

2026-04-20 20:40:47,466:WARNING:C:\Users\ugrys\AppData\Roaming\Python\Python310\site-packages\sklearn\metrics\_classification.py:1509: UndefinedMetricWarning: Recall is ill-defined and being set to 0.0 in labels with no true samples. Use `zero_division` parameter to control this behavior.
  _warn_prf(average, modifier, f"{metric.capitalize()} is", len(result))

2026-04-20 20:40:47,469:WARNING:C:\Users\ugrys\AppData\Roaming\Python\Python310\site-packages\sklearn\metrics\_classification.py:1561: UserWarning: Note that pos_label (set to 'Northern/Eastern Europe') is ignored when average != 'binary' (got 'weighted'). You may use labels=[pos_label] to specify a single positive class.
  warnings.warn(

2026-04-20 20:40:47,470:WARNING:C:\Users\ugrys\AppData\Roaming\Python\Python310\site-packages\sklearn\metrics\_classification.py:1509: UndefinedMetricWarning: Precision is ill-defined and being set to 0.0 in labels with no predicted samples. Use `zero_division` parameter to control this behavior.
  _warn_prf(average, modifier, f"{metric.capitalize()} is", len(result))

2026-04-20 20:40:47,472:WARNING:C:\Users\ugrys\AppData\Roaming\Python\Python310\site-packages\sklearn\metrics\_classification.py:1561: UserWarning: Note that pos_label (set to 'Northern/Eastern Europe') is ignored when average != 'binary' (got 'weighted'). You may use labels=[pos_label] to specify a single positive class.
  warnings.warn(

2026-04-20 20:40:47,474:WARNING:C:\Users\ugrys\AppData\Roaming\Python\Python310\site-packages\sklearn\metrics\_classification.py:1509: UndefinedMetricWarning: F-score is ill-defined and being set to 0.0 in labels with no true nor predicted samples. Use `zero_division` parameter to control this behavior.
  _warn_prf(average, modifier, f"{metric.capitalize()} is", len(result))

2026-04-20 20:40:47,483:INFO:Calculating mean and std
2026-04-20 20:40:47,484:INFO:Creating metrics dataframe
2026-04-20 20:40:47,487:INFO:Uploading results into container
2026-04-20 20:40:47,487:INFO:Uploading model into container now
2026-04-20 20:40:47,488:INFO:_master_model_container: 2
2026-04-20 20:40:47,489:INFO:_display_container: 2
2026-04-20 20:40:47,489:INFO:DecisionTreeClassifier(ccp_alpha=0.0, class_weight=None, criterion='gini',
                       max_depth=None, max_features=None, max_leaf_nodes=None,
                       min_impurity_decrease=0.0, min_samples_leaf=1,
                       min_samples_split=2, min_weight_fraction_leaf=0.0,
                       monotonic_cst=None, random_state=42, splitter='best')
2026-04-20 20:40:47,489:INFO:create_model() successfully completed......................................
2026-04-20 20:40:47,652:INFO:SubProcess create_model() end ==================================
2026-04-20 20:40:47,653:INFO:Creating metrics dataframe
2026-04-20 20:40:47,657:INFO:Initializing Random Forest Classifier
2026-04-20 20:40:47,657:INFO:Total runtime is 0.18972618182500203 minutes
2026-04-20 20:40:47,657:INFO:SubProcess create_model() called ==================================
2026-04-20 20:40:47,657:INFO:Initializing create_model()
2026-04-20 20:40:47,657:INFO:create_model(self=<pycaret.classification.oop.ClassificationExperiment object at 0x00000251221D3E80>, estimator=rf, fold=StratifiedKFold(n_splits=10, random_state=None, shuffle=False), round=4, cross_validation=True, predict=True, fit_kwargs={}, groups=None, refit=False, probability_threshold=None, experiment_custom_tags=None, verbose=False, system=False, add_to_model_list=True, metrics=None, display=<pycaret.internal.display.display.CommonDisplay object at 0x0000025122DF7F40>, model_only=True, return_train_score=False, error_score=0.0, kwargs={})
2026-04-20 20:40:47,657:INFO:Checking exceptions
2026-04-20 20:40:47,657:INFO:Importing libraries
2026-04-20 20:40:47,657:INFO:Copying training dataset
2026-04-20 20:40:47,663:INFO:Defining folds
2026-04-20 20:40:47,663:INFO:Declaring metric variables
2026-04-20 20:40:47,663:INFO:Importing untrained model
2026-04-20 20:40:47,665:INFO:Random Forest Classifier Imported successfully
2026-04-20 20:40:47,665:INFO:Starting cross validation
2026-04-20 20:40:47,667:INFO:Cross validating with StratifiedKFold(n_splits=10, random_state=None, shuffle=False), n_jobs=-1
2026-04-20 20:40:47,669:WARNING:C:\Users\ugrys\AppData\Roaming\Python\Python310\site-packages\sklearn\model_selection\_split.py:737: UserWarning: The least populated class in y has only 2 members, which is less than n_splits=10.
  warnings.warn(

2026-04-20 20:40:48,542:WARNING:C:\Users\ugrys\AppData\Roaming\Python\Python310\site-packages\pycaret\internal\metrics.py:204: FitFailedWarning: Metric 'make_scorer(roc_auc_score, response_method=('decision_function', 'predict_proba'), average=weighted, multi_class=ovr)' failed and error score 0.0 has been returned instead. If this is a custom metric, this usually means that the error is in the metric code. Full exception below:
Traceback (most recent call last):
  File "C:\Users\ugrys\AppData\Roaming\Python\Python310\site-packages\pycaret\internal\metrics.py", line 196, in _score
    return super()._score(
  File "C:\Users\ugrys\AppData\Roaming\Python\Python310\site-packages\sklearn\metrics\_scorer.py", line 350, in _score
    return self._sign * self._score_func(y_true, y_pred, **scoring_kwargs)
  File "C:\Users\ugrys\AppData\Roaming\Python\Python310\site-packages\pycaret\internal\metrics.py", line 144, in __call__
    return self.score_func(y_true, y_pred, **kwargs)
  File "C:\Users\ugrys\AppData\Roaming\Python\Python310\site-packages\sklearn\utils\_param_validation.py", line 213, in wrapper
    return func(*args, **kwargs)
  File "C:\Users\ugrys\AppData\Roaming\Python\Python310\site-packages\sklearn\metrics\_ranking.py", line 634, in roc_auc_score
    return _multiclass_roc_auc_score(
  File "C:\Users\ugrys\AppData\Roaming\Python\Python310\site-packages\sklearn\metrics\_ranking.py", line 751, in _multiclass_roc_auc_score
    raise ValueError(
ValueError: Number of classes in y_true not equal to the number of columns in 'y_score'

  warnings.warn(

2026-04-20 20:40:48,549:WARNING:C:\Users\ugrys\AppData\Roaming\Python\Python310\site-packages\pycaret\internal\metrics.py:204: FitFailedWarning: Metric 'make_scorer(roc_auc_score, response_method=('decision_function', 'predict_proba'), average=weighted, multi_class=ovr)' failed and error score 0.0 has been returned instead. If this is a custom metric, this usually means that the error is in the metric code. Full exception below:
Traceback (most recent call last):
  File "C:\Users\ugrys\AppData\Roaming\Python\Python310\site-packages\pycaret\internal\metrics.py", line 196, in _score
    return super()._score(
  File "C:\Users\ugrys\AppData\Roaming\Python\Python310\site-packages\sklearn\metrics\_scorer.py", line 350, in _score
    return self._sign * self._score_func(y_true, y_pred, **scoring_kwargs)
  File "C:\Users\ugrys\AppData\Roaming\Python\Python310\site-packages\pycaret\internal\metrics.py", line 144, in __call__
    return self.score_func(y_true, y_pred, **kwargs)
  File "C:\Users\ugrys\AppData\Roaming\Python\Python310\site-packages\sklearn\utils\_param_validation.py", line 213, in wrapper
    return func(*args, **kwargs)
  File "C:\Users\ugrys\AppData\Roaming\Python\Python310\site-packages\sklearn\metrics\_ranking.py", line 634, in roc_auc_score
    return _multiclass_roc_auc_score(
  File "C:\Users\ugrys\AppData\Roaming\Python\Python310\site-packages\sklearn\metrics\_ranking.py", line 751, in _multiclass_roc_auc_score
    raise ValueError(
ValueError: Number of classes in y_true not equal to the number of columns in 'y_score'

  warnings.warn(

2026-04-20 20:40:48,549:WARNING:C:\Users\ugrys\AppData\Roaming\Python\Python310\site-packages\sklearn\metrics\_classification.py:1561: UserWarning: Note that pos_label (set to 'Northern/Eastern Europe') is ignored when average != 'binary' (got 'weighted'). You may use labels=[pos_label] to specify a single positive class.
  warnings.warn(

2026-04-20 20:40:48,551:WARNING:C:\Users\ugrys\AppData\Roaming\Python\Python310\site-packages\sklearn\metrics\_classification.py:1561: UserWarning: Note that pos_label (set to 'Northern/Eastern Europe') is ignored when average != 'binary' (got 'weighted'). You may use labels=[pos_label] to specify a single positive class.
  warnings.warn(

 is", len(result))

2026-04-20 20:40:48,553:WARNING:C:\Users\ugrys\AppData\Roaming\Python\Python310\site-packages\sklearn\metrics\_classification.py:1509: UndefinedMetricWarning: Recall is ill-defined and being set to 0.0 in labels with no true samples. Use `zero_division` parameter to control this behavior.
  _warn_prf(average, modifier, f"{metric.capitalize()} is", len(result))

2026-04-20 20:40:48,556:WARNING:C:\Users\ugrys\AppData\Roaming\Python\Python310\site-packages\sklearn\metrics\_classification.py:1561: UserWarning: Note that pos_label (set to 'Northern/Eastern Europe') is ignored when average != 'binary' (got 'weighted'). You may use labels=[pos_label] to specify a single positive class.
  warnings.warn(

2026-04-20 20:40:48,559:WARNING:C:\Users\ugrys\AppData\Roaming\Python\Python310\site-packages\pycaret\internal\metrics.py:204: FitFailedWarning: Metric 'make_scorer(roc_auc_score, response_method=('decision_function', 'predict_proba'), average=weighted, multi_class=ovr)' failed and error score 0.0 has been returned instead. If this is a custom metric, this usually means that the error is in the metric code. Full exception below:
Traceback (most recent call last):
  File "C:\Users\ugrys\AppData\Roaming\Python\Python310\site-packages\pycaret\internal\metrics.py", line 196, in _score
    return super()._score(
  File "C:\Users\ugrys\AppData\Roaming\Python\Python310\site-packages\sklearn\metrics\_scorer.py", line 350, in _score
    return self._sign * self._score_func(y_true, y_pred, **scoring_kwargs)
  File "C:\Users\ugrys\AppData\Roaming\Python\Python310\site-packages\pycaret\internal\metrics.py", line 144, in __call__
    return self.score_func(y_true, y_pred, **kwargs)
  File "C:\Users\ugrys\AppData\Roaming\Python\Python310\site-packages\sklearn\utils\_param_validation.py", line 213, in wrapper
    return func(*args, **kwargs)
  File "C:\Users\ugrys\AppData\Roaming\Python\Python310\site-packages\sklearn\metrics\_ranking.py", line 634, in roc_auc_score
    return _multiclass_roc_auc_score(
  File "C:\Users\ugrys\AppData\Roaming\Python\Python310\site-packages\sklearn\metrics\_ranking.py", line 751, in _multiclass_roc_auc_score
    raise ValueError(
ValueError: Number of classes in y_true not equal to the number of columns in 'y_score'

  warnings.warn(

2026-04-20 20:40:48,560:WARNING:C:\Users\ugrys\AppData\Roaming\Python\Python310\site-packages\sklearn\metrics\_classification.py:1561: UserWarning: Note that pos_label (set to 'Northern/Eastern Europe') is ignored when average != 'binary' (got 'weighted'). You may use labels=[pos_label] to specify a single positive class.
  warnings.warn(

2026-04-20 20:40:48,562:WARNING:C:\Users\ugrys\AppData\Roaming\Python\Python310\site-packages\pycaret\internal\metrics.py:204: FitFailedWarning: Metric 'make_scorer(roc_auc_score, response_method=('decision_function', 'predict_proba'), average=weighted, multi_class=ovr)' failed and error score 0.0 has been returned instead. If this is a custom metric, this usually means that the error is in the metric code. Full exception below:
Traceback (most recent call last):
  File "C:\Users\ugrys\AppData\Roaming\Python\Python310\site-packages\pycaret\internal\metrics.py", line 196, in _score
    return super()._score(
  File "C:\Users\ugrys\AppData\Roaming\Python\Python310\site-packages\sklearn\metrics\_scorer.py", line 350, in _score
    return self._sign * self._score_func(y_true, y_pred, **scoring_kwargs)
  File "C:\Users\ugrys\AppData\Roaming\Python\Python310\site-packages\pycaret\internal\metrics.py", line 144, in __call__
    return self.score_func(y_true, y_pred, **kwargs)
  File "C:\Users\ugrys\AppData\Roaming\Python\Python310\site-packages\sklearn\utils\_param_validation.py", line 213, in wrapper
    return func(*args, **kwargs)
  File "C:\Users\ugrys\AppData\Roaming\Python\Python310\site-packages\sklearn\metrics\_ranking.py", line 634, in roc_auc_score
    return _multiclass_roc_auc_score(
  File "C:\Users\ugrys\AppData\Roaming\Python\Python310\site-packages\sklearn\metrics\_ranking.py", line 751, in _multiclass_roc_auc_score
    raise ValueError(
ValueError: Number of classes in y_true not equal to the number of columns in 'y_score'

  warnings.warn(

2026-04-20 20:40:48,562:WARNING:C:\Users\ugrys\AppData\Roaming\Python\Python310\site-packages\sklearn\metrics\_classification.py:1561: UserWarning: Note that pos_label (set to 'Northern/Eastern Europe') is ignored when average != 'binary' (got 'weighted'). You may use labels=[pos_label] to specify a single positive class.
  warnings.warn(

2026-04-20 20:40:48,562:WARNING:C:\Users\ugrys\AppData\Roaming\Python\Python310\site-packages\sklearn\metrics\_classification.py:1509: UndefinedMetricWarning: Precision is ill-defined and being set to 0.0 in labels with no predicted samples. Use `zero_division` parameter to control this behavior.
  _warn_prf(average, modifier, f"{metric.capitalize()} is", len(result))

2026-04-20 20:40:48,562:WARNING:C:\Users\ugrys\AppData\Roaming\Python\Python310\site-packages\sklearn\metrics\_classification.py:1509: UndefinedMetricWarning: Precision is ill-defined and being set to 0.0 in labels with no predicted samples. Use `zero_division` parameter to control this behavior.
  _warn_prf(average, modifier, f"{metric.capitalize()} is", len(result))

2026-04-20 20:40:48,563:WARNING:C:\Users\ugrys\AppData\Roaming\Python\Python310\site-packages\sklearn\metrics\_classification.py:1561: UserWarning: Note that pos_label (set to 'Northern/Eastern Europe') is ignored when average != 'binary' (got 'weighted'). You may use labels=[pos_label] to specify a single positive class.
  warnings.warn(

2026-04-20 20:40:48,563:WARNING:C:\Users\ugrys\AppData\Roaming\Python\Python310\site-packages\pycaret\internal\metrics.py:204: FitFailedWarning: Metric 'make_scorer(roc_auc_score, response_method=('decision_function', 'predict_proba'), average=weighted, multi_class=ovr)' failed and error score 0.0 has been returned instead. If this is a custom metric, this usually means that the error is in the metric code. Full exception below:
Traceback (most recent call last):
  File "C:\Users\ugrys\AppData\Roaming\Python\Python310\site-packages\pycaret\internal\metrics.py", line 196, in _score
    return super()._score(
  File "C:\Users\ugrys\AppData\Roaming\Python\Python310\site-packages\sklearn\metrics\_scorer.py", line 350, in _score
    return self._sign * self._score_func(y_true, y_pred, **scoring_kwargs)
  File "C:\Users\ugrys\AppData\Roaming\Python\Python310\site-packages\pycaret\internal\metrics.py", line 144, in __call__
    return self.score_func(y_true, y_pred, **kwargs)
  File "C:\Users\ugrys\AppData\Roaming\Python\Python310\site-packages\sklearn\utils\_param_validation.py", line 213, in wrapper
    return func(*args, **kwargs)
  File "C:\Users\ugrys\AppData\Roaming\Python\Python310\site-packages\sklearn\metrics\_ranking.py", line 634, in roc_auc_score
    return _multiclass_roc_auc_score(
  File "C:\Users\ugrys\AppData\Roaming\Python\Python310\site-packages\sklearn\metrics\_ranking.py", line 751, in _multiclass_roc_auc_score
    raise ValueError(
ValueError: Number of classes in y_true not equal to the number of columns in 'y_score'

  warnings.warn(

2026-04-20 20:40:48,565:WARNING:C:\Users\ugrys\AppData\Roaming\Python\Python310\site-packages\pycaret\internal\metrics.py:204: FitFailedWarning: Metric 'make_scorer(roc_auc_score, response_method=('decision_function', 'predict_proba'), average=weighted, multi_class=ovr)' failed and error score 0.0 has been returned instead. If this is a custom metric, this usually means that the error is in the metric code. Full exception below:
Traceback (most recent call last):
  File "C:\Users\ugrys\AppData\Roaming\Python\Python310\site-packages\pycaret\internal\metrics.py", line 196, in _score
    return super()._score(
  File "C:\Users\ugrys\AppData\Roaming\Python\Python310\site-packages\sklearn\metrics\_scorer.py", line 350, in _score
    return self._sign * self._score_func(y_true, y_pred, **scoring_kwargs)
  File "C:\Users\ugrys\AppData\Roaming\Python\Python310\site-packages\pycaret\internal\metrics.py", line 144, in __call__
    return self.score_func(y_true, y_pred, **kwargs)
  File "C:\Users\ugrys\AppData\Roaming\Python\Python310\site-packages\sklearn\utils\_param_validation.py", line 213, in wrapper
    return func(*args, **kwargs)
  File "C:\Users\ugrys\AppData\Roaming\Python\Python310\site-packages\sklearn\metrics\_ranking.py", line 634, in roc_auc_score
    return _multiclass_roc_auc_score(
  File "C:\Users\ugrys\AppData\Roaming\Python\Python310\site-packages\sklearn\metrics\_ranking.py", line 751, in _multiclass_roc_auc_score
    raise ValueError(
ValueError: Number of classes in y_true not equal to the number of columns in 'y_score'

  warnings.warn(

2026-04-20 20:40:48,565:WARNING:C:\Users\ugrys\AppData\Roaming\Python\Python310\site-packages\sklearn\metrics\_classification.py:1561: UserWarning: Note that pos_label (set to 'Northern/Eastern Europe') is ignored when average != 'binary' (got 'weighted'). You may use labels=[pos_label] to specify a single positive class.
  warnings.warn(

2026-04-20 20:40:48,569:WARNING:C:\Users\ugrys\AppData\Roaming\Python\Python310\site-packages\sklearn\metrics\_classification.py:1561: UserWarning: Note that pos_label (set to 'Northern/Eastern Europe') is ignored when average != 'binary' (got 'weighted'). You may use labels=[pos_label] to specify a single positive class.
  warnings.warn(

 is", len(result))

2026-04-20 20:40:48,569:WARNING:C:\Users\ugrys\AppData\Roaming\Python\Python310\site-packages\sklearn\metrics\_classification.py:1561: UserWarning: Note that pos_label (set to 'Northern/Eastern Europe') is ignored when average != 'binary' (got 'weighted'). You may use labels=[pos_label] to specify a single positive class.
  warnings.warn(

2026-04-20 20:40:48,570:WARNING:C:\Users\ugrys\AppData\Roaming\Python\Python310\site-packages\sklearn\metrics\_classification.py:1509: UndefinedMetricWarning: Recall is ill-defined and being set to 0.0 in labels with no true samples. Use `zero_division` parameter to control this behavior.
  _warn_prf(average, modifier, f"{metric.capitalize()} is", len(result))

2026-04-20 20:40:48,572:WARNING:C:\Users\ugrys\AppData\Roaming\Python\Python310\site-packages\sklearn\metrics\_classification.py:1509: UndefinedMetricWarning: F-score is ill-defined and being set to 0.0 in labels with no true nor predicted samples. Use `zero_division` parameter to control this behavior.
  _warn_prf(average, modifier, f"{metric.capitalize()} is", len(result))

2026-04-20 20:40:48,572:WARNING:C:\Users\ugrys\AppData\Roaming\Python\Python310\site-packages\sklearn\metrics\_classification.py:1561: UserWarning: Note that pos_label (set to 'Northern/Eastern Europe') is ignored when average != 'binary' (got 'weighted'). You may use labels=[pos_label] to specify a single positive class.
  warnings.warn(

2026-04-20 20:40:48,572:WARNING:C:\Users\ugrys\AppData\Roaming\Python\Python310\site-packages\sklearn\metrics\_classification.py:1561: UserWarning: Note that pos_label (set to 'Northern/Eastern Europe') is ignored when average != 'binary' (got 'weighted'). You may use labels=[pos_label] to specify a single positive class.
  warnings.warn(

2026-04-20 20:40:48,573:WARNING:C:\Users\ugrys\AppData\Roaming\Python\Python310\site-packages\sklearn\metrics\_classification.py:1561: UserWarning: Note that pos_label (set to 'Northern/Eastern Europe') is ignored when average != 'binary' (got 'weighted'). You may use labels=[pos_label] to specify a single positive class.
  warnings.warn(

2026-04-20 20:40:48,573:WARNING:C:\Users\ugrys\AppData\Roaming\Python\Python310\site-packages\sklearn\metrics\_classification.py:1561: UserWarning: Note that pos_label (set to 'Northern/Eastern Europe') is ignored when average != 'binary' (got 'weighted'). You may use labels=[pos_label] to specify a single positive class.
  warnings.warn(

c.capitalize()} is", len(result))

2026-04-20 20:40:48,574:WARNING:C:\Users\ugrys\AppData\Roaming\Python\Python310\site-packages\sklearn\metrics\_classification.py:1509: UndefinedMetricWarning: Precision is ill-defined and being set to 0.0 in labels with no predicted samples. Use `zero_division` parameter to control this behavior.
  _warn_prf(average, modifier, f"{metric.capitalize()} is", len(result))

2026-04-20 20:40:48,575:WARNING:C:\Users\ugrys\AppData\Roaming\Python\Python310\site-packages\sklearn\metrics\_classification.py:1561: UserWarning: Note that pos_label (set to 'Northern/Eastern Europe') is ignored when average != 'binary' (got 'weighted'). You may use labels=[pos_label] to specify a single positive class.
  warnings.warn(

2026-04-20 20:40:48,575:WARNING:C:\Users\ugrys\AppData\Roaming\Python\Python310\site-packages\sklearn\metrics\_classification.py:1509: UndefinedMetricWarning: Recall is ill-defined and being set to 0.0 in labels with no true samples. Use `zero_division` parameter to control this behavior.
  _warn_prf(average, modifier, f"{metric.capitalize()} is", len(result))

2026-04-20 20:40:48,576:WARNING:C:\Users\ugrys\AppData\Roaming\Python\Python310\site-packages\sklearn\metrics\_classification.py:1509: UndefinedMetricWarning: Precision is ill-defined and being set to 0.0 in labels with no predicted samples. Use `zero_division` parameter to control this behavior.
  _warn_prf(average, modifier, f"{metric.capitalize()} is", len(result))

2026-04-20 20:40:48,576:WARNING:C:\Users\ugrys\AppData\Roaming\Python\Python310\site-packages\sklearn\metrics\_classification.py:1509: UndefinedMetricWarning: Precision is ill-defined and being set to 0.0 in labels with no predicted samples. Use `zero_division` parameter to control this behavior.
  _warn_prf(average, modifier, f"{metric.capitalize()} is", len(result))

2026-04-20 20:40:48,576:WARNING:C:\Users\ugrys\AppData\Roaming\Python\Python310\site-packages\sklearn\metrics\_classification.py:1509: UndefinedMetricWarning: Precision is ill-defined and being set to 0.0 in labels with no predicted samples. Use `zero_division` parameter to control this behavior.
  _warn_prf(average, modifier, f"{metric.capitalize()} is", len(result))

2026-04-20 20:40:48,578:WARNING:C:\Users\ugrys\AppData\Roaming\Python\Python310\site-packages\sklearn\metrics\_classification.py:1561: UserWarning: Note that pos_label (set to 'Northern/Eastern Europe') is ignored when average != 'binary' (got 'weighted'). You may use labels=[pos_label] to specify a single positive class.
  warnings.warn(

2026-04-20 20:40:48,578:WARNING:C:\Users\ugrys\AppData\Roaming\Python\Python310\site-packages\sklearn\metrics\_classification.py:1561: UserWarning: Note that pos_label (set to 'Northern/Eastern Europe') is ignored when average != 'binary' (got 'weighted'). You may use labels=[pos_label] to specify a single positive class.
  warnings.warn(

2026-04-20 20:40:48,579:WARNING:C:\Users\ugrys\AppData\Roaming\Python\Python310\site-packages\sklearn\metrics\_classification.py:1561: UserWarning: Note that pos_label (set to 'Northern/Eastern Europe') is ignored when average != 'binary' (got 'weighted'). You may use labels=[pos_label] to specify a single positive class.
  warnings.warn(

2026-04-20 20:40:48,579:WARNING:C:\Users\ugrys\AppData\Roaming\Python\Python310\site-packages\sklearn\metrics\_classification.py:1561: UserWarning: Note that pos_label (set to 'Northern/Eastern Europe') is ignored when average != 'binary' (got 'weighted'). You may use labels=[pos_label] to specify a single positive class.
  warnings.warn(

2026-04-20 20:40:48,579:WARNING:C:\Users\ugrys\AppData\Roaming\Python\Python310\site-packages\sklearn\metrics\_classification.py:1561: UserWarning: Note that pos_label (set to 'Northern/Eastern Europe') is ignored when average != 'binary' (got 'weighted'). You may use labels=[pos_label] to specify a single positive class.
  warnings.warn(

2026-04-20 20:40:48,580:WARNING:C:\Users\ugrys\AppData\Roaming\Python\Python310\site-packages\sklearn\metrics\_classification.py:1509: UndefinedMetricWarning: Precision is ill-defined and being set to 0.0 in labels with no predicted samples. Use `zero_division` parameter to control this behavior.
  _warn_prf(average, modifier, f"{metric.capitalize()} is", len(result))

2026-04-20 20:40:48,582:WARNING:C:\Users\ugrys\AppData\Roaming\Python\Python310\site-packages\sklearn\metrics\_classification.py:1509: UndefinedMetricWarning: F-score is ill-defined and being set to 0.0 in labels with no true nor predicted samples. Use `zero_division` parameter to control this behavior.
  _warn_prf(average, modifier, f"{metric.capitalize()} is", len(result))

2026-04-20 20:40:48,582:WARNING:C:\Users\ugrys\AppData\Roaming\Python\Python310\site-packages\sklearn\metrics\_classification.py:1509: UndefinedMetricWarning: F-score is ill-defined and being set to 0.0 in labels with no true nor predicted samples. Use `zero_division` parameter to control this behavior.
  _warn_prf(average, modifier, f"{metric.capitalize()} is", len(result))

2026-04-20 20:40:48,582:WARNING:C:\Users\ugrys\AppData\Roaming\Python\Python310\site-packages\sklearn\metrics\_classification.py:1509: UndefinedMetricWarning: F-score is ill-defined and being set to 0.0 in labels with no true nor predicted samples. Use `zero_division` parameter to control this behavior.
  _warn_prf(average, modifier, f"{metric.capitalize()} is", len(result))

2026-04-20 20:40:48,583:WARNING:C:\Users\ugrys\AppData\Roaming\Python\Python310\site-packages\sklearn\metrics\_classification.py:1561: UserWarning: Note that pos_label (set to 'Northern/Eastern Europe') is ignored when average != 'binary' (got 'weighted'). You may use labels=[pos_label] to specify a single positive class.
  warnings.warn(

2026-04-20 20:40:48,587:WARNING:C:\Users\ugrys\AppData\Roaming\Python\Python310\site-packages\sklearn\metrics\_classification.py:1509: UndefinedMetricWarning: F-score is ill-defined and being set to 0.0 in labels with no true nor predicted samples. Use `zero_division` parameter to control this behavior.
  _warn_prf(average, modifier, f"{metric.capitalize()} is", len(result))

2026-04-20 20:40:48,589:WARNING:C:\Users\ugrys\AppData\Roaming\Python\Python310\site-packages\pycaret\internal\metrics.py:204: FitFailedWarning: Metric 'make_scorer(roc_auc_score, response_method=('decision_function', 'predict_proba'), average=weighted, multi_class=ovr)' failed and error score 0.0 has been returned instead. If this is a custom metric, this usually means that the error is in the metric code. Full exception below:
Traceback (most recent call last):
  File "C:\Users\ugrys\AppData\Roaming\Python\Python310\site-packages\pycaret\internal\metrics.py", line 196, in _score
    return super()._score(
  File "C:\Users\ugrys\AppData\Roaming\Python\Python310\site-packages\sklearn\metrics\_scorer.py", line 350, in _score
    return self._sign * self._score_func(y_true, y_pred, **scoring_kwargs)
  File "C:\Users\ugrys\AppData\Roaming\Python\Python310\site-packages\pycaret\internal\metrics.py", line 144, in __call__
    return self.score_func(y_true, y_pred, **kwargs)
  File "C:\Users\ugrys\AppData\Roaming\Python\Python310\site-packages\sklearn\utils\_param_validation.py", line 213, in wrapper
    return func(*args, **kwargs)
  File "C:\Users\ugrys\AppData\Roaming\Python\Python310\site-packages\sklearn\metrics\_ranking.py", line 634, in roc_auc_score
    return _multiclass_roc_auc_score(
  File "C:\Users\ugrys\AppData\Roaming\Python\Python310\site-packages\sklearn\metrics\_ranking.py", line 751, in _multiclass_roc_auc_score
    raise ValueError(
ValueError: Number of classes in y_true not equal to the number of columns in 'y_score'

  warnings.warn(

2026-04-20 20:40:48,591:WARNING:C:\Users\ugrys\AppData\Roaming\Python\Python310\site-packages\sklearn\metrics\_classification.py:1561: UserWarning: Note that pos_label (set to 'Northern/Eastern Europe') is ignored when average != 'binary' (got 'weighted'). You may use labels=[pos_label] to specify a single positive class.
  warnings.warn(

2026-04-20 20:40:48,592:WARNING:C:\Users\ugrys\AppData\Roaming\Python\Python310\site-packages\sklearn\metrics\_classification.py:1509: UndefinedMetricWarning: Recall is ill-defined and being set to 0.0 in labels with no true samples. Use `zero_division` parameter to control this behavior.
  _warn_prf(average, modifier, f"{metric.capitalize()} is", len(result))

2026-04-20 20:40:48,594:WARNING:C:\Users\ugrys\AppData\Roaming\Python\Python310\site-packages\sklearn\metrics\_classification.py:1561: UserWarning: Note that pos_label (set to 'Northern/Eastern Europe') is ignored when average != 'binary' (got 'weighted'). You may use labels=[pos_label] to specify a single positive class.
  warnings.warn(

2026-04-20 20:40:48,596:WARNING:C:\Users\ugrys\AppData\Roaming\Python\Python310\site-packages\sklearn\metrics\_classification.py:1509: UndefinedMetricWarning: Precision is ill-defined and being set to 0.0 in labels with no predicted samples. Use `zero_division` parameter to control this behavior.
  _warn_prf(average, modifier, f"{metric.capitalize()} is", len(result))

2026-04-20 20:40:48,599:WARNING:C:\Users\ugrys\AppData\Roaming\Python\Python310\site-packages\sklearn\metrics\_classification.py:1561: UserWarning: Note that pos_label (set to 'Northern/Eastern Europe') is ignored when average != 'binary' (got 'weighted'). You may use labels=[pos_label] to specify a single positive class.
  warnings.warn(

2026-04-20 20:40:48,601:WARNING:C:\Users\ugrys\AppData\Roaming\Python\Python310\site-packages\sklearn\metrics\_classification.py:1509: UndefinedMetricWarning: F-score is ill-defined and being set to 0.0 in labels with no true nor predicted samples. Use `zero_division` parameter to control this behavior.
  _warn_prf(average, modifier, f"{metric.capitalize()} is", len(result))

2026-04-20 20:40:48,617:WARNING:C:\Users\ugrys\AppData\Roaming\Python\Python310\site-packages\pycaret\internal\metrics.py:204: FitFailedWarning: Metric 'make_scorer(roc_auc_score, response_method=('decision_function', 'predict_proba'), average=weighted, multi_class=ovr)' failed and error score 0.0 has been returned instead. If this is a custom metric, this usually means that the error is in the metric code. Full exception below:
Traceback (most recent call last):
  File "C:\Users\ugrys\AppData\Roaming\Python\Python310\site-packages\pycaret\internal\metrics.py", line 196, in _score
    return super()._score(
  File "C:\Users\ugrys\AppData\Roaming\Python\Python310\site-packages\sklearn\metrics\_scorer.py", line 350, in _score
    return self._sign * self._score_func(y_true, y_pred, **scoring_kwargs)
  File "C:\Users\ugrys\AppData\Roaming\Python\Python310\site-packages\pycaret\internal\metrics.py", line 144, in __call__
    return self.score_func(y_true, y_pred, **kwargs)
  File "C:\Users\ugrys\AppData\Roaming\Python\Python310\site-packages\sklearn\utils\_param_validation.py", line 213, in wrapper
    return func(*args, **kwargs)
  File "C:\Users\ugrys\AppData\Roaming\Python\Python310\site-packages\sklearn\metrics\_ranking.py", line 634, in roc_auc_score
    return _multiclass_roc_auc_score(
  File "C:\Users\ugrys\AppData\Roaming\Python\Python310\site-packages\sklearn\metrics\_ranking.py", line 751, in _multiclass_roc_auc_score
    raise ValueError(
ValueError: Number of classes in y_true not equal to the number of columns in 'y_score'

  warnings.warn(

2026-04-20 20:40:48,618:WARNING:C:\Users\ugrys\AppData\Roaming\Python\Python310\site-packages\sklearn\metrics\_classification.py:1561: UserWarning: Note that pos_label (set to 'Northern/Eastern Europe') is ignored when average != 'binary' (got 'weighted'). You may use labels=[pos_label] to specify a single positive class.
  warnings.warn(

2026-04-20 20:40:48,620:WARNING:C:\Users\ugrys\AppData\Roaming\Python\Python310\site-packages\sklearn\metrics\_classification.py:1509: UndefinedMetricWarning: Recall is ill-defined and being set to 0.0 in labels with no true samples. Use `zero_division` parameter to control this behavior.
  _warn_prf(average, modifier, f"{metric.capitalize()} is", len(result))

2026-04-20 20:40:48,621:WARNING:C:\Users\ugrys\AppData\Roaming\Python\Python310\site-packages\sklearn\metrics\_classification.py:1561: UserWarning: Note that pos_label (set to 'Northern/Eastern Europe') is ignored when average != 'binary' (got 'weighted'). You may use labels=[pos_label] to specify a single positive class.
  warnings.warn(

2026-04-20 20:40:48,623:WARNING:C:\Users\ugrys\AppData\Roaming\Python\Python310\site-packages\sklearn\metrics\_classification.py:1561: UserWarning: Note that pos_label (set to 'Northern/Eastern Europe') is ignored when average != 'binary' (got 'weighted'). You may use labels=[pos_label] to specify a single positive class.
  warnings.warn(

2026-04-20 20:40:48,623:WARNING:C:\Users\ugrys\AppData\Roaming\Python\Python310\site-packages\sklearn\metrics\_classification.py:1509: UndefinedMetricWarning: Precision is ill-defined and being set to 0.0 in labels with no predicted samples. Use `zero_division` parameter to control this behavior.
  _warn_prf(average, modifier, f"{metric.capitalize()} is", len(result))

2026-04-20 20:40:48,626:WARNING:C:\Users\ugrys\AppData\Roaming\Python\Python310\site-packages\sklearn\metrics\_classification.py:1561: UserWarning: Note that pos_label (set to 'Northern/Eastern Europe') is ignored when average != 'binary' (got 'weighted'). You may use labels=[pos_label] to specify a single positive class.
  warnings.warn(

2026-04-20 20:40:48,627:WARNING:C:\Users\ugrys\AppData\Roaming\Python\Python310\site-packages\sklearn\metrics\_classification.py:1561: UserWarning: Note that pos_label (set to 'Northern/Eastern Europe') is ignored when average != 'binary' (got 'weighted'). You may use labels=[pos_label] to specify a single positive class.
  warnings.warn(

2026-04-20 20:40:48,627:WARNING:C:\Users\ugrys\AppData\Roaming\Python\Python310\site-packages\sklearn\metrics\_classification.py:1509: UndefinedMetricWarning: F-score is ill-defined and being set to 0.0 in labels with no true nor predicted samples. Use `zero_division` parameter to control this behavior.
  _warn_prf(average, modifier, f"{metric.capitalize()} is", len(result))

2026-04-20 20:40:48,629:WARNING:C:\Users\ugrys\AppData\Roaming\Python\Python310\site-packages\sklearn\metrics\_classification.py:1509: UndefinedMetricWarning: Precision is ill-defined and being set to 0.0 in labels with no predicted samples. Use `zero_division` parameter to control this behavior.
  _warn_prf(average, modifier, f"{metric.capitalize()} is", len(result))

2026-04-20 20:40:48,630:WARNING:C:\Users\ugrys\AppData\Roaming\Python\Python310\site-packages\sklearn\metrics\_classification.py:1561: UserWarning: Note that pos_label (set to 'Northern/Eastern Europe') is ignored when average != 'binary' (got 'weighted'). You may use labels=[pos_label] to specify a single positive class.
  warnings.warn(

2026-04-20 20:40:48,644:INFO:Calculating mean and std
2026-04-20 20:40:48,645:INFO:Creating metrics dataframe
2026-04-20 20:40:48,647:INFO:Uploading results into container
2026-04-20 20:40:48,648:INFO:Uploading model into container now
2026-04-20 20:40:48,648:INFO:_master_model_container: 3
2026-04-20 20:40:48,649:INFO:_display_container: 2
2026-04-20 20:40:48,649:INFO:RandomForestClassifier(bootstrap=True, ccp_alpha=0.0, class_weight=None,
                       criterion='gini', max_depth=None, max_features='sqrt',
                       max_leaf_nodes=None, max_samples=None,
                       min_impurity_decrease=0.0, min_samples_leaf=1,
                       min_samples_split=2, min_weight_fraction_leaf=0.0,
                       monotonic_cst=None, n_estimators=100, n_jobs=-1,
                       oob_score=False, random_state=42, verbose=0,
                       warm_start=False)
2026-04-20 20:40:48,649:INFO:create_model() successfully completed......................................
2026-04-20 20:40:48,807:INFO:SubProcess create_model() end ==================================
2026-04-20 20:40:48,807:INFO:Creating metrics dataframe
2026-04-20 20:40:48,809:INFO:Initializing K Neighbors Classifier
2026-04-20 20:40:48,809:INFO:Total runtime is 0.20892976919809977 minutes
2026-04-20 20:40:48,809:INFO:SubProcess create_model() called ==================================
2026-04-20 20:40:48,809:INFO:Initializing create_model()
2026-04-20 20:40:48,809:INFO:create_model(self=<pycaret.classification.oop.ClassificationExperiment object at 0x00000251221D3E80>, estimator=knn, fold=StratifiedKFold(n_splits=10, random_state=None, shuffle=False), round=4, cross_validation=True, predict=True, fit_kwargs={}, groups=None, refit=False, probability_threshold=None, experiment_custom_tags=None, verbose=False, system=False, add_to_model_list=True, metrics=None, display=<pycaret.internal.display.display.CommonDisplay object at 0x0000025122DF7F40>, model_only=True, return_train_score=False, error_score=0.0, kwargs={})
2026-04-20 20:40:48,809:INFO:Checking exceptions
2026-04-20 20:40:48,809:INFO:Importing libraries
2026-04-20 20:40:48,809:INFO:Copying training dataset
2026-04-20 20:40:48,812:INFO:Defining folds
2026-04-20 20:40:48,812:INFO:Declaring metric variables
2026-04-20 20:40:48,812:INFO:Importing untrained model
2026-04-20 20:40:48,812:INFO:K Neighbors Classifier Imported successfully
2026-04-20 20:40:48,812:INFO:Starting cross validation
2026-04-20 20:40:48,813:INFO:Cross validating with StratifiedKFold(n_splits=10, random_state=None, shuffle=False), n_jobs=-1
2026-04-20 20:40:48,817:WARNING:C:\Users\ugrys\AppData\Roaming\Python\Python310\site-packages\sklearn\model_selection\_split.py:737: UserWarning: The least populated class in y has only 2 members, which is less than n_splits=10.
  warnings.warn(

2026-04-20 20:40:49,173:WARNING:C:\Users\ugrys\AppData\Roaming\Python\Python310\site-packages\pycaret\internal\metrics.py:204: FitFailedWarning: Metric 'make_scorer(roc_auc_score, response_method=('decision_function', 'predict_proba'), average=weighted, multi_class=ovr)' failed and error score 0.0 has been returned instead. If this is a custom metric, this usually means that the error is in the metric code. Full exception below:
Traceback (most recent call last):
  File "C:\Users\ugrys\AppData\Roaming\Python\Python310\site-packages\pycaret\internal\metrics.py", line 196, in _score
    return super()._score(
  File "C:\Users\ugrys\AppData\Roaming\Python\Python310\site-packages\sklearn\metrics\_scorer.py", line 350, in _score
    return self._sign * self._score_func(y_true, y_pred, **scoring_kwargs)
  File "C:\Users\ugrys\AppData\Roaming\Python\Python310\site-packages\pycaret\internal\metrics.py", line 144, in __call__
    return self.score_func(y_true, y_pred, **kwargs)
  File "C:\Users\ugrys\AppData\Roaming\Python\Python310\site-packages\sklearn\utils\_param_validation.py", line 213, in wrapper
    return func(*args, **kwargs)
  File "C:\Users\ugrys\AppData\Roaming\Python\Python310\site-packages\sklearn\metrics\_ranking.py", line 634, in roc_auc_score
    return _multiclass_roc_auc_score(
  File "C:\Users\ugrys\AppData\Roaming\Python\Python310\site-packages\sklearn\metrics\_ranking.py", line 751, in _multiclass_roc_auc_score
    raise ValueError(
ValueError: Number of classes in y_true not equal to the number of columns in 'y_score'

  warnings.warn(

2026-04-20 20:40:49,174:WARNING:C:\Users\ugrys\AppData\Roaming\Python\Python310\site-packages\pycaret\internal\metrics.py:204: FitFailedWarning: Metric 'make_scorer(roc_auc_score, response_method=('decision_function', 'predict_proba'), average=weighted, multi_class=ovr)' failed and error score 0.0 has been returned instead. If this is a custom metric, this usually means that the error is in the metric code. Full exception below:
Traceback (most recent call last):
  File "C:\Users\ugrys\AppData\Roaming\Python\Python310\site-packages\pycaret\internal\metrics.py", line 196, in _score
    return super()._score(
  File "C:\Users\ugrys\AppData\Roaming\Python\Python310\site-packages\sklearn\metrics\_scorer.py", line 350, in _score
    return self._sign * self._score_func(y_true, y_pred, **scoring_kwargs)
  File "C:\Users\ugrys\AppData\Roaming\Python\Python310\site-packages\pycaret\internal\metrics.py", line 144, in __call__
    return self.score_func(y_true, y_pred, **kwargs)
  File "C:\Users\ugrys\AppData\Roaming\Python\Python310\site-packages\sklearn\utils\_param_validation.py", line 213, in wrapper
    return func(*args, **kwargs)
  File "C:\Users\ugrys\AppData\Roaming\Python\Python310\site-packages\sklearn\metrics\_ranking.py", line 634, in roc_auc_score
    return _multiclass_roc_auc_score(
  File "C:\Users\ugrys\AppData\Roaming\Python\Python310\site-packages\sklearn\metrics\_ranking.py", line 751, in _multiclass_roc_auc_score
    raise ValueError(
ValueError: Number of classes in y_true not equal to the number of columns in 'y_score'

  warnings.warn(

2026-04-20 20:40:49,174:WARNING:C:\Users\ugrys\AppData\Roaming\Python\Python310\site-packages\pycaret\internal\metrics.py:204: FitFailedWarning: Metric 'make_scorer(roc_auc_score, response_method=('decision_function', 'predict_proba'), average=weighted, multi_class=ovr)' failed and error score 0.0 has been returned instead. If this is a custom metric, this usually means that the error is in the metric code. Full exception below:
Traceback (most recent call last):
  File "C:\Users\ugrys\AppData\Roaming\Python\Python310\site-packages\pycaret\internal\metrics.py", line 196, in _score
    return super()._score(
  File "C:\Users\ugrys\AppData\Roaming\Python\Python310\site-packages\sklearn\metrics\_scorer.py", line 350, in _score
    return self._sign * self._score_func(y_true, y_pred, **scoring_kwargs)
  File "C:\Users\ugrys\AppData\Roaming\Python\Python310\site-packages\pycaret\internal\metrics.py", line 144, in __call__
    return self.score_func(y_true, y_pred, **kwargs)
  File "C:\Users\ugrys\AppData\Roaming\Python\Python310\site-packages\sklearn\utils\_param_validation.py", line 213, in wrapper
    return func(*args, **kwargs)
  File "C:\Users\ugrys\AppData\Roaming\Python\Python310\site-packages\sklearn\metrics\_ranking.py", line 634, in roc_auc_score
    return _multiclass_roc_auc_score(
  File "C:\Users\ugrys\AppData\Roaming\Python\Python310\site-packages\sklearn\metrics\_ranking.py", line 751, in _multiclass_roc_auc_score
    raise ValueError(
ValueError: Number of classes in y_true not equal to the number of columns in 'y_score'

  warnings.warn(

2026-04-20 20:40:49,175:WARNING:C:\Users\ugrys\AppData\Roaming\Python\Python310\site-packages\pycaret\internal\metrics.py:204: FitFailedWarning: Metric 'make_scorer(roc_auc_score, response_method=('decision_function', 'predict_proba'), average=weighted, multi_class=ovr)' failed and error score 0.0 has been returned instead. If this is a custom metric, this usually means that the error is in the metric code. Full exception below:
Traceback (most recent call last):
  File "C:\Users\ugrys\AppData\Roaming\Python\Python310\site-packages\pycaret\internal\metrics.py", line 196, in _score
    return super()._score(
  File "C:\Users\ugrys\AppData\Roaming\Python\Python310\site-packages\sklearn\metrics\_scorer.py", line 350, in _score
    return self._sign * self._score_func(y_true, y_pred, **scoring_kwargs)
  File "C:\Users\ugrys\AppData\Roaming\Python\Python310\site-packages\pycaret\internal\metrics.py", line 144, in __call__
    return self.score_func(y_true, y_pred, **kwargs)
  File "C:\Users\ugrys\AppData\Roaming\Python\Python310\site-packages\sklearn\utils\_param_validation.py", line 213, in wrapper
    return func(*args, **kwargs)
  File "C:\Users\ugrys\AppData\Roaming\Python\Python310\site-packages\sklearn\metrics\_ranking.py", line 634, in roc_auc_score
    return _multiclass_roc_auc_score(
  File "C:\Users\ugrys\AppData\Roaming\Python\Python310\site-packages\sklearn\metrics\_ranking.py", line 751, in _multiclass_roc_auc_score
    raise ValueError(
ValueError: Number of classes in y_true not equal to the number of columns in 'y_score'

  warnings.warn(

2026-04-20 20:40:49,176:WARNING:C:\Users\ugrys\AppData\Roaming\Python\Python310\site-packages\pycaret\internal\metrics.py:204: FitFailedWarning: Metric 'make_scorer(roc_auc_score, response_method=('decision_function', 'predict_proba'), average=weighted, multi_class=ovr)' failed and error score 0.0 has been returned instead. If this is a custom metric, this usually means that the error is in the metric code. Full exception below:
Traceback (most recent call last):
  File "C:\Users\ugrys\AppData\Roaming\Python\Python310\site-packages\pycaret\internal\metrics.py", line 196, in _score
    return super()._score(
  File "C:\Users\ugrys\AppData\Roaming\Python\Python310\site-packages\sklearn\metrics\_scorer.py", line 350, in _score
    return self._sign * self._score_func(y_true, y_pred, **scoring_kwargs)
  File "C:\Users\ugrys\AppData\Roaming\Python\Python310\site-packages\pycaret\internal\metrics.py", line 144, in __call__
    return self.score_func(y_true, y_pred, **kwargs)
  File "C:\Users\ugrys\AppData\Roaming\Python\Python310\site-packages\sklearn\utils\_param_validation.py", line 213, in wrapper
    return func(*args, **kwargs)
  File "C:\Users\ugrys\AppData\Roaming\Python\Python310\site-packages\sklearn\metrics\_ranking.py", line 634, in roc_auc_score
    return _multiclass_roc_auc_score(
  File "C:\Users\ugrys\AppData\Roaming\Python\Python310\site-packages\sklearn\metrics\_ranking.py", line 751, in _multiclass_roc_auc_score
    raise ValueError(
ValueError: Number of classes in y_true not equal to the number of columns in 'y_score'

  warnings.warn(

2026-04-20 20:40:49,179:WARNING:C:\Users\ugrys\AppData\Roaming\Python\Python310\site-packages\sklearn\metrics\_classification.py:1561: UserWarning: Note that pos_label (set to 'Northern/Eastern Europe') is ignored when average != 'binary' (got 'weighted'). You may use labels=[pos_label] to specify a single positive class.
  warnings.warn(

2026-04-20 20:40:49,179:WARNING:C:\Users\ugrys\AppData\Roaming\Python\Python310\site-packages\sklearn\metrics\_classification.py:1561: UserWarning: Note that pos_label (set to 'Northern/Eastern Europe') is ignored when average != 'binary' (got 'weighted'). You may use labels=[pos_label] to specify a single positive class.
  warnings.warn(

2026-04-20 20:40:49,180:WARNING:C:\Users\ugrys\AppData\Roaming\Python\Python310\site-packages\sklearn\metrics\_classification.py:1561: UserWarning: Note that pos_label (set to 'Northern/Eastern Europe') is ignored when average != 'binary' (got 'weighted'). You may use labels=[pos_label] to specify a single positive class.
  warnings.warn(

2026-04-20 20:40:49,181:WARNING:C:\Users\ugrys\AppData\Roaming\Python\Python310\site-packages\sklearn\metrics\_classification.py:1509: UndefinedMetricWarning: Recall is ill-defined and being set to 0.0 in labels with no true samples. Use `zero_division` parameter to control this behavior.
  _warn_prf(average, modifier, f"{metric.capitalize()} is", len(result))

2026-04-20 20:40:49,181:WARNING:C:\Users\ugrys\AppData\Roaming\Python\Python310\site-packages\sklearn\metrics\_classification.py:1561: UserWarning: Note that pos_label (set to 'Northern/Eastern Europe') is ignored when average != 'binary' (got 'weighted'). You may use labels=[pos_label] to specify a single positive class.
  warnings.warn(

2026-04-20 20:40:49,183:WARNING:C:\Users\ugrys\AppData\Roaming\Python\Python310\site-packages\pycaret\internal\metrics.py:204: FitFailedWarning: Metric 'make_scorer(roc_auc_score, response_method=('decision_function', 'predict_proba'), average=weighted, multi_class=ovr)' failed and error score 0.0 has been returned instead. If this is a custom metric, this usually means that the error is in the metric code. Full exception below:
Traceback (most recent call last):
  File "C:\Users\ugrys\AppData\Roaming\Python\Python310\site-packages\pycaret\internal\metrics.py", line 196, in _score
    return super()._score(
  File "C:\Users\ugrys\AppData\Roaming\Python\Python310\site-packages\sklearn\metrics\_scorer.py", line 350, in _score
    return self._sign * self._score_func(y_true, y_pred, **scoring_kwargs)
  File "C:\Users\ugrys\AppData\Roaming\Python\Python310\site-packages\pycaret\internal\metrics.py", line 144, in __call__
    return self.score_func(y_true, y_pred, **kwargs)
  File "C:\Users\ugrys\AppData\Roaming\Python\Python310\site-packages\sklearn\utils\_param_validation.py", line 213, in wrapper
    return func(*args, **kwargs)
  File "C:\Users\ugrys\AppData\Roaming\Python\Python310\site-packages\sklearn\metrics\_ranking.py", line 634, in roc_auc_score
    return _multiclass_roc_auc_score(
  File "C:\Users\ugrys\AppData\Roaming\Python\Python310\site-packages\sklearn\metrics\_ranking.py", line 751, in _multiclass_roc_auc_score
    raise ValueError(
ValueError: Number of classes in y_true not equal to the number of columns in 'y_score'

  warnings.warn(

2026-04-20 20:40:49,184:WARNING:C:\Users\ugrys\AppData\Roaming\Python\Python310\site-packages\pycaret\internal\metrics.py:204: FitFailedWarning: Metric 'make_scorer(roc_auc_score, response_method=('decision_function', 'predict_proba'), average=weighted, multi_class=ovr)' failed and error score 0.0 has been returned instead. If this is a custom metric, this usually means that the error is in the metric code. Full exception below:
Traceback (most recent call last):
  File "C:\Users\ugrys\AppData\Roaming\Python\Python310\site-packages\pycaret\internal\metrics.py", line 196, in _score
    return super()._score(
  File "C:\Users\ugrys\AppData\Roaming\Python\Python310\site-packages\sklearn\metrics\_scorer.py", line 350, in _score
    return self._sign * self._score_func(y_true, y_pred, **scoring_kwargs)
  File "C:\Users\ugrys\AppData\Roaming\Python\Python310\site-packages\pycaret\internal\metrics.py", line 144, in __call__
    return self.score_func(y_true, y_pred, **kwargs)
  File "C:\Users\ugrys\AppData\Roaming\Python\Python310\site-packages\sklearn\utils\_param_validation.py", line 213, in wrapper
    return func(*args, **kwargs)
  File "C:\Users\ugrys\AppData\Roaming\Python\Python310\site-packages\sklearn\metrics\_ranking.py", line 634, in roc_auc_score
    return _multiclass_roc_auc_score(
  File "C:\Users\ugrys\AppData\Roaming\Python\Python310\site-packages\sklearn\metrics\_ranking.py", line 751, in _multiclass_roc_auc_score
    raise ValueError(
ValueError: Number of classes in y_true not equal to the number of columns in 'y_score'

  warnings.warn(

2026-04-20 20:40:49,184:WARNING:C:\Users\ugrys\AppData\Roaming\Python\Python310\site-packages\sklearn\metrics\_classification.py:1509: UndefinedMetricWarning: Recall is ill-defined and being set to 0.0 in labels with no true samples. Use `zero_division` parameter to control this behavior.
  _warn_prf(average, modifier, f"{metric.capitalize()} is", len(result))

2026-04-20 20:40:49,184:WARNING:C:\Users\ugrys\AppData\Roaming\Python\Python310\site-packages\sklearn\metrics\_classification.py:1509: UndefinedMetricWarning: Recall is ill-defined and being set to 0.0 in labels with no true samples. Use `zero_division` parameter to control this behavior.
  _warn_prf(average, modifier, f"{metric.capitalize()} is", len(result))

2026-04-20 20:40:49,185:WARNING:C:\Users\ugrys\AppData\Roaming\Python\Python310\site-packages\sklearn\metrics\_classification.py:1561: UserWarning: Note that pos_label (set to 'Northern/Eastern Europe') is ignored when average != 'binary' (got 'weighted'). You may use labels=[pos_label] to specify a single positive class.
  warnings.warn(

2026-04-20 20:40:49,186:WARNING:C:\Users\ugrys\AppData\Roaming\Python\Python310\site-packages\sklearn\metrics\_classification.py:1509: UndefinedMetricWarning: Recall is ill-defined and being set to 0.0 in labels with no true samples. Use `zero_division` parameter to control this behavior.
  _warn_prf(average, modifier, f"{metric.capitalize()} is", len(result))

2026-04-20 20:40:49,186:WARNING:C:\Users\ugrys\AppData\Roaming\Python\Python310\site-packages\sklearn\metrics\_classification.py:1509: UndefinedMetricWarning: Recall is ill-defined and being set to 0.0 in labels with no true samples. Use `zero_division` parameter to control this behavior.
  _warn_prf(average, modifier, f"{metric.capitalize()} is", len(result))

2026-04-20 20:40:49,187:WARNING:C:\Users\ugrys\AppData\Roaming\Python\Python310\site-packages\sklearn\metrics\_classification.py:1561: UserWarning: Note that pos_label (set to 'Northern/Eastern Europe') is ignored when average != 'binary' (got 'weighted'). You may use labels=[pos_label] to specify a single positive class.
  warnings.warn(

2026-04-20 20:40:49,187:WARNING:C:\Users\ugrys\AppData\Roaming\Python\Python310\site-packages\pycaret\internal\metrics.py:204: FitFailedWarning: Metric 'make_scorer(roc_auc_score, response_method=('decision_function', 'predict_proba'), average=weighted, multi_class=ovr)' failed and error score 0.0 has been returned instead. If this is a custom metric, this usually means that the error is in the metric code. Full exception below:
Traceback (most recent call last):
  File "C:\Users\ugrys\AppData\Roaming\Python\Python310\site-packages\pycaret\internal\metrics.py", line 196, in _score
    return super()._score(
  File "C:\Users\ugrys\AppData\Roaming\Python\Python310\site-packages\sklearn\metrics\_scorer.py", line 350, in _score
    return self._sign * self._score_func(y_true, y_pred, **scoring_kwargs)
  File "C:\Users\ugrys\AppData\Roaming\Python\Python310\site-packages\pycaret\internal\metrics.py", line 144, in __call__
    return self.score_func(y_true, y_pred, **kwargs)
  File "C:\Users\ugrys\AppData\Roaming\Python\Python310\site-packages\sklearn\utils\_param_validation.py", line 213, in wrapper
    return func(*args, **kwargs)
  File "C:\Users\ugrys\AppData\Roaming\Python\Python310\site-packages\sklearn\metrics\_ranking.py", line 634, in roc_auc_score
    return _multiclass_roc_auc_score(
  File "C:\Users\ugrys\AppData\Roaming\Python\Python310\site-packages\sklearn\metrics\_ranking.py", line 751, in _multiclass_roc_auc_score
    raise ValueError(
ValueError: Number of classes in y_true not equal to the number of columns in 'y_score'

  warnings.warn(

2026-04-20 20:40:49,188:WARNING:C:\Users\ugrys\AppData\Roaming\Python\Python310\site-packages\sklearn\metrics\_classification.py:1561: UserWarning: Note that pos_label (set to 'Northern/Eastern Europe') is ignored when average != 'binary' (got 'weighted'). You may use labels=[pos_label] to specify a single positive class.
  warnings.warn(

2026-04-20 20:40:49,189:WARNING:C:\Users\ugrys\AppData\Roaming\Python\Python310\site-packages\sklearn\metrics\_classification.py:1561: UserWarning: Note that pos_label (set to 'Northern/Eastern Europe') is ignored when average != 'binary' (got 'weighted'). You may use labels=[pos_label] to specify a single positive class.
  warnings.warn(

2026-04-20 20:40:49,191:WARNING:C:\Users\ugrys\AppData\Roaming\Python\Python310\site-packages\sklearn\metrics\_classification.py:1561: UserWarning: Note that pos_label (set to 'Northern/Eastern Europe') is ignored when average != 'binary' (got 'weighted'). You may use labels=[pos_label] to specify a single positive class.
  warnings.warn(

alize()} is", len(result))

2026-04-20 20:40:49,192:WARNING:C:\Users\ugrys\AppData\Roaming\Python\Python310\site-packages\sklearn\metrics\_classification.py:1561: UserWarning: Note that pos_label (set to 'Northern/Eastern Europe') is ignored when average != 'binary' (got 'weighted'). You may use labels=[pos_label] to specify a single positive class.
  warnings.warn(

2026-04-20 20:40:49,192:WARNING:C:\Users\ugrys\AppData\Roaming\Python\Python310\site-packages\sklearn\metrics\_classification.py:1561: UserWarning: Note that pos_label (set to 'Northern/Eastern Europe') is ignored when average != 'binary' (got 'weighted'). You may use labels=[pos_label] to specify a single positive class.
  warnings.warn(

2026-04-20 20:40:49,192:WARNING:C:\Users\ugrys\AppData\Roaming\Python\Python310\site-packages\sklearn\metrics\_classification.py:1561: UserWarning: Note that pos_label (set to 'Northern/Eastern Europe') is ignored when average != 'binary' (got 'weighted'). You may use labels=[pos_label] to specify a single positive class.
  warnings.warn(

2026-04-20 20:40:49,192:WARNING:C:\Users\ugrys\AppData\Roaming\Python\Python310\site-packages\sklearn\metrics\_classification.py:1509: UndefinedMetricWarning: Recall is ill-defined and being set to 0.0 in labels with no true samples. Use `zero_division` parameter to control this behavior.
  _warn_prf(average, modifier, f"{metric.capitalize()} is", len(result))

2026-04-20 20:40:49,193:WARNING:C:\Users\ugrys\AppData\Roaming\Python\Python310\site-packages\sklearn\metrics\_classification.py:1509: UndefinedMetricWarning: Recall is ill-defined and being set to 0.0 in labels with no true samples. Use `zero_division` parameter to control this behavior.
  _warn_prf(average, modifier, f"{metric.capitalize()} is", len(result))

2026-04-20 20:40:49,194:WARNING:C:\Users\ugrys\AppData\Roaming\Python\Python310\site-packages\sklearn\metrics\_classification.py:1509: UndefinedMetricWarning: Precision is ill-defined and being set to 0.0 in labels with no predicted samples. Use `zero_division` parameter to control this behavior.
  _warn_prf(average, modifier, f"{metric.capitalize()} is", len(result))

2026-04-20 20:40:49,194:WARNING:C:\Users\ugrys\AppData\Roaming\Python\Python310\site-packages\sklearn\metrics\_classification.py:1561: UserWarning: Note that pos_label (set to 'Northern/Eastern Europe') is ignored when average != 'binary' (got 'weighted'). You may use labels=[pos_label] to specify a single positive class.
  warnings.warn(

2026-04-20 20:40:49,194:WARNING:C:\Users\ugrys\AppData\Roaming\Python\Python310\site-packages\sklearn\metrics\_classification.py:1509: UndefinedMetricWarning: Precision is ill-defined and being set to 0.0 in labels with no predicted samples. Use `zero_division` parameter to control this behavior.
  _warn_prf(average, modifier, f"{metric.capitalize()} is", len(result))

2026-04-20 20:40:49,196:WARNING:C:\Users\ugrys\AppData\Roaming\Python\Python310\site-packages\sklearn\metrics\_classification.py:1509: UndefinedMetricWarning: Recall is ill-defined and being set to 0.0 in labels with no true samples. Use `zero_division` parameter to control this behavior.
  _warn_prf(average, modifier, f"{metric.capitalize()} is", len(result))

lt))

2026-04-20 20:40:49,196:WARNING:C:\Users\ugrys\AppData\Roaming\Python\Python310\site-packages\sklearn\metrics\_classification.py:1561: UserWarning: Note that pos_label (set to 'Northern/Eastern Europe') is ignored when average != 'binary' (got 'weighted'). You may use labels=[pos_label] to specify a single positive class.
  warnings.warn(

2026-04-20 20:40:49,197:WARNING:C:\Users\ugrys\AppData\Roaming\Python\Python310\site-packages\sklearn\metrics\_classification.py:1561: UserWarning: Note that pos_label (set to 'Northern/Eastern Europe') is ignored when average != 'binary' (got 'weighted'). You may use labels=[pos_label] to specify a single positive class.
  warnings.warn(

2026-04-20 20:40:49,197:WARNING:C:\Users\ugrys\AppData\Roaming\Python\Python310\site-packages\sklearn\metrics\_classification.py:1561: UserWarning: Note that pos_label (set to 'Northern/Eastern Europe') is ignored when average != 'binary' (got 'weighted'). You may use labels=[pos_label] to specify a single positive class.
  warnings.warn(

2026-04-20 20:40:49,198:WARNING:C:\Users\ugrys\AppData\Roaming\Python\Python310\site-packages\sklearn\metrics\_classification.py:1561: UserWarning: Note that pos_label (set to 'Northern/Eastern Europe') is ignored when average != 'binary' (got 'weighted'). You may use labels=[pos_label] to specify a single positive class.
  warnings.warn(

2026-04-20 20:40:49,198:WARNING:C:\Users\ugrys\AppData\Roaming\Python\Python310\site-packages\sklearn\metrics\_classification.py:1561: UserWarning: Note that pos_label (set to 'Northern/Eastern Europe') is ignored when average != 'binary' (got 'weighted'). You may use labels=[pos_label] to specify a single positive class.
  warnings.warn(

2026-04-20 20:40:49,198:WARNING:C:\Users\ugrys\AppData\Roaming\Python\Python310\site-packages\sklearn\metrics\_classification.py:1509: UndefinedMetricWarning: Precision is ill-defined and being set to 0.0 in labels with no predicted samples. Use `zero_division` parameter to control this behavior.
  _warn_prf(average, modifier, f"{metric.capitalize()} is", len(result))

2026-04-20 20:40:49,199:WARNING:C:\Users\ugrys\AppData\Roaming\Python\Python310\site-packages\sklearn\metrics\_classification.py:1561: UserWarning: Note that pos_label (set to 'Northern/Eastern Europe') is ignored when average != 'binary' (got 'weighted'). You may use labels=[pos_label] to specify a single positive class.
  warnings.warn(

2026-04-20 20:40:49,199:WARNING:C:\Users\ugrys\AppData\Roaming\Python\Python310\site-packages\sklearn\metrics\_classification.py:1561: UserWarning: Note that pos_label (set to 'Northern/Eastern Europe') is ignored when average != 'binary' (got 'weighted'). You may use labels=[pos_label] to specify a single positive class.
  warnings.warn(

2026-04-20 20:40:49,201:WARNING:C:\Users\ugrys\AppData\Roaming\Python\Python310\site-packages\sklearn\metrics\_classification.py:1561: UserWarning: Note that pos_label (set to 'Northern/Eastern Europe') is ignored when average != 'binary' (got 'weighted'). You may use labels=[pos_label] to specify a single positive class.
  warnings.warn(

2026-04-20 20:40:49,201:WARNING:C:\Users\ugrys\AppData\Roaming\Python\Python310\site-packages\sklearn\metrics\_classification.py:1561: UserWarning: Note that pos_label (set to 'Northern/Eastern Europe') is ignored when average != 'binary' (got 'weighted'). You may use labels=[pos_label] to specify a single positive class.
  warnings.warn(

2026-04-20 20:40:49,201:WARNING:C:\Users\ugrys\AppData\Roaming\Python\Python310\site-packages\sklearn\metrics\_classification.py:1509: UndefinedMetricWarning: F-score is ill-defined and being set to 0.0 in labels with no true nor predicted samples. Use `zero_division` parameter to control this behavior.
  _warn_prf(average, modifier, f"{metric.capitalize()} is", len(result))

2026-04-20 20:40:49,202:WARNING:C:\Users\ugrys\AppData\Roaming\Python\Python310\site-packages\sklearn\metrics\_classification.py:1561: UserWarning: Note that pos_label (set to 'Northern/Eastern Europe') is ignored when average != 'binary' (got 'weighted'). You may use labels=[pos_label] to specify a single positive class.
  warnings.warn(

2026-04-20 20:40:49,202:WARNING:C:\Users\ugrys\AppData\Roaming\Python\Python310\site-packages\sklearn\metrics\_classification.py:1509: UndefinedMetricWarning: F-score is ill-defined and being set to 0.0 in labels with no true nor predicted samples. Use `zero_division` parameter to control this behavior.
  _warn_prf(average, modifier, f"{metric.capitalize()} is", len(result))

2026-04-20 20:40:49,203:WARNING:C:\Users\ugrys\AppData\Roaming\Python\Python310\site-packages\sklearn\metrics\_classification.py:1509: UndefinedMetricWarning: Precision is ill-defined and being set to 0.0 in labels with no predicted samples. Use `zero_division` parameter to control this behavior.
  _warn_prf(average, modifier, f"{metric.capitalize()} is", len(result))

2026-04-20 20:40:49,204:WARNING:C:\Users\ugrys\AppData\Roaming\Python\Python310\site-packages\sklearn\metrics\_classification.py:1509: UndefinedMetricWarning: F-score is ill-defined and being set to 0.0 in labels with no true nor predicted samples. Use `zero_division` parameter to control this behavior.
  _warn_prf(average, modifier, f"{metric.capitalize()} is", len(result))

2026-04-20 20:40:49,205:WARNING:C:\Users\ugrys\AppData\Roaming\Python\Python310\site-packages\sklearn\metrics\_classification.py:1509: UndefinedMetricWarning: F-score is ill-defined and being set to 0.0 in labels with no true nor predicted samples. Use `zero_division` parameter to control this behavior.
  _warn_prf(average, modifier, f"{metric.capitalize()} is", len(result))

2026-04-20 20:40:49,205:WARNING:C:\Users\ugrys\AppData\Roaming\Python\Python310\site-packages\sklearn\metrics\_classification.py:1561: UserWarning: Note that pos_label (set to 'Northern/Eastern Europe') is ignored when average != 'binary' (got 'weighted'). You may use labels=[pos_label] to specify a single positive class.
  warnings.warn(

2026-04-20 20:40:49,206:WARNING:C:\Users\ugrys\AppData\Roaming\Python\Python310\site-packages\sklearn\metrics\_classification.py:1509: UndefinedMetricWarning: Precision is ill-defined and being set to 0.0 in labels with no predicted samples. Use `zero_division` parameter to control this behavior.
  _warn_prf(average, modifier, f"{metric.capitalize()} is", len(result))

2026-04-20 20:40:49,206:WARNING:C:\Users\ugrys\AppData\Roaming\Python\Python310\site-packages\sklearn\metrics\_classification.py:1509: UndefinedMetricWarning: F-score is ill-defined and being set to 0.0 in labels with no true nor predicted samples. Use `zero_division` parameter to control this behavior.
  _warn_prf(average, modifier, f"{metric.capitalize()} is", len(result))

2026-04-20 20:40:49,206:WARNING:C:\Users\ugrys\AppData\Roaming\Python\Python310\site-packages\sklearn\metrics\_classification.py:1509: UndefinedMetricWarning: Precision is ill-defined and being set to 0.0 in labels with no predicted samples. Use `zero_division` parameter to control this behavior.
  _warn_prf(average, modifier, f"{metric.capitalize()} is", len(result))

2026-04-20 20:40:49,206:WARNING:C:\Users\ugrys\AppData\Roaming\Python\Python310\site-packages\sklearn\metrics\_classification.py:1561: UserWarning: Note that pos_label (set to 'Northern/Eastern Europe') is ignored when average != 'binary' (got 'weighted'). You may use labels=[pos_label] to specify a single positive class.
  warnings.warn(

2026-04-20 20:40:49,208:WARNING:C:\Users\ugrys\AppData\Roaming\Python\Python310\site-packages\sklearn\metrics\_classification.py:1561: UserWarning: Note that pos_label (set to 'Northern/Eastern Europe') is ignored when average != 'binary' (got 'weighted'). You may use labels=[pos_label] to specify a single positive class.
  warnings.warn(

2026-04-20 20:40:49,210:WARNING:C:\Users\ugrys\AppData\Roaming\Python\Python310\site-packages\sklearn\metrics\_classification.py:1509: UndefinedMetricWarning: F-score is ill-defined and being set to 0.0 in labels with no true nor predicted samples. Use `zero_division` parameter to control this behavior.
  _warn_prf(average, modifier, f"{metric.capitalize()} is", len(result))

2026-04-20 20:40:49,211:WARNING:C:\Users\ugrys\AppData\Roaming\Python\Python310\site-packages\sklearn\metrics\_classification.py:1561: UserWarning: Note that pos_label (set to 'Northern/Eastern Europe') is ignored when average != 'binary' (got 'weighted'). You may use labels=[pos_label] to specify a single positive class.
  warnings.warn(

2026-04-20 20:40:49,211:WARNING:C:\Users\ugrys\AppData\Roaming\Python\Python310\site-packages\sklearn\metrics\_classification.py:1509: UndefinedMetricWarning: Precision is ill-defined and being set to 0.0 in labels with no predicted samples. Use `zero_division` parameter to control this behavior.
  _warn_prf(average, modifier, f"{metric.capitalize()} is", len(result))

2026-04-20 20:40:49,212:WARNING:C:\Users\ugrys\AppData\Roaming\Python\Python310\site-packages\sklearn\metrics\_classification.py:1561: UserWarning: Note that pos_label (set to 'Northern/Eastern Europe') is ignored when average != 'binary' (got 'weighted'). You may use labels=[pos_label] to specify a single positive class.
  warnings.warn(

2026-04-20 20:40:49,213:WARNING:C:\Users\ugrys\AppData\Roaming\Python\Python310\site-packages\sklearn\metrics\_classification.py:1561: UserWarning: Note that pos_label (set to 'Northern/Eastern Europe') is ignored when average != 'binary' (got 'weighted'). You may use labels=[pos_label] to specify a single positive class.
  warnings.warn(

2026-04-20 20:40:49,214:WARNING:C:\Users\ugrys\AppData\Roaming\Python\Python310\site-packages\sklearn\metrics\_classification.py:1509: UndefinedMetricWarning: F-score is ill-defined and being set to 0.0 in labels with no true nor predicted samples. Use `zero_division` parameter to control this behavior.
  _warn_prf(average, modifier, f"{metric.capitalize()} is", len(result))

2026-04-20 20:40:49,215:WARNING:C:\Users\ugrys\AppData\Roaming\Python\Python310\site-packages\sklearn\metrics\_classification.py:1509: UndefinedMetricWarning: F-score is ill-defined and being set to 0.0 in labels with no true nor predicted samples. Use `zero_division` parameter to control this behavior.
  _warn_prf(average, modifier, f"{metric.capitalize()} is", len(result))

2026-04-20 20:40:49,236:INFO:Calculating mean and std
2026-04-20 20:40:49,238:INFO:Creating metrics dataframe
2026-04-20 20:40:49,240:INFO:Uploading results into container
2026-04-20 20:40:49,241:INFO:Uploading model into container now
2026-04-20 20:40:49,241:INFO:_master_model_container: 4
2026-04-20 20:40:49,241:INFO:_display_container: 2
2026-04-20 20:40:49,241:INFO:KNeighborsClassifier(algorithm='auto', leaf_size=30, metric='minkowski',
                     metric_params=None, n_jobs=-1, n_neighbors=5, p=2,
                     weights='uniform')
2026-04-20 20:40:49,242:INFO:create_model() successfully completed......................................
2026-04-20 20:40:49,399:INFO:SubProcess create_model() end ==================================
2026-04-20 20:40:49,399:INFO:Creating metrics dataframe
2026-04-20 20:40:49,402:INFO:Initializing Naive Bayes
2026-04-20 20:40:49,402:INFO:Total runtime is 0.2188147266705831 minutes
2026-04-20 20:40:49,403:INFO:SubProcess create_model() called ==================================
2026-04-20 20:40:49,403:INFO:Initializing create_model()
2026-04-20 20:40:49,403:INFO:create_model(self=<pycaret.classification.oop.ClassificationExperiment object at 0x00000251221D3E80>, estimator=nb, fold=StratifiedKFold(n_splits=10, random_state=None, shuffle=False), round=4, cross_validation=True, predict=True, fit_kwargs={}, groups=None, refit=False, probability_threshold=None, experiment_custom_tags=None, verbose=False, system=False, add_to_model_list=True, metrics=None, display=<pycaret.internal.display.display.CommonDisplay object at 0x0000025122DF7F40>, model_only=True, return_train_score=False, error_score=0.0, kwargs={})
2026-04-20 20:40:49,403:INFO:Checking exceptions
2026-04-20 20:40:49,403:INFO:Importing libraries
2026-04-20 20:40:49,403:INFO:Copying training dataset
2026-04-20 20:40:49,411:INFO:Defining folds
2026-04-20 20:40:49,411:INFO:Declaring metric variables
2026-04-20 20:40:49,411:INFO:Importing untrained model
2026-04-20 20:40:49,412:INFO:Naive Bayes Imported successfully
2026-04-20 20:40:49,412:INFO:Starting cross validation
2026-04-20 20:40:49,413:INFO:Cross validating with StratifiedKFold(n_splits=10, random_state=None, shuffle=False), n_jobs=-1
2026-04-20 20:40:49,415:WARNING:C:\Users\ugrys\AppData\Roaming\Python\Python310\site-packages\sklearn\model_selection\_split.py:737: UserWarning: The least populated class in y has only 2 members, which is less than n_splits=10.
  warnings.warn(

2026-04-20 20:40:49,729:WARNING:C:\Users\ugrys\AppData\Roaming\Python\Python310\site-packages\pycaret\internal\metrics.py:204: FitFailedWarning: Metric 'make_scorer(roc_auc_score, response_method=('decision_function', 'predict_proba'), average=weighted, multi_class=ovr)' failed and error score 0.0 has been returned instead. If this is a custom metric, this usually means that the error is in the metric code. Full exception below:
Traceback (most recent call last):
  File "C:\Users\ugrys\AppData\Roaming\Python\Python310\site-packages\pycaret\internal\metrics.py", line 196, in _score
    return super()._score(
  File "C:\Users\ugrys\AppData\Roaming\Python\Python310\site-packages\sklearn\metrics\_scorer.py", line 350, in _score
    return self._sign * self._score_func(y_true, y_pred, **scoring_kwargs)
  File "C:\Users\ugrys\AppData\Roaming\Python\Python310\site-packages\pycaret\internal\metrics.py", line 144, in __call__
    return self.score_func(y_true, y_pred, **kwargs)
  File "C:\Users\ugrys\AppData\Roaming\Python\Python310\site-packages\sklearn\utils\_param_validation.py", line 213, in wrapper
    return func(*args, **kwargs)
  File "C:\Users\ugrys\AppData\Roaming\Python\Python310\site-packages\sklearn\metrics\_ranking.py", line 634, in roc_auc_score
    return _multiclass_roc_auc_score(
  File "C:\Users\ugrys\AppData\Roaming\Python\Python310\site-packages\sklearn\metrics\_ranking.py", line 751, in _multiclass_roc_auc_score
    raise ValueError(
ValueError: Number of classes in y_true not equal to the number of columns in 'y_score'

  warnings.warn(

2026-04-20 20:40:49,726:WARNING:C:\Users\ugrys\AppData\Roaming\Python\Python310\site-packages\pycaret\internal\metrics.py:204: FitFailedWarning: Metric 'make_scorer(roc_auc_score, response_method=('decision_function', 'predict_proba'), average=weighted, multi_class=ovr)' failed and error score 0.0 has been returned instead. If this is a custom metric, this usually means that the error is in the metric code. Full exception below:
Traceback (most recent call last):
  File "C:\Users\ugrys\AppData\Roaming\Python\Python310\site-packages\pycaret\internal\metrics.py", line 196, in _score
    return super()._score(
  File "C:\Users\ugrys\AppData\Roaming\Python\Python310\site-packages\sklearn\metrics\_scorer.py", line 350, in _score
    return self._sign * self._score_func(y_true, y_pred, **scoring_kwargs)
  File "C:\Users\ugrys\AppData\Roaming\Python\Python310\site-packages\pycaret\internal\metrics.py", line 144, in __call__
    return self.score_func(y_true, y_pred, **kwargs)
  File "C:\Users\ugrys\AppData\Roaming\Python\Python310\site-packages\sklearn\utils\_param_validation.py", line 213, in wrapper
    return func(*args, **kwargs)
  File "C:\Users\ugrys\AppData\Roaming\Python\Python310\site-packages\sklearn\metrics\_ranking.py", line 634, in roc_auc_score
    return _multiclass_roc_auc_score(
  File "C:\Users\ugrys\AppData\Roaming\Python\Python310\site-packages\sklearn\metrics\_ranking.py", line 751, in _multiclass_roc_auc_score
    raise ValueError(
ValueError: Number of classes in y_true not equal to the number of columns in 'y_score'

  warnings.warn(

2026-04-20 20:40:49,731:WARNING:C:\Users\ugrys\AppData\Roaming\Python\Python310\site-packages\sklearn\metrics\_classification.py:1561: UserWarning: Note that pos_label (set to 'Northern/Eastern Europe') is ignored when average != 'binary' (got 'weighted'). You may use labels=[pos_label] to specify a single positive class.
  warnings.warn(

2026-04-20 20:40:49,733:WARNING:C:\Users\ugrys\AppData\Roaming\Python\Python310\site-packages\pycaret\internal\metrics.py:204: FitFailedWarning: Metric 'make_scorer(roc_auc_score, response_method=('decision_function', 'predict_proba'), average=weighted, multi_class=ovr)' failed and error score 0.0 has been returned instead. If this is a custom metric, this usually means that the error is in the metric code. Full exception below:
Traceback (most recent call last):
  File "C:\Users\ugrys\AppData\Roaming\Python\Python310\site-packages\pycaret\internal\metrics.py", line 196, in _score
    return super()._score(
  File "C:\Users\ugrys\AppData\Roaming\Python\Python310\site-packages\sklearn\metrics\_scorer.py", line 350, in _score
    return self._sign * self._score_func(y_true, y_pred, **scoring_kwargs)
  File "C:\Users\ugrys\AppData\Roaming\Python\Python310\site-packages\pycaret\internal\metrics.py", line 144, in __call__
    return self.score_func(y_true, y_pred, **kwargs)
  File "C:\Users\ugrys\AppData\Roaming\Python\Python310\site-packages\sklearn\utils\_param_validation.py", line 213, in wrapper
    return func(*args, **kwargs)
  File "C:\Users\ugrys\AppData\Roaming\Python\Python310\site-packages\sklearn\metrics\_ranking.py", line 634, in roc_auc_score
    return _multiclass_roc_auc_score(
  File "C:\Users\ugrys\AppData\Roaming\Python\Python310\site-packages\sklearn\metrics\_ranking.py", line 751, in _multiclass_roc_auc_score
    raise ValueError(
ValueError: Number of classes in y_true not equal to the number of columns in 'y_score'

  warnings.warn(

2026-04-20 20:40:49,734:WARNING:C:\Users\ugrys\AppData\Roaming\Python\Python310\site-packages\sklearn\metrics\_classification.py:1561: UserWarning: Note that pos_label (set to 'Northern/Eastern Europe') is ignored when average != 'binary' (got 'weighted'). You may use labels=[pos_label] to specify a single positive class.
  warnings.warn(

2026-04-20 20:40:49,735:WARNING:C:\Users\ugrys\AppData\Roaming\Python\Python310\site-packages\sklearn\metrics\_classification.py:1509: UndefinedMetricWarning: Recall is ill-defined and being set to 0.0 in labels with no true samples. Use `zero_division` parameter to control this behavior.
  _warn_prf(average, modifier, f"{metric.capitalize()} is", len(result))

means that the error is in the metric code. Full exception below:
Traceback (most recent call last):
  File "C:\Users\ugrys\AppData\Roaming\Python\Python310\site-packages\pycaret\internal\metrics.py", line 196, in _score
    return super()._score(
  File "C:\Users\ugrys\AppData\Roaming\Python\Python310\site-packages\sklearn\metrics\_scorer.py", line 350, in _score
    return self._sign * self._score_func(y_true, y_pred, **scoring_kwargs)
  File "C:\Users\ugrys\AppData\Roaming\Python\Python310\site-packages\pycaret\internal\metrics.py", line 144, in __call__
    return self.score_func(y_true, y_pred, **kwargs)
  File "C:\Users\ugrys\AppData\Roaming\Python\Python310\site-packages\sklearn\utils\_param_validation.py", line 213, in wrapper
    return func(*args, **kwargs)
  File "C:\Users\ugrys\AppData\Roaming\Python\Python310\site-packages\sklearn\metrics\_ranking.py", line 634, in roc_auc_score
    return _multiclass_roc_auc_score(
  File "C:\Users\ugrys\AppData\Roaming\Python\Python310\site-packages\sklearn\metrics\_ranking.py", line 751, in _multiclass_roc_auc_score
    raise ValueError(
ValueError: Number of classes in y_true not equal to the number of columns in 'y_score'

  warnings.warn(

2026-04-20 20:40:49,736:WARNING:C:\Users\ugrys\AppData\Roaming\Python\Python310\site-packages\sklearn\metrics\_classification.py:1509: UndefinedMetricWarning: Recall is ill-defined and being set to 0.0 in labels with no true samples. Use `zero_division` parameter to control this behavior.
  _warn_prf(average, modifier, f"{metric.capitalize()} is", len(result))

2026-04-20 20:40:49,737:WARNING:C:\Users\ugrys\AppData\Roaming\Python\Python310\site-packages\sklearn\metrics\_classification.py:1561: UserWarning: Note that pos_label (set to 'Northern/Eastern Europe') is ignored when average != 'binary' (got 'weighted'). You may use labels=[pos_label] to specify a single positive class.
  warnings.warn(

2026-04-20 20:40:49,738:WARNING:C:\Users\ugrys\AppData\Roaming\Python\Python310\site-packages\sklearn\metrics\_classification.py:1561: UserWarning: Note that pos_label (set to 'Northern/Eastern Europe') is ignored when average != 'binary' (got 'weighted'). You may use labels=[pos_label] to specify a single positive class.
  warnings.warn(

2026-04-20 20:40:49,740:WARNING:C:\Users\ugrys\AppData\Roaming\Python\Python310\site-packages\pycaret\internal\metrics.py:204: FitFailedWarning: Metric 'make_scorer(roc_auc_score, response_method=('decision_function', 'predict_proba'), average=weighted, multi_class=ovr)' failed and error score 0.0 has been returned instead. If this is a custom metric, this usually means that the error is in the metric code. Full exception below:
Traceback (most recent call last):
  File "C:\Users\ugrys\AppData\Roaming\Python\Python310\site-packages\pycaret\internal\metrics.py", line 196, in _score
    return super()._score(
  File "C:\Users\ugrys\AppData\Roaming\Python\Python310\site-packages\sklearn\metrics\_scorer.py", line 350, in _score
    return self._sign * self._score_func(y_true, y_pred, **scoring_kwargs)
  File "C:\Users\ugrys\AppData\Roaming\Python\Python310\site-packages\pycaret\internal\metrics.py", line 144, in __call__
    return self.score_func(y_true, y_pred, **kwargs)
  File "C:\Users\ugrys\AppData\Roaming\Python\Python310\site-packages\sklearn\utils\_param_validation.py", line 213, in wrapper
    return func(*args, **kwargs)
  File "C:\Users\ugrys\AppData\Roaming\Python\Python310\site-packages\sklearn\metrics\_ranking.py", line 634, in roc_auc_score
    return _multiclass_roc_auc_score(
  File "C:\Users\ugrys\AppData\Roaming\Python\Python310\site-packages\sklearn\metrics\_ranking.py", line 751, in _multiclass_roc_auc_score
    raise ValueError(
ValueError: Number of classes in y_true not equal to the number of columns in 'y_score'

  warnings.warn(

2026-04-20 20:40:49,741:WARNING:C:\Users\ugrys\AppData\Roaming\Python\Python310\site-packages\sklearn\metrics\_classification.py:1561: UserWarning: Note that pos_label (set to 'Northern/Eastern Europe') is ignored when average != 'binary' (got 'weighted'). You may use labels=[pos_label] to specify a single positive class.
  warnings.warn(

2026-04-20 20:40:49,742:WARNING:C:\Users\ugrys\AppData\Roaming\Python\Python310\site-packages\sklearn\metrics\_classification.py:1561: UserWarning: Note that pos_label (set to 'Northern/Eastern Europe') is ignored when average != 'binary' (got 'weighted'). You may use labels=[pos_label] to specify a single positive class.
  warnings.warn(

2026-04-20 20:40:49,743:WARNING:C:\Users\ugrys\AppData\Roaming\Python\Python310\site-packages\sklearn\metrics\_classification.py:1561: UserWarning: Note that pos_label (set to 'Northern/Eastern Europe') is ignored when average != 'binary' (got 'weighted'). You may use labels=[pos_label] to specify a single positive class.
  warnings.warn(

2026-04-20 20:40:49,743:WARNING:C:\Users\ugrys\AppData\Roaming\Python\Python310\site-packages\pycaret\internal\metrics.py:204: FitFailedWarning: Metric 'make_scorer(roc_auc_score, response_method=('decision_function', 'predict_proba'), average=weighted, multi_class=ovr)' failed and error score 0.0 has been returned instead. If this is a custom metric, this usually means that the error is in the metric code. Full exception below:
Traceback (most recent call last):
  File "C:\Users\ugrys\AppData\Roaming\Python\Python310\site-packages\pycaret\internal\metrics.py", line 196, in _score
    return super()._score(
  File "C:\Users\ugrys\AppData\Roaming\Python\Python310\site-packages\sklearn\metrics\_scorer.py", line 350, in _score
    return self._sign * self._score_func(y_true, y_pred, **scoring_kwargs)
  File "C:\Users\ugrys\AppData\Roaming\Python\Python310\site-packages\pycaret\internal\metrics.py", line 144, in __call__
    return self.score_func(y_true, y_pred, **kwargs)
  File "C:\Users\ugrys\AppData\Roaming\Python\Python310\site-packages\sklearn\utils\_param_validation.py", line 213, in wrapper
    return func(*args, **kwargs)
  File "C:\Users\ugrys\AppData\Roaming\Python\Python310\site-packages\sklearn\metrics\_ranking.py", line 634, in roc_auc_score
    return _multiclass_roc_auc_score(
  File "C:\Users\ugrys\AppData\Roaming\Python\Python310\site-packages\sklearn\metrics\_ranking.py", line 751, in _multiclass_roc_auc_score
    raise ValueError(
ValueError: Number of classes in y_true not equal to the number of columns in 'y_score'

  warnings.warn(

2026-04-20 20:40:49,742:WARNING:C:\Users\ugrys\AppData\Roaming\Python\Python310\site-packages\sklearn\metrics\_classification.py:1561: UserWarning: Note that pos_label (set to 'Northern/Eastern Europe') is ignored when average != 'binary' (got 'weighted'). You may use labels=[pos_label] to specify a single positive class.
  warnings.warn(

2026-04-20 20:40:49,744:WARNING:C:\Users\ugrys\AppData\Roaming\Python\Python310\site-packages\sklearn\metrics\_classification.py:1509: UndefinedMetricWarning: Precision is ill-defined and being set to 0.0 in labels with no predicted samples. Use `zero_division` parameter to control this behavior.
  _warn_prf(average, modifier, f"{metric.capitalize()} is", len(result))

2026-04-20 20:40:49,744:WARNING:C:\Users\ugrys\AppData\Roaming\Python\Python310\site-packages\sklearn\metrics\_classification.py:1561: UserWarning: Note that pos_label (set to 'Northern/Eastern Europe') is ignored when average != 'binary' (got 'weighted'). You may use labels=[pos_label] to specify a single positive class.
  warnings.warn(

2026-04-20 20:40:49,745:WARNING:C:\Users\ugrys\AppData\Roaming\Python\Python310\site-packages\sklearn\metrics\_classification.py:1509: UndefinedMetricWarning: Recall is ill-defined and being set to 0.0 in labels with no true samples. Use `zero_division` parameter to control this behavior.
  _warn_prf(average, modifier, f"{metric.capitalize()} is", len(result))

2026-04-20 20:40:49,746:WARNING:C:\Users\ugrys\AppData\Roaming\Python\Python310\site-packages\sklearn\metrics\_classification.py:1509: UndefinedMetricWarning: Recall is ill-defined and being set to 0.0 in labels with no true samples. Use `zero_division` parameter to control this behavior.
  _warn_prf(average, modifier, f"{metric.capitalize()} is", len(result))

2026-04-20 20:40:49,747:WARNING:C:\Users\ugrys\AppData\Roaming\Python\Python310\site-packages\sklearn\metrics\_classification.py:1561: UserWarning: Note that pos_label (set to 'Northern/Eastern Europe') is ignored when average != 'binary' (got 'weighted'). You may use labels=[pos_label] to specify a single positive class.
  warnings.warn(

2026-04-20 20:40:49,747:WARNING:C:\Users\ugrys\AppData\Roaming\Python\Python310\site-packages\pycaret\internal\metrics.py:204: FitFailedWarning: Metric 'make_scorer(roc_auc_score, response_method=('decision_function', 'predict_proba'), average=weighted, multi_class=ovr)' failed and error score 0.0 has been returned instead. If this is a custom metric, this usually means that the error is in the metric code. Full exception below:
Traceback (most recent call last):
  File "C:\Users\ugrys\AppData\Roaming\Python\Python310\site-packages\pycaret\internal\metrics.py", line 196, in _score
    return super()._score(
  File "C:\Users\ugrys\AppData\Roaming\Python\Python310\site-packages\sklearn\metrics\_scorer.py", line 350, in _score
    return self._sign * self._score_func(y_true, y_pred, **scoring_kwargs)
  File "C:\Users\ugrys\AppData\Roaming\Python\Python310\site-packages\pycaret\internal\metrics.py", line 144, in __call__
    return self.score_func(y_true, y_pred, **kwargs)
  File "C:\Users\ugrys\AppData\Roaming\Python\Python310\site-packages\sklearn\utils\_param_validation.py", line 213, in wrapper
    return func(*args, **kwargs)
  File "C:\Users\ugrys\AppData\Roaming\Python\Python310\site-packages\sklearn\metrics\_ranking.py", line 634, in roc_auc_score
    return _multiclass_roc_auc_score(
  File "C:\Users\ugrys\AppData\Roaming\Python\Python310\site-packages\sklearn\metrics\_ranking.py", line 751, in _multiclass_roc_auc_score
    raise ValueError(
ValueError: Number of classes in y_true not equal to the number of columns in 'y_score'

  warnings.warn(

2026-04-20 20:40:49,747:WARNING:C:\Users\ugrys\AppData\Roaming\Python\Python310\site-packages\sklearn\metrics\_classification.py:1561: UserWarning: Note that pos_label (set to 'Northern/Eastern Europe') is ignored when average != 'binary' (got 'weighted'). You may use labels=[pos_label] to specify a single positive class.
  warnings.warn(

2026-04-20 20:40:49,748:WARNING:C:\Users\ugrys\AppData\Roaming\Python\Python310\site-packages\sklearn\metrics\_classification.py:1561: UserWarning: Note that pos_label (set to 'Northern/Eastern Europe') is ignored when average != 'binary' (got 'weighted'). You may use labels=[pos_label] to specify a single positive class.
  warnings.warn(

2026-04-20 20:40:49,749:WARNING:C:\Users\ugrys\AppData\Roaming\Python\Python310\site-packages\sklearn\metrics\_classification.py:1509: UndefinedMetricWarning: Precision is ill-defined and being set to 0.0 in labels with no predicted samples. Use `zero_division` parameter to control this behavior.
  _warn_prf(average, modifier, f"{metric.capitalize()} is", len(result))

2026-04-20 20:40:49,749:WARNING:C:\Users\ugrys\AppData\Roaming\Python\Python310\site-packages\sklearn\metrics\_classification.py:1561: UserWarning: Note that pos_label (set to 'Northern/Eastern Europe') is ignored when average != 'binary' (got 'weighted'). You may use labels=[pos_label] to specify a single positive class.
  warnings.warn(

2026-04-20 20:40:49,750:WARNING:C:\Users\ugrys\AppData\Roaming\Python\Python310\site-packages\sklearn\metrics\_classification.py:1561: UserWarning: Note that pos_label (set to 'Northern/Eastern Europe') is ignored when average != 'binary' (got 'weighted'). You may use labels=[pos_label] to specify a single positive class.
  warnings.warn(

2026-04-20 20:40:49,751:WARNING:C:\Users\ugrys\AppData\Roaming\Python\Python310\site-packages\sklearn\metrics\_classification.py:1561: UserWarning: Note that pos_label (set to 'Northern/Eastern Europe') is ignored when average != 'binary' (got 'weighted'). You may use labels=[pos_label] to specify a single positive class.
  warnings.warn(

2026-04-20 20:40:49,751:WARNING:C:\Users\ugrys\AppData\Roaming\Python\Python310\site-packages\sklearn\metrics\_classification.py:1509: UndefinedMetricWarning: Recall is ill-defined and being set to 0.0 in labels with no true samples. Use `zero_division` parameter to control this behavior.
  _warn_prf(average, modifier, f"{metric.capitalize()} is", len(result))

2026-04-20 20:40:49,751:WARNING:C:\Users\ugrys\AppData\Roaming\Python\Python310\site-packages\sklearn\metrics\_classification.py:1561: UserWarning: Note that pos_label (set to 'Northern/Eastern Europe') is ignored when average != 'binary' (got 'weighted'). You may use labels=[pos_label] to specify a single positive class.
  warnings.warn(

2026-04-20 20:40:49,752:WARNING:C:\Users\ugrys\AppData\Roaming\Python\Python310\site-packages\sklearn\metrics\_classification.py:1509: UndefinedMetricWarning: Precision is ill-defined and being set to 0.0 in labels with no predicted samples. Use `zero_division` parameter to control this behavior.
  _warn_prf(average, modifier, f"{metric.capitalize()} is", len(result))

2026-04-20 20:40:49,752:WARNING:C:\Users\ugrys\AppData\Roaming\Python\Python310\site-packages\sklearn\metrics\_classification.py:1561: UserWarning: Note that pos_label (set to 'Northern/Eastern Europe') is ignored when average != 'binary' (got 'weighted'). You may use labels=[pos_label] to specify a single positive class.
  warnings.warn(

2026-04-20 20:40:49,752:WARNING:C:\Users\ugrys\AppData\Roaming\Python\Python310\site-packages\sklearn\metrics\_classification.py:1509: UndefinedMetricWarning: Recall is ill-defined and being set to 0.0 in labels with no true samples. Use `zero_division` parameter to control this behavior.
  _warn_prf(average, modifier, f"{metric.capitalize()} is", len(result))

2026-04-20 20:40:49,754:WARNING:C:\Users\ugrys\AppData\Roaming\Python\Python310\site-packages\sklearn\metrics\_classification.py:1561: UserWarning: Note that pos_label (set to 'Northern/Eastern Europe') is ignored when average != 'binary' (got 'weighted'). You may use labels=[pos_label] to specify a single positive class.
  warnings.warn(

2026-04-20 20:40:49,754:WARNING:C:\Users\ugrys\AppData\Roaming\Python\Python310\site-packages\sklearn\metrics\_classification.py:1509: UndefinedMetricWarning: Precision is ill-defined and being set to 0.0 in labels with no predicted samples. Use `zero_division` parameter to control this behavior.
  _warn_prf(average, modifier, f"{metric.capitalize()} is", len(result))

2026-04-20 20:40:49,755:WARNING:C:\Users\ugrys\AppData\Roaming\Python\Python310\site-packages\sklearn\metrics\_classification.py:1509: UndefinedMetricWarning: F-score is ill-defined and being set to 0.0 in labels with no true nor predicted samples. Use `zero_division` parameter to control this behavior.
  _warn_prf(average, modifier, f"{metric.capitalize()} is", len(result))

2026-04-20 20:40:49,755:WARNING:C:\Users\ugrys\AppData\Roaming\Python\Python310\site-packages\sklearn\metrics\_classification.py:1509: UndefinedMetricWarning: Precision is ill-defined and being set to 0.0 in labels with no predicted samples. Use `zero_division` parameter to control this behavior.
  _warn_prf(average, modifier, f"{metric.capitalize()} is", len(result))

2026-04-20 20:40:49,755:WARNING:C:\Users\ugrys\AppData\Roaming\Python\Python310\site-packages\sklearn\metrics\_classification.py:1509: UndefinedMetricWarning: F-score is ill-defined and being set to 0.0 in labels with no true nor predicted samples. Use `zero_division` parameter to control this behavior.
  _warn_prf(average, modifier, f"{metric.capitalize()} is", len(result))

2026-04-20 20:40:49,757:WARNING:C:\Users\ugrys\AppData\Roaming\Python\Python310\site-packages\sklearn\metrics\_classification.py:1509: UndefinedMetricWarning: Precision is ill-defined and being set to 0.0 in labels with no predicted samples. Use `zero_division` parameter to control this behavior.
  _warn_prf(average, modifier, f"{metric.capitalize()} is", len(result))

2026-04-20 20:40:49,758:WARNING:C:\Users\ugrys\AppData\Roaming\Python\Python310\site-packages\sklearn\metrics\_classification.py:1509: UndefinedMetricWarning: Precision is ill-defined and being set to 0.0 in labels with no predicted samples. Use `zero_division` parameter to control this behavior.
  _warn_prf(average, modifier, f"{metric.capitalize()} is", len(result))

2026-04-20 20:40:49,758:WARNING:C:\Users\ugrys\AppData\Roaming\Python\Python310\site-packages\sklearn\metrics\_classification.py:1509: UndefinedMetricWarning: Recall is ill-defined and being set to 0.0 in labels with no true samples. Use `zero_division` parameter to control this behavior.
  _warn_prf(average, modifier, f"{metric.capitalize()} is", len(result))

2026-04-20 20:40:49,758:WARNING:C:\Users\ugrys\AppData\Roaming\Python\Python310\site-packages\sklearn\metrics\_classification.py:1561: UserWarning: Note that pos_label (set to 'Northern/Eastern Europe') is ignored when average != 'binary' (got 'weighted'). You may use labels=[pos_label] to specify a single positive class.
  warnings.warn(

2026-04-20 20:40:49,759:WARNING:C:\Users\ugrys\AppData\Roaming\Python\Python310\site-packages\sklearn\metrics\_classification.py:1561: UserWarning: Note that pos_label (set to 'Northern/Eastern Europe') is ignored when average != 'binary' (got 'weighted'). You may use labels=[pos_label] to specify a single positive class.
  warnings.warn(

2026-04-20 20:40:49,759:WARNING:C:\Users\ugrys\AppData\Roaming\Python\Python310\site-packages\sklearn\metrics\_classification.py:1561: UserWarning: Note that pos_label (set to 'Northern/Eastern Europe') is ignored when average != 'binary' (got 'weighted'). You may use labels=[pos_label] to specify a single positive class.
  warnings.warn(

2026-04-20 20:40:49,760:WARNING:C:\Users\ugrys\AppData\Roaming\Python\Python310\site-packages\sklearn\metrics\_classification.py:1561: UserWarning: Note that pos_label (set to 'Northern/Eastern Europe') is ignored when average != 'binary' (got 'weighted'). You may use labels=[pos_label] to specify a single positive class.
  warnings.warn(

2026-04-20 20:40:49,762:WARNING:C:\Users\ugrys\AppData\Roaming\Python\Python310\site-packages\sklearn\metrics\_classification.py:1561: UserWarning: Note that pos_label (set to 'Northern/Eastern Europe') is ignored when average != 'binary' (got 'weighted'). You may use labels=[pos_label] to specify a single positive class.
  warnings.warn(

2026-04-20 20:40:49,762:WARNING:C:\Users\ugrys\AppData\Roaming\Python\Python310\site-packages\sklearn\metrics\_classification.py:1509: UndefinedMetricWarning: Precision is ill-defined and being set to 0.0 in labels with no predicted samples. Use `zero_division` parameter to control this behavior.
  _warn_prf(average, modifier, f"{metric.capitalize()} is", len(result))

2026-04-20 20:40:49,763:WARNING:C:\Users\ugrys\AppData\Roaming\Python\Python310\site-packages\sklearn\metrics\_classification.py:1561: UserWarning: Note that pos_label (set to 'Northern/Eastern Europe') is ignored when average != 'binary' (got 'weighted'). You may use labels=[pos_label] to specify a single positive class.
  warnings.warn(

2026-04-20 20:40:49,763:WARNING:C:\Users\ugrys\AppData\Roaming\Python\Python310\site-packages\sklearn\metrics\_classification.py:1561: UserWarning: Note that pos_label (set to 'Northern/Eastern Europe') is ignored when average != 'binary' (got 'weighted'). You may use labels=[pos_label] to specify a single positive class.
  warnings.warn(

2026-04-20 20:40:49,760:WARNING:C:\Users\ugrys\AppData\Roaming\Python\Python310\site-packages\sklearn\metrics\_classification.py:1509: UndefinedMetricWarning: F-score is ill-defined and being set to 0.0 in labels with no true nor predicted samples. Use `zero_division` parameter to control this behavior.
  _warn_prf(average, modifier, f"{metric.capitalize()} is", len(result))

2026-04-20 20:40:49,765:WARNING:C:\Users\ugrys\AppData\Roaming\Python\Python310\site-packages\sklearn\metrics\_classification.py:1509: UndefinedMetricWarning: F-score is ill-defined and being set to 0.0 in labels with no true nor predicted samples. Use `zero_division` parameter to control this behavior.
  _warn_prf(average, modifier, f"{metric.capitalize()} is", len(result))

2026-04-20 20:40:49,766:WARNING:C:\Users\ugrys\AppData\Roaming\Python\Python310\site-packages\sklearn\metrics\_classification.py:1509: UndefinedMetricWarning: F-score is ill-defined and being set to 0.0 in labels with no true nor predicted samples. Use `zero_division` parameter to control this behavior.
  _warn_prf(average, modifier, f"{metric.capitalize()} is", len(result))

2026-04-20 20:40:49,766:WARNING:C:\Users\ugrys\AppData\Roaming\Python\Python310\site-packages\sklearn\metrics\_classification.py:1509: UndefinedMetricWarning: F-score is ill-defined and being set to 0.0 in labels with no true nor predicted samples. Use `zero_division` parameter to control this behavior.
  _warn_prf(average, modifier, f"{metric.capitalize()} is", len(result))

2026-04-20 20:40:49,767:WARNING:C:\Users\ugrys\AppData\Roaming\Python\Python310\site-packages\sklearn\metrics\_classification.py:1509: UndefinedMetricWarning: Precision is ill-defined and being set to 0.0 in labels with no predicted samples. Use `zero_division` parameter to control this behavior.
  _warn_prf(average, modifier, f"{metric.capitalize()} is", len(result))

2026-04-20 20:40:49,767:WARNING:C:\Users\ugrys\AppData\Roaming\Python\Python310\site-packages\sklearn\metrics\_classification.py:1561: UserWarning: Note that pos_label (set to 'Northern/Eastern Europe') is ignored when average != 'binary' (got 'weighted'). You may use labels=[pos_label] to specify a single positive class.
  warnings.warn(

2026-04-20 20:40:49,769:WARNING:C:\Users\ugrys\AppData\Roaming\Python\Python310\site-packages\sklearn\metrics\_classification.py:1509: UndefinedMetricWarning: F-score is ill-defined and being set to 0.0 in labels with no true nor predicted samples. Use `zero_division` parameter to control this behavior.
  _warn_prf(average, modifier, f"{metric.capitalize()} is", len(result))

2026-04-20 20:40:49,771:WARNING:C:\Users\ugrys\AppData\Roaming\Python\Python310\site-packages\sklearn\metrics\_classification.py:1561: UserWarning: Note that pos_label (set to 'Northern/Eastern Europe') is ignored when average != 'binary' (got 'weighted'). You may use labels=[pos_label] to specify a single positive class.
  warnings.warn(

2026-04-20 20:40:49,773:WARNING:C:\Users\ugrys\AppData\Roaming\Python\Python310\site-packages\sklearn\metrics\_classification.py:1561: UserWarning: Note that pos_label (set to 'Northern/Eastern Europe') is ignored when average != 'binary' (got 'weighted'). You may use labels=[pos_label] to specify a single positive class.
  warnings.warn(

2026-04-20 20:40:49,774:WARNING:C:\Users\ugrys\AppData\Roaming\Python\Python310\site-packages\sklearn\metrics\_classification.py:1509: UndefinedMetricWarning: F-score is ill-defined and being set to 0.0 in labels with no true nor predicted samples. Use `zero_division` parameter to control this behavior.
  _warn_prf(average, modifier, f"{metric.capitalize()} is", len(result))

2026-04-20 20:40:49,777:WARNING:C:\Users\ugrys\AppData\Roaming\Python\Python310\site-packages\sklearn\metrics\_classification.py:1561: UserWarning: Note that pos_label (set to 'Northern/Eastern Europe') is ignored when average != 'binary' (got 'weighted'). You may use labels=[pos_label] to specify a single positive class.
  warnings.warn(

2026-04-20 20:40:49,778:WARNING:C:\Users\ugrys\AppData\Roaming\Python\Python310\site-packages\sklearn\metrics\_classification.py:1509: UndefinedMetricWarning: Precision is ill-defined and being set to 0.0 in labels with no predicted samples. Use `zero_division` parameter to control this behavior.
  _warn_prf(average, modifier, f"{metric.capitalize()} is", len(result))

2026-04-20 20:40:49,779:WARNING:C:\Users\ugrys\AppData\Roaming\Python\Python310\site-packages\sklearn\metrics\_classification.py:1561: UserWarning: Note that pos_label (set to 'Northern/Eastern Europe') is ignored when average != 'binary' (got 'weighted'). You may use labels=[pos_label] to specify a single positive class.
  warnings.warn(

2026-04-20 20:40:49,796:INFO:Calculating mean and std
2026-04-20 20:40:49,798:INFO:Creating metrics dataframe
2026-04-20 20:40:49,799:INFO:Uploading results into container
2026-04-20 20:40:49,799:INFO:Uploading model into container now
2026-04-20 20:40:49,800:INFO:_master_model_container: 5
2026-04-20 20:40:49,800:INFO:_display_container: 2
2026-04-20 20:40:49,801:INFO:GaussianNB(priors=None, var_smoothing=1e-09)
2026-04-20 20:40:49,801:INFO:create_model() successfully completed......................................
2026-04-20 20:40:49,951:INFO:SubProcess create_model() end ==================================
2026-04-20 20:40:49,951:INFO:Creating metrics dataframe
2026-04-20 20:40:49,989:WARNING:C:\Users\ugrys\AppData\Roaming\Python\Python310\site-packages\pycaret\internal\pycaret_experiment\supervised_experiment.py:323: FutureWarning: Styler.applymap has been deprecated. Use Styler.map instead.
  master_display_.apply(

2026-04-20 20:40:49,991:INFO:Initializing create_model()
2026-04-20 20:40:49,991:INFO:create_model(self=<pycaret.classification.oop.ClassificationExperiment object at 0x00000251221D3E80>, estimator=LogisticRegression(C=1.0, class_weight=None, dual=False, fit_intercept=True,
                   intercept_scaling=1, l1_ratio=None, max_iter=1000,
                   multi_class='auto', n_jobs=None, penalty='l2',
                   random_state=42, solver='lbfgs', tol=0.0001, verbose=0,
                   warm_start=False), fold=StratifiedKFold(n_splits=10, random_state=None, shuffle=False), round=4, cross_validation=False, predict=False, fit_kwargs={}, groups=None, refit=True, probability_threshold=None, experiment_custom_tags=None, verbose=False, system=False, add_to_model_list=True, metrics=None, display=None, model_only=True, return_train_score=False, error_score=0.0, kwargs={})
2026-04-20 20:40:49,991:INFO:Checking exceptions
2026-04-20 20:40:49,992:INFO:Importing libraries
2026-04-20 20:40:49,992:INFO:Copying training dataset
2026-04-20 20:40:49,999:INFO:Defining folds
2026-04-20 20:40:49,999:INFO:Declaring metric variables
2026-04-20 20:40:49,999:INFO:Importing untrained model
2026-04-20 20:40:49,999:INFO:Declaring custom model
2026-04-20 20:40:50,000:INFO:Logistic Regression Imported successfully
2026-04-20 20:40:50,002:INFO:Cross validation set to False
2026-04-20 20:40:50,002:INFO:Fitting Model
2026-04-20 20:40:50,256:WARNING:C:\Users\ugrys\AppData\Roaming\Python\Python310\site-packages\sklearn\linear_model\_logistic.py:469: ConvergenceWarning: lbfgs failed to converge (status=1):
STOP: TOTAL NO. of ITERATIONS REACHED LIMIT.

Increase the number of iterations (max_iter) or scale the data as shown in:
    https://scikit-learn.org/stable/modules/preprocessing.html
Please also refer to the documentation for alternative solver options:
    https://scikit-learn.org/stable/modules/linear_model.html#logistic-regression
  n_iter_i = _check_optimize_result(

2026-04-20 20:40:50,257:INFO:LogisticRegression(C=1.0, class_weight=None, dual=False, fit_intercept=True,
                   intercept_scaling=1, l1_ratio=None, max_iter=1000,
                   multi_class='auto', n_jobs=None, penalty='l2',
                   random_state=42, solver='lbfgs', tol=0.0001, verbose=0,
                   warm_start=False)
2026-04-20 20:40:50,257:INFO:create_model() successfully completed......................................
2026-04-20 20:40:50,449:INFO:_master_model_container: 5
2026-04-20 20:40:50,449:INFO:_display_container: 2
2026-04-20 20:40:50,450:INFO:LogisticRegression(C=1.0, class_weight=None, dual=False, fit_intercept=True,
                   intercept_scaling=1, l1_ratio=None, max_iter=1000,
                   multi_class='auto', n_jobs=None, penalty='l2',
                   random_state=42, solver='lbfgs', tol=0.0001, verbose=0,
                   warm_start=False)
2026-04-20 20:40:50,450:INFO:compare_models() successfully completed......................................
[2026-04-20 20:40:50] [INFO    ] [train_module        ] En iyi model: LogisticRegression
2026-04-20 20:40:50,497:INFO:Initializing plot_model()
2026-04-20 20:40:50,497:INFO:plot_model(plot=confusion_matrix, fold=None, verbose=True, display=None, display_format=streamlit, estimator=LogisticRegression(C=1.0, class_weight=None, dual=False, fit_intercept=True,
                   intercept_scaling=1, l1_ratio=None, max_iter=1000,
                   multi_class='auto', n_jobs=None, penalty='l2',
                   random_state=42, solver='lbfgs', tol=0.0001, verbose=0,
                   warm_start=False), feature_name=None, fit_kwargs=None, groups=None, label=False, plot_kwargs=None, save=False, scale=1, self=<pycaret.classification.oop.ClassificationExperiment object at 0x00000251221D3E80>, system=True)
2026-04-20 20:40:50,497:INFO:Checking exceptions
2026-04-20 20:40:50,497:INFO:Soft dependency imported: streamlit: 1.32.0
2026-04-20 20:40:50,500:INFO:Preloading libraries
2026-04-20 20:40:50,501:INFO:Copying training dataset
2026-04-20 20:40:50,501:INFO:Plot type: confusion_matrix
2026-04-20 20:40:50,739:INFO:Fitting Model
2026-04-20 20:40:50,754:WARNING:C:\Users\ugrys\AppData\Roaming\Python\Python310\site-packages\sklearn\base.py:493: UserWarning: X does not have valid feature names, but LogisticRegression was fitted with feature names
  warnings.warn(

2026-04-20 20:40:50,754:INFO:Scoring test/hold-out set
2026-04-20 20:40:51,291:INFO:Visual Rendered Successfully
2026-04-20 20:40:51,446:INFO:plot_model() successfully completed......................................
2026-04-20 20:40:51,449:INFO:Initializing plot_model()
2026-04-20 20:40:51,449:INFO:plot_model(plot=feature, fold=None, verbose=True, display=None, display_format=streamlit, estimator=LogisticRegression(C=1.0, class_weight=None, dual=False, fit_intercept=True,
                   intercept_scaling=1, l1_ratio=None, max_iter=1000,
                   multi_class='auto', n_jobs=None, penalty='l2',
                   random_state=42, solver='lbfgs', tol=0.0001, verbose=0,
                   warm_start=False), feature_name=None, fit_kwargs=None, groups=None, label=False, plot_kwargs=None, save=False, scale=1, self=<pycaret.classification.oop.ClassificationExperiment object at 0x00000251221D3E80>, system=True)
2026-04-20 20:40:51,449:INFO:Checking exceptions
2026-04-20 20:40:51,451:INFO:Soft dependency imported: streamlit: 1.32.0
2026-04-20 20:40:51,458:INFO:Preloading libraries
2026-04-20 20:40:51,458:INFO:Copying training dataset
2026-04-20 20:40:51,458:INFO:Plot type: feature
2026-04-20 20:40:51,610:WARNING:C:\Users\ugrys\AppData\Roaming\Python\Python310\site-packages\pycaret\internal\pycaret_experiment\tabular_experiment.py:1867: UserWarning: Matplotlib is currently using agg, which is a non-GUI backend, so cannot show the figure.
  plt.show()

2026-04-20 20:40:51,610:INFO:Visual Rendered Successfully
2026-04-20 20:40:51,748:INFO:plot_model() successfully completed......................................
[2026-04-20 20:40:51] [INFO    ] [feature_module      ] EDA genel özet paneli render ediliyor.
[2026-04-20 20:40:51] [INFO    ] [feature_module      ] Korelasyon hesaplanıyor: 17 sayısal sütun
[2026-04-20 20:40:51] [INFO    ] [feature_module      ] Dağılım grafikleri: 17 sütun
[2026-04-20 20:40:52] [INFO    ] [feature_module      ] Kategorik grafikler: 4 sütun
[2026-04-20 20:40:52] [INFO    ] [app                 ] EDA sekmesi render tamamlandı.
[2026-04-20 20:42:18] [INFO    ] [data_module         ] Dosya yükleme başladı: countries.csv (22.0 KB)
[2026-04-20 20:42:18] [INFO    ] [data_module         ] Veri yüklendi: 188 satır × 21 sütun
2026-04-20 20:42:19,131:INFO:Initializing plot_model()
2026-04-20 20:42:19,131:INFO:plot_model(plot=confusion_matrix, fold=None, verbose=True, display=None, display_format=streamlit, estimator=LogisticRegression(max_iter=1000, random_state=42), feature_name=None, fit_kwargs=None, groups=None, label=False, plot_kwargs=None, save=False, scale=1, self=<pycaret.classification.oop.ClassificationExperiment object at 0x00000251221D3E80>, system=True)
2026-04-20 20:42:19,131:INFO:Checking exceptions
2026-04-20 20:42:19,131:INFO:Soft dependency imported: streamlit: 1.32.0
2026-04-20 20:42:19,134:INFO:Preloading libraries
2026-04-20 20:42:19,135:INFO:Copying training dataset
2026-04-20 20:42:19,135:INFO:Plot type: confusion_matrix
2026-04-20 20:42:19,384:INFO:Fitting Model
2026-04-20 20:42:19,385:WARNING:C:\Users\ugrys\AppData\Roaming\Python\Python310\site-packages\sklearn\base.py:493: UserWarning: X does not have valid feature names, but LogisticRegression was fitted with feature names
  warnings.warn(

2026-04-20 20:42:19,385:INFO:Scoring test/hold-out set
2026-04-20 20:42:20,000:INFO:Visual Rendered Successfully
2026-04-20 20:42:20,151:INFO:plot_model() successfully completed......................................
2026-04-20 20:42:20,153:INFO:Initializing plot_model()
2026-04-20 20:42:20,154:INFO:plot_model(plot=feature, fold=None, verbose=True, display=None, display_format=streamlit, estimator=LogisticRegression(max_iter=1000, random_state=42), feature_name=None, fit_kwargs=None, groups=None, label=False, plot_kwargs=None, save=False, scale=1, self=<pycaret.classification.oop.ClassificationExperiment object at 0x00000251221D3E80>, system=True)
2026-04-20 20:42:20,154:INFO:Checking exceptions
2026-04-20 20:42:20,154:INFO:Soft dependency imported: streamlit: 1.32.0
2026-04-20 20:42:20,158:INFO:Preloading libraries
2026-04-20 20:42:20,159:INFO:Copying training dataset
2026-04-20 20:42:20,159:INFO:Plot type: feature
2026-04-20 20:42:20,319:WARNING:C:\Users\ugrys\AppData\Roaming\Python\Python310\site-packages\pycaret\internal\pycaret_experiment\tabular_experiment.py:1867: UserWarning: Matplotlib is currently using agg, which is a non-GUI backend, so cannot show the figure.
  plt.show()

2026-04-20 20:42:20,319:INFO:Visual Rendered Successfully
2026-04-20 20:42:20,485:INFO:plot_model() successfully completed......................................
[2026-04-20 20:42:20] [INFO    ] [train_module        ] Model kaydediliyor: C:\Users\ugrys\Desktop\OutoLLM\automl_app\saved_models\my_automl_model_20260420_204220
2026-04-20 20:42:20,513:INFO:Initializing save_model()
2026-04-20 20:42:20,513:INFO:save_model(model=LogisticRegression(max_iter=1000, random_state=42), model_name=C:\Users\ugrys\Desktop\OutoLLM\automl_app\saved_models\my_automl_model_20260420_204220, prep_pipe_=Pipeline(memory=FastMemory(location=C:\Users\ugrys\AppData\Local\Temp\joblib),
         steps=[('label_encoding',
                 TransformerWrapperWithInverse(transformer=LabelEncoder())),
                ('numerical_imputer',
                 TransformerWrapper(include=['Population (millions)', 'HDI',
                                             'Cropland Footprint',
                                             'Grazing Footprint',
                                             'Forest Footprint',
                                             'Carbon Footprint',
                                             'Fish Footprint',
                                             'Total Ecological Foo...
                 TransformerWrapper(include=['Data Quality'],
                                    transformer=OneHotEncoder(cols=['Data '
                                                                    'Quality'],
                                                              handle_missing='return_nan',
                                                              use_cat_names=True))),
                ('rest_encoding',
                 TransformerWrapper(include=['Country', 'GDP per Capita'],
                                    transformer=TargetEncoder(cols=['Country',
                                                                    'GDP per '
                                                                    'Capita'],
                                                              handle_missing='return_nan'))),
                ('clean_column_names',
                 TransformerWrapper(transformer=CleanColumnNames()))]), verbose=True, use_case=MLUsecase.CLASSIFICATION, kwargs={})
2026-04-20 20:42:20,513:INFO:Adding model into prep_pipe
2026-04-20 20:42:20,549:INFO:C:\Users\ugrys\Desktop\OutoLLM\automl_app\saved_models\my_automl_model_20260420_204220.pkl saved in current working directory
2026-04-20 20:42:20,568:INFO:Pipeline(memory=Memory(location=None),
         steps=[('label_encoding',
                 TransformerWrapperWithInverse(transformer=LabelEncoder())),
                ('numerical_imputer',
                 TransformerWrapper(include=['Population (millions)', 'HDI',
                                             'Cropland Footprint',
                                             'Grazing Footprint',
                                             'Forest Footprint',
                                             'Carbon Footprint',
                                             'Fish Footprint',
                                             'Total Ecological Footprint',
                                             'Cropland', 'Grazing Land',
                                             'Forest...
                                                              handle_missing='return_nan',
                                                              use_cat_names=True))),
                ('rest_encoding',
                 TransformerWrapper(include=['Country', 'GDP per Capita'],
                                    transformer=TargetEncoder(cols=['Country',
                                                                    'GDP per '
                                                                    'Capita'],
                                                              handle_missing='return_nan'))),
                ('clean_column_names',
                 TransformerWrapper(transformer=CleanColumnNames())),
                ('trained_model',
                 LogisticRegression(max_iter=1000, random_state=42))])
2026-04-20 20:42:20,570:INFO:save_model() successfully completed......................................
[2026-04-20 20:42:20] [INFO    ] [train_module        ] Model kaydı tamamlandı: C:\Users\ugrys\Desktop\OutoLLM\automl_app\saved_models\my_automl_model_20260420_204220.pkl
[2026-04-20 20:42:20] [INFO    ] [feature_module      ] EDA genel özet paneli render ediliyor.
[2026-04-20 20:42:20] [INFO    ] [feature_module      ] Korelasyon hesaplanıyor: 17 sayısal sütun
[2026-04-20 20:42:20] [INFO    ] [feature_module      ] Dağılım grafikleri: 17 sütun
[2026-04-20 20:42:21] [INFO    ] [feature_module      ] Kategorik grafikler: 4 sütun
[2026-04-20 20:42:21] [INFO    ] [app                 ] EDA sekmesi render tamamlandı.
[2026-04-20 20:42:29] [INFO    ] [data_module         ] Dosya yükleme başladı: countries.csv (22.0 KB)
[2026-04-20 20:42:29] [INFO    ] [data_module         ] Veri yüklendi: 188 satır × 21 sütun
2026-04-20 20:42:29,806:INFO:Initializing plot_model()
2026-04-20 20:42:29,806:INFO:plot_model(plot=confusion_matrix, fold=None, verbose=True, display=None, display_format=streamlit, estimator=LogisticRegression(max_iter=1000, random_state=42), feature_name=None, fit_kwargs=None, groups=None, label=False, plot_kwargs=None, save=False, scale=1, self=<pycaret.classification.oop.ClassificationExperiment object at 0x00000251221D3E80>, system=True)
2026-04-20 20:42:29,807:INFO:Checking exceptions
2026-04-20 20:42:29,807:INFO:Soft dependency imported: streamlit: 1.32.0
2026-04-20 20:42:29,810:INFO:Preloading libraries
2026-04-20 20:42:29,810:INFO:Copying training dataset
2026-04-20 20:42:29,810:INFO:Plot type: confusion_matrix
2026-04-20 20:42:30,068:INFO:Fitting Model
2026-04-20 20:42:30,069:WARNING:C:\Users\ugrys\AppData\Roaming\Python\Python310\site-packages\sklearn\base.py:493: UserWarning: X does not have valid feature names, but LogisticRegression was fitted with feature names
  warnings.warn(

2026-04-20 20:42:30,069:INFO:Scoring test/hold-out set
2026-04-20 20:42:30,660:INFO:Visual Rendered Successfully
2026-04-20 20:42:30,825:INFO:plot_model() successfully completed......................................
2026-04-20 20:42:30,826:INFO:Initializing plot_model()
2026-04-20 20:42:30,826:INFO:plot_model(plot=feature, fold=None, verbose=True, display=None, display_format=streamlit, estimator=LogisticRegression(max_iter=1000, random_state=42), feature_name=None, fit_kwargs=None, groups=None, label=False, plot_kwargs=None, save=False, scale=1, self=<pycaret.classification.oop.ClassificationExperiment object at 0x00000251221D3E80>, system=True)
2026-04-20 20:42:30,826:INFO:Checking exceptions
2026-04-20 20:42:30,827:INFO:Soft dependency imported: streamlit: 1.32.0
2026-04-20 20:42:30,829:INFO:Preloading libraries
2026-04-20 20:42:30,829:INFO:Copying training dataset
2026-04-20 20:42:30,829:INFO:Plot type: feature
2026-04-20 20:42:30,973:WARNING:C:\Users\ugrys\AppData\Roaming\Python\Python310\site-packages\pycaret\internal\pycaret_experiment\tabular_experiment.py:1867: UserWarning: Matplotlib is currently using agg, which is a non-GUI backend, so cannot show the figure.
  plt.show()

2026-04-20 20:42:30,973:INFO:Visual Rendered Successfully
2026-04-20 20:42:31,121:INFO:plot_model() successfully completed......................................
[2026-04-20 20:42:31] [INFO    ] [feature_module      ] EDA genel özet paneli render ediliyor.
[2026-04-20 20:42:31] [INFO    ] [feature_module      ] Korelasyon hesaplanıyor: 17 sayısal sütun
[2026-04-20 20:42:31] [INFO    ] [feature_module      ] Dağılım grafikleri: 17 sütun
[2026-04-20 20:42:31] [INFO    ] [feature_module      ] Kategorik grafikler: 4 sütun
[2026-04-20 20:42:31] [INFO    ] [app                 ] EDA sekmesi render tamamlandı.
[2026-04-20 20:48:54] [INFO    ] [data_module         ] Dosya yükleme başladı: countries.csv (22.0 KB)
[2026-04-20 20:48:54] [INFO    ] [data_module         ] Veri yüklendi: 188 satır × 21 sütun
[2026-04-20 20:49:07] [INFO    ] [feature_module      ] EDA genel özet paneli render ediliyor.
[2026-04-20 20:49:07] [INFO    ] [feature_module      ] Korelasyon hesaplanıyor: 17 sayısal sütun
[2026-04-20 20:49:07] [INFO    ] [feature_module      ] Dağılım grafikleri: 17 sütun
[2026-04-20 20:49:07] [INFO    ] [feature_module      ] EDA genel özet paneli render ediliyor.
[2026-04-20 20:49:07] [INFO    ] [feature_module      ] Korelasyon hesaplanıyor: 17 sayısal sütun
[2026-04-20 20:49:07] [INFO    ] [feature_module      ] Dağılım grafikleri: 17 sütun
[2026-04-20 20:49:08] [INFO    ] [feature_module      ] Kategorik grafikler: 4 sütun
[2026-04-20 20:49:08] [INFO    ] [app                 ] EDA sekmesi render tamamlandı.
[2026-04-20 20:49:10] [INFO    ] [data_module         ] Temizlik uygulanıyor — çıkarılan sütunlar: ['Country', 'GDP per Capita']
[2026-04-20 20:49:10] [INFO    ] [data_module         ] Temizlik sonrası: 188 satır × 19 sütun
[2026-04-20 20:49:11] [INFO    ] [feature_module      ] EDA genel özet paneli render ediliyor.
[2026-04-20 20:49:11] [INFO    ] [feature_module      ] Korelasyon hesaplanıyor: 17 sayısal sütun
[2026-04-20 20:49:11] [INFO    ] [feature_module      ] Dağılım grafikleri: 17 sütun
[2026-04-20 20:49:11] [INFO    ] [feature_module      ] Kategorik grafikler: 2 sütun
[2026-04-20 20:49:11] [INFO    ] [app                 ] EDA sekmesi render tamamlandı.
[2026-04-20 20:49:25] [INFO    ] [feature_module      ] EDA genel özet paneli render ediliyor.
[2026-04-20 20:49:25] [INFO    ] [feature_module      ] Korelasyon hesaplanıyor: 17 sayısal sütun
[2026-04-20 20:49:25] [INFO    ] [feature_module      ] Dağılım grafikleri: 17 sütun
[2026-04-20 20:49:25] [INFO    ] [feature_module      ] Kategorik grafikler: 2 sütun
[2026-04-20 20:49:25] [INFO    ] [app                 ] EDA sekmesi render tamamlandı.
[2026-04-20 20:49:28] [INFO    ] [train_module        ] PyCaret setup başlıyor — görev: regression, hedef: Forest Land, mod: standard
2026-04-20 20:49:28,543:INFO:PyCaret RegressionExperiment
2026-04-20 20:49:28,547:INFO:Logging name: reg-default-name
2026-04-20 20:49:28,547:INFO:ML Usecase: MLUsecase.REGRESSION
2026-04-20 20:49:28,547:INFO:version 3.3.2
2026-04-20 20:49:28,547:INFO:Initializing setup()
2026-04-20 20:49:28,548:INFO:self.USI: ba24
2026-04-20 20:49:28,548:INFO:self._variable_keys: {'X_test', 'y_test', 'exp_name_log', 'gpu_param', 'logging_param', 'y', 'log_plots_param', 'idx', 'fold_generator', 'USI', 'seed', 'data', 'transform_target_param', '_available_plots', 'exp_id', 'fold_shuffle_param', 'X', 'gpu_n_jobs_param', 'fold_groups_param', '_ml_usecase', 'y_train', 'pipeline', 'target_param', 'n_jobs_param', 'html_param', 'X_train', 'memory'}
2026-04-20 20:49:28,548:INFO:Checking environment
2026-04-20 20:49:28,549:INFO:python_version: 3.10.6
2026-04-20 20:49:28,549:INFO:python_build: ('tags/v3.10.6:9c7b4bd', 'Aug  1 2022 21:53:49')
2026-04-20 20:49:28,549:INFO:machine: AMD64
2026-04-20 20:49:28,552:INFO:platform: Windows-10-10.0.26200-SP0
2026-04-20 20:49:28,552:INFO:Memory: svmem(total=34082693120, available=22002503680, percent=35.4, used=12080189440, free=22002503680)
2026-04-20 20:49:28,553:INFO:Physical Core: 8
2026-04-20 20:49:28,553:INFO:Logical Core: 12
2026-04-20 20:49:28,553:INFO:Checking libraries
2026-04-20 20:49:28,554:INFO:System:
2026-04-20 20:49:28,554:INFO:    python: 3.10.6 (tags/v3.10.6:9c7b4bd, Aug  1 2022, 21:53:49) [MSC v.1932 64 bit (AMD64)]
2026-04-20 20:49:28,556:INFO:executable: C:\Users\ugrys\AppData\Local\Programs\Python\Python310\python.exe
2026-04-20 20:49:28,556:INFO:   machine: Windows-10-10.0.26200-SP0
2026-04-20 20:49:28,556:INFO:PyCaret required dependencies:
2026-04-20 20:49:28,559:INFO:                 pip: 22.2.1
2026-04-20 20:49:28,559:INFO:          setuptools: 69.5.1
2026-04-20 20:49:28,560:INFO:             pycaret: 3.3.0
2026-04-20 20:49:28,560:INFO:             IPython: 8.39.0
2026-04-20 20:49:28,560:INFO:          ipywidgets: 8.1.8
2026-04-20 20:49:28,560:INFO:                tqdm: 4.67.3
2026-04-20 20:49:28,562:INFO:               numpy: 1.25.2
2026-04-20 20:49:28,562:INFO:              pandas: 2.1.4
2026-04-20 20:49:28,563:INFO:              jinja2: 3.1.6
2026-04-20 20:49:28,563:INFO:               scipy: 1.11.4
2026-04-20 20:49:28,563:INFO:              joblib: 1.3.2
2026-04-20 20:49:28,563:INFO:             sklearn: 1.4.2
2026-04-20 20:49:28,564:INFO:                pyod: 3.2.1
2026-04-20 20:49:28,564:INFO:            imblearn: 0.14.1
2026-04-20 20:49:28,565:INFO:   category_encoders: 2.7.0
2026-04-20 20:49:28,565:INFO:            lightgbm: 4.6.0
2026-04-20 20:49:28,565:INFO:               numba: 0.58.1
2026-04-20 20:49:28,565:INFO:            requests: 2.33.1
2026-04-20 20:49:28,565:INFO:          matplotlib: 3.7.5
2026-04-20 20:49:28,566:INFO:          scikitplot: 0.3.7
2026-04-20 20:49:28,566:INFO:         yellowbrick: 1.5
2026-04-20 20:49:28,566:INFO:              plotly: 6.7.0
2026-04-20 20:49:28,566:INFO:    plotly-resampler: Not installed
2026-04-20 20:49:28,566:INFO:             kaleido: 1.2.0
2026-04-20 20:49:28,566:INFO:           schemdraw: 0.15
2026-04-20 20:49:28,566:INFO:         statsmodels: 0.14.6
2026-04-20 20:49:28,566:INFO:              sktime: 0.40.1
2026-04-20 20:49:28,566:INFO:               tbats: 1.1.3
2026-04-20 20:49:28,566:INFO:            pmdarima: 2.0.4
2026-04-20 20:49:28,573:INFO:              psutil: 5.9.5
2026-04-20 20:49:28,573:INFO:          markupsafe: 2.1.5
2026-04-20 20:49:28,573:INFO:             pickle5: Not installed
2026-04-20 20:49:28,574:INFO:         cloudpickle: 3.1.2
2026-04-20 20:49:28,574:INFO:         deprecation: 2.1.0
2026-04-20 20:49:28,576:INFO:              xxhash: 3.6.0
2026-04-20 20:49:28,577:INFO:           wurlitzer: Not installed
2026-04-20 20:49:28,577:INFO:PyCaret optional dependencies:
2026-04-20 20:49:28,577:INFO:                shap: Not installed
2026-04-20 20:49:28,578:INFO:           interpret: Not installed
2026-04-20 20:49:28,579:INFO:                umap: Not installed
2026-04-20 20:49:28,580:INFO:     ydata_profiling: 4.6.4
2026-04-20 20:49:28,580:INFO:  explainerdashboard: Not installed
2026-04-20 20:49:28,580:INFO:             autoviz: Not installed
2026-04-20 20:49:28,580:INFO:           fairlearn: Not installed
2026-04-20 20:49:28,582:INFO:          deepchecks: Not installed
2026-04-20 20:49:28,583:INFO:             xgboost: 3.2.0
2026-04-20 20:49:28,583:INFO:            catboost: Not installed
2026-04-20 20:49:28,583:INFO:              kmodes: Not installed
2026-04-20 20:49:28,586:INFO:             mlxtend: Not installed
2026-04-20 20:49:28,588:INFO:       statsforecast: Not installed
2026-04-20 20:49:28,589:INFO:        tune_sklearn: Not installed
2026-04-20 20:49:28,590:INFO:                 ray: Not installed
2026-04-20 20:49:28,590:INFO:            hyperopt: Not installed
2026-04-20 20:49:28,591:INFO:              optuna: Not installed
2026-04-20 20:49:28,591:INFO:               skopt: Not installed
2026-04-20 20:49:28,592:INFO:              mlflow: Not installed
2026-04-20 20:49:28,592:INFO:              gradio: Not installed
2026-04-20 20:49:28,592:INFO:             fastapi: Not installed
2026-04-20 20:49:28,592:INFO:             uvicorn: 0.44.0
2026-04-20 20:49:28,592:INFO:              m2cgen: Not installed
2026-04-20 20:49:28,592:INFO:           evidently: Not installed
2026-04-20 20:49:28,592:INFO:               fugue: Not installed
2026-04-20 20:49:28,592:INFO:           streamlit: 1.32.0
2026-04-20 20:49:28,593:INFO:             prophet: Not installed
2026-04-20 20:49:28,595:INFO:None
2026-04-20 20:49:28,595:INFO:Set up data.
[2026-04-20 20:49:28] [ERROR   ] [app                 ] Eğitim pipeline hatası: 15 missing values found in the target column: Forest Land. To proceed, remove the respective rows from the data. 
Traceback (most recent call last):
  File "C:\Users\ugrys\Desktop\OutoLLM\automl_app\app.py", line 339, in <module>
    setup_obj, pc_module = run_setup(
  File "C:\Users\ugrys\Desktop\OutoLLM\automl_app\train_module.py", line 112, in run_setup
    setup_obj = pc_reg.setup(
  File "C:\Users\ugrys\AppData\Roaming\Python\Python310\site-packages\pycaret\regression\functional.py", line 593, in setup
    return exp.setup(
  File "C:\Users\ugrys\AppData\Roaming\Python\Python310\site-packages\pycaret\regression\oop.py", line 711, in setup
    self.data = self._prepare_dataset(data, target)
  File "C:\Users\ugrys\AppData\Roaming\Python\Python310\site-packages\pycaret\internal\preprocess\preprocessor.py", line 165, in _prepare_dataset
    raise ValueError(
ValueError: 15 missing values found in the target column: Forest Land. To proceed, remove the respective rows from the data. 
[2026-04-20 20:49:28] [INFO    ] [feature_module      ] EDA genel özet paneli render ediliyor.
[2026-04-20 20:49:28] [INFO    ] [feature_module      ] Korelasyon hesaplanıyor: 17 sayısal sütun
[2026-04-20 20:49:28] [INFO    ] [feature_module      ] Dağılım grafikleri: 17 sütun
[2026-04-20 20:49:28] [INFO    ] [feature_module      ] Kategorik grafikler: 2 sütun
[2026-04-20 20:49:29] [INFO    ] [app                 ] EDA sekmesi render tamamlandı.
